-- phpMyAdmin SQL Dump
-- version 4.8.0.1
-- https://www.phpmyadmin.net/
--
-- Host: 127.0.0.1
-- Generation Time: Apr 15, 2019 at 06:29 AM
-- Server version: 10.1.32-MariaDB
-- PHP Version: 5.6.36

SET SQL_MODE = "NO_AUTO_VALUE_ON_ZERO";
SET AUTOCOMMIT = 0;
START TRANSACTION;
SET time_zone = "+00:00";


/*!40101 SET @OLD_CHARACTER_SET_CLIENT=@@CHARACTER_SET_CLIENT */;
/*!40101 SET @OLD_CHARACTER_SET_RESULTS=@@CHARACTER_SET_RESULTS */;
/*!40101 SET @OLD_COLLATION_CONNECTION=@@COLLATION_CONNECTION */;
/*!40101 SET NAMES utf8mb4 */;

--
-- Database: `examcell`
--

-- --------------------------------------------------------

--
-- Table structure for table `academic_settings`
--

CREATE TABLE `academic_settings` (
  `settings_id` int(11) NOT NULL,
  `type` longtext CHARACTER SET utf8 COLLATE utf8_unicode_ci NOT NULL,
  `description` longtext CHARACTER SET utf8 COLLATE utf8_unicode_ci NOT NULL
) ENGINE=MyISAM DEFAULT CHARSET=latin1;

--
-- Dumping data for table `academic_settings`
--

INSERT INTO `academic_settings` (`settings_id`, `type`, `description`) VALUES
(1, 'limit_upload', ''),
(2, 'report_teacher', '1'),
(3, 'minium_mark', '61'),
(22, 'teacher_average', '1'),
(13, 'minium_average', '80'),
(23, 'max_mark', ''),
(24, 'allowed_marks', '1');

-- --------------------------------------------------------

--
-- Table structure for table `academic_syllabus`
--

CREATE TABLE `academic_syllabus` (
  `academic_syllabus_id` int(11) NOT NULL,
  `academic_syllabus_code` longtext COLLATE utf8_unicode_ci NOT NULL,
  `title` longtext COLLATE utf8_unicode_ci NOT NULL,
  `description` longtext COLLATE utf8_unicode_ci NOT NULL,
  `class_id` int(11) NOT NULL,
  `uploader_type` longtext COLLATE utf8_unicode_ci NOT NULL,
  `uploader_id` int(11) NOT NULL,
  `year` longtext COLLATE utf8_unicode_ci NOT NULL,
  `timestamp` longtext COLLATE utf8_unicode_ci NOT NULL,
  `file_name` longtext COLLATE utf8_unicode_ci NOT NULL,
  `subject_id` int(11) DEFAULT NULL
) ENGINE=InnoDB DEFAULT CHARSET=utf8 COLLATE=utf8_unicode_ci;

--
-- Dumping data for table `academic_syllabus`
--

INSERT INTO `academic_syllabus` (`academic_syllabus_id`, `academic_syllabus_code`, `title`, `description`, `class_id`, `uploader_type`, `uploader_id`, `year`, `timestamp`, `file_name`, `subject_id`) VALUES
(8, '9aa5b4b', 'xc', 'cxcx', 23, 'teacher', 27, '2016-2017', '1525250986', 'user.jpg', NULL),
(9, '86d742a', 'cc', 'cc', 23, 'teacher', 27, '2016-2017', '1525251009', 'GANESH.pptx', NULL),
(10, 'fb7186f', 'asas', 'ssd', 23, 'teacher', 27, '2016-2017', '1525251078', '05_ISA Action Plan -what should be there_.pdf', NULL);

-- --------------------------------------------------------

--
-- Table structure for table `admin`
--

CREATE TABLE `admin` (
  `admin_id` int(11) NOT NULL,
  `name` longtext COLLATE utf8_unicode_ci NOT NULL,
  `email` longtext COLLATE utf8_unicode_ci NOT NULL,
  `password` longtext COLLATE utf8_unicode_ci NOT NULL,
  `phone` longtext COLLATE utf8_unicode_ci NOT NULL,
  `address` longtext COLLATE utf8_unicode_ci NOT NULL,
  `owner_status` int(11) NOT NULL DEFAULT '0' COMMENT '1 owner, 0 not owner',
  `username` longtext COLLATE utf8_unicode_ci NOT NULL,
  `status` int(11) NOT NULL DEFAULT '1',
  `birthday` longtext COLLATE utf8_unicode_ci NOT NULL
) ENGINE=MyISAM DEFAULT CHARSET=utf8 COLLATE=utf8_unicode_ci;

--
-- Dumping data for table `admin`
--

INSERT INTO `admin` (`admin_id`, `name`, `email`, `password`, `phone`, `address`, `owner_status`, `username`, `status`, `birthday`) VALUES
(1, 'Jeeva', 'jeevaa19@gmail.com', 'd5f12e53a182c062b6bf30c1445153faff12269a', '9994985459', 'nagamalai pudukottai', 1, 'admin', 1, '19-12-1985'),
(45, 'VBC Director', 'jeevaa19@gmail.com', 'd5f12e53a182c062b6bf30c1445153faff12269a', '9994985459', 'nagamalai pudukottai', 1, 'vbcdirector', 1, '19-12-1985');

-- --------------------------------------------------------

--
-- Table structure for table `answers`
--

CREATE TABLE `answers` (
  `aid` int(11) NOT NULL,
  `qid` int(11) NOT NULL,
  `q_option` text NOT NULL,
  `uid` int(11) NOT NULL,
  `score_u` float NOT NULL DEFAULT '0',
  `rid` int(11) NOT NULL
) ENGINE=InnoDB DEFAULT CHARSET=utf8;

--
-- Dumping data for table `answers`
--

INSERT INTO `answers` (`aid`, `qid`, `q_option`, `uid`, `score_u`, `rid`) VALUES
(3405, 1, '2', 8, -0.5, 1),
(3406, 2, '2', 8, -0.5, 1),
(3407, 3, '2', 8, -0.5, 1),
(3408, 4, '2', 8, -0.5, 1),
(3409, 5, '2', 8, -0.5, 1),
(3410, 6, '2', 8, -0.5, 1),
(3411, 7, '2', 8, -0.5, 1),
(3412, 8, '2', 8, -0.5, 1),
(3413, 9, '2', 8, 1, 1),
(3414, 10, '2', 8, 1, 1),
(3415, 11, '2', 8, 1, 1),
(3416, 12, '2', 8, 1, 1),
(3417, 13, '2', 8, 1, 1),
(3418, 14, '2', 8, 1, 1),
(3419, 15, '2', 8, 1, 1),
(3420, 16, '2', 8, -0.5, 1),
(3421, 17, '2', 8, -0.5, 1),
(3422, 18, '2', 8, -0.5, 1),
(3423, 19, '2', 8, -0.5, 1),
(3424, 20, '2', 8, -0.5, 1),
(3425, 21, '2', 8, -0.5, 1),
(3426, 22, '2', 8, -0.5, 1),
(3427, 23, '2', 8, -0.5, 1),
(3428, 24, '2', 8, -0.5, 1),
(3429, 25, '2', 8, -0.5, 1),
(3430, 26, '2', 8, -0.5, 1),
(3431, 27, '2', 8, -0.5, 1),
(3432, 28, '2', 8, -0.5, 1),
(3433, 29, '2', 8, -0.5, 1),
(3434, 30, '2', 8, -0.5, 1),
(3435, 31, '2', 8, -0.5, 1),
(3436, 32, '2', 8, -0.5, 1),
(3437, 33, '2', 8, -0.5, 1),
(3438, 34, '2', 8, -0.5, 1),
(3439, 35, '2', 8, -0.5, 1),
(3440, 36, '2', 8, -0.5, 1),
(3441, 37, '2', 8, -0.5, 1),
(3442, 38, '2', 8, 1, 1),
(3443, 40, '2', 8, 1, 1),
(3444, 41, '2', 8, -0.5, 1),
(3445, 42, '2', 8, -0.5, 1),
(3446, 43, '2', 8, -0.5, 1),
(3447, 44, '2', 8, -0.5, 1),
(3448, 45, '2', 8, 1, 1),
(3449, 46, '2', 8, 1, 1),
(3450, 47, '2', 8, 1, 1),
(3451, 48, '2', 8, 1, 1),
(3452, 49, '2', 8, 1, 1),
(3453, 50, '2', 8, 1, 1),
(3454, 51, '2', 8, 1, 1),
(3455, 52, '2', 8, 1, 1),
(3456, 53, '2', 8, 1, 1),
(3457, 54, '2', 8, 1, 1),
(3458, 55, '2', 8, 1, 1),
(3459, 56, '2', 8, 1, 1),
(3460, 57, '2', 8, 1, 1),
(3461, 58, '2', 8, 1, 1),
(3462, 59, '2', 8, 1, 1),
(3463, 60, '4', 8, -0.5, 1),
(3464, 62, '2', 8, -0.5, 1),
(3465, 63, '2', 8, -0.5, 1),
(3466, 64, '2', 8, -0.5, 1),
(3467, 65, '2', 8, -0.5, 1),
(3468, 66, '3', 8, -0.5, 1),
(3469, 67, '3', 8, -0.5, 1),
(3470, 68, '2', 8, -0.5, 1),
(3486, 1, '2', 8, -0.5, 2),
(3487, 2, '2', 8, -0.5, 2),
(3488, 3, '2', 8, -0.5, 2),
(3489, 4, '2', 8, -0.5, 2),
(3490, 5, '2', 8, -0.5, 2),
(3535, 1, '2', 6, -0.5, 3),
(3536, 2, '2', 6, -0.5, 3),
(3537, 3, '2', 6, -0.5, 3),
(3538, 4, '2', 6, -0.5, 3),
(3539, 5, '2', 6, -0.5, 3),
(3540, 6, '2', 6, -0.5, 3),
(3541, 7, '2', 6, -0.5, 3),
(3542, 8, '2', 6, -0.5, 3),
(3570, 1, '1', 6, -0.5, 4),
(3571, 2, '3', 6, 1, 4),
(3572, 3, '2', 6, -0.5, 4),
(3573, 4, '2', 6, -0.5, 4),
(3574, 5, '2', 6, -0.5, 4),
(3575, 6, '2', 6, -0.5, 4),
(3601, 1, '2', 6, -0.5, 5),
(3602, 2, '2', 6, -0.5, 5),
(3603, 2, '3', 6, 1, 5),
(3604, 3, '2', 6, -0.5, 5),
(3605, 4, '2', 6, -0.5, 5),
(3606, 5, '2', 6, -0.5, 5),
(3613, 1, '2', 6, -0.5, 6),
(3653, 1, '2', 6, -0.5, 7),
(3654, 2, '2', 6, -0.5, 7),
(3655, 3, '2', 6, -0.5, 7),
(3656, 4, '2', 6, -0.5, 7),
(3657, 5, '2', 6, -0.5, 7),
(3658, 6, '2', 6, -0.5, 7),
(3660, 1, '2', 6, -0.5, 8),
(3663, 1, '1', 8, -0.5, 9),
(3666, 1, '1', 3, -0.5, 10),
(3673, 1, '1', 6, -0.5, 11),
(3674, 2, '1', 6, -0.5, 11),
(3675, 3, '1', 6, -0.5, 11),
(3682, 1, '3', 6, 1, 12),
(3683, 2, '3', 6, 1, 12),
(3684, 3, '3', 6, 1, 12),
(3700, 1, '1', 8, -0.5, 13),
(3701, 2, '2', 8, -0.5, 13),
(3702, 3, '4', 8, -0.5, 13),
(3703, 4, '2', 8, -0.5, 13),
(3704, 5, '4', 8, -0.5, 13),
(3714, 1, '1', 71, -0.5, 14),
(3715, 2, '3', 71, 1, 14),
(3716, 3, '3', 71, 1, 14),
(3745, 46, '1', 248, -0.5, 15),
(3746, 47, '3', 248, -0.5, 15),
(3747, 11, '3', 248, -0.5, 15),
(3748, 19, '2', 248, -0.5, 15),
(3749, 20, '2', 248, -0.5, 15),
(3750, 21, '3', 248, -0.5, 15),
(3820, 46, '2', 3, 1, 16),
(3821, 47, '3', 3, -0.5, 16),
(3822, 48, '3', 3, -0.5, 16),
(3823, 49, '3', 3, -0.5, 16),
(3824, 24, '2', 3, -0.5, 16),
(3834, 46, '2', 249, 1, 17),
(3835, 47, '2', 249, 1, 17),
(3836, 48, '3', 249, -0.5, 17),
(3881, 46, '2', 249, 1, 18),
(3882, 47, '3', 249, -0.5, 18),
(3883, 48, '2', 249, 1, 18),
(3884, 49, '3', 249, -0.5, 18),
(3885, 50, '3', 249, -0.5, 18),
(3886, 51, '3', 249, -0.5, 18),
(3887, 52, '1', 249, -0.5, 18),
(3888, 53, '4', 249, -0.5, 18),
(3915, 1, '3', 52, 1, 22),
(22350, 14, '4', 48, -0.5, 30),
(22352, 15, '2', 48, 1, 30),
(22354, 16, '4', 48, 1, 30),
(22356, 90, '4', 48, -0.5, 30),
(22358, 91, '4', 48, -0.5, 30),
(22360, 92, '2', 48, 1, 30),
(22362, 93, '1', 48, -0.5, 30),
(22364, 94, '2', 48, 1, 30),
(22366, 97, '2', 48, 1, 30),
(22368, 98, '1', 48, -0.5, 30),
(22370, 99, '2', 48, 1, 30),
(22372, 101, '2', 48, 1, 30),
(22374, 102, '2', 48, 1, 30),
(22375, 106, '2', 48, 1, 30),
(22376, 107, '2', 48, 1, 30),
(22377, 108, '2', 48, 1, 30),
(22378, 109, '1', 48, -0.5, 30),
(22379, 110, '2', 48, 1, 30),
(22380, 111, '3', 48, -0.5, 30),
(22381, 112, '1', 48, -0.5, 30),
(22382, 113, '3', 48, 1, 30),
(22383, 114, '1', 48, -0.5, 30),
(22384, 115, '3', 48, 1, 30),
(22385, 116, '3', 48, 1, 30),
(22386, 117, '2', 48, -0.5, 30),
(22655, 90, '2', 72, 1, 31),
(22656, 91, '4', 72, -0.5, 31),
(22657, 92, '2', 72, 1, 31),
(22658, 93, '1', 72, -0.5, 31),
(22659, 94, '2', 72, 1, 31),
(22660, 95, '4', 72, -0.5, 31),
(22661, 96, '2', 72, 1, 31),
(22662, 97, '2', 72, 1, 31),
(22663, 98, '1', 72, -0.5, 31),
(22664, 99, '2', 72, 1, 31),
(22665, 101, '2', 72, 1, 31),
(22666, 102, '2', 72, 1, 31),
(22667, 105, '2', 72, 1, 31),
(22668, 106, '2', 72, 1, 31),
(22669, 107, '2', 72, 1, 31),
(22670, 108, '2', 72, 1, 31),
(22671, 110, '2', 72, 1, 31),
(22672, 111, '3', 72, -0.5, 31),
(22673, 112, '1', 72, -0.5, 31),
(22674, 113, '3', 72, 1, 31),
(22675, 115, '3', 72, 1, 31),
(22676, 117, '2', 72, -0.5, 31),
(22677, 119, '1', 72, -0.5, 31),
(34714, 1, '3', 52, 1, 24),
(34715, 2, '2', 52, -0.5, 24),
(34716, 5, '4', 52, -0.5, 24),
(34717, 6, '1', 52, 1, 24),
(34718, 9, '2', 52, 1, 24),
(34719, 10, '1', 52, -0.5, 24),
(34720, 11, '3', 52, -0.5, 24),
(34721, 12, '2', 52, 1, 24),
(34722, 14, '1', 52, -0.5, 24),
(34723, 15, '2', 52, 1, 24),
(34724, 16, '4', 52, 1, 24),
(34725, 18, '4', 52, 1, 24),
(34726, 20, '2', 52, -0.5, 24),
(34727, 21, '3', 52, -0.5, 24),
(35043, 1, '4', 50, -0.5, 33),
(35045, 90, '1', 50, -0.5, 33),
(35047, 176, '4', 50, -0.5, 33),
(35049, 177, '4', 50, -0.5, 33),
(35051, 178, '1', 50, 1, 33),
(35053, 179, '1', 50, 1, 33),
(35055, 180, '2', 50, -0.5, 33),
(44511, 175, '2', 50, -0.5, 38),
(44513, 176, '4', 50, -0.5, 38),
(44515, 177, '4', 50, -0.5, 38),
(44517, 178, '1', 50, 1, 38),
(44519, 179, '1', 50, 1, 38),
(44521, 180, '2', 50, -0.5, 38),
(60876, 90, '4', 48, -0.5, 35),
(60877, 91, '4', 48, -0.5, 35),
(60878, 92, '2', 48, 1, 35),
(60879, 93, '1', 48, -0.5, 35),
(60880, 94, '2', 48, 1, 35),
(60881, 97, '2', 48, 1, 35),
(60882, 98, '1', 48, -0.5, 35),
(60883, 99, '2', 48, 1, 35),
(60884, 101, '2', 48, 1, 35),
(60885, 102, '2', 48, 1, 35),
(60886, 105, '2', 48, 1, 35),
(60887, 106, '2', 48, 1, 35),
(60888, 107, '2', 48, 1, 35),
(60889, 108, '2', 48, 1, 35),
(60890, 109, '1', 48, -0.5, 35),
(60891, 110, '2', 48, 1, 35),
(60892, 111, '3', 48, -0.5, 35),
(60893, 112, '1', 48, -0.5, 35),
(60894, 113, '3', 48, 1, 35),
(60895, 114, '1', 48, -0.5, 35),
(60896, 115, '3', 48, 1, 35),
(60897, 116, '3', 48, 1, 35),
(60898, 117, '2', 48, -0.5, 35),
(60899, 118, '2', 48, -0.5, 35),
(60900, 122, '3', 48, 1, 35),
(60901, 123, '3', 48, 1, 35),
(60902, 124, '3', 48, 1, 35),
(60903, 125, '4', 48, -0.5, 35),
(60904, 127, '3', 48, 1, 35),
(60905, 128, '3', 48, 1, 35),
(60906, 129, '3', 48, 1, 35),
(60907, 130, '2', 48, -0.5, 35),
(60908, 131, '3', 48, 1, 35),
(60909, 134, '3', 48, 1, 35),
(60910, 135, '3', 48, 1, 35),
(60911, 138, '3', 48, 1, 35),
(60912, 139, '4', 48, 1, 35),
(60913, 140, '3', 48, -0.5, 35),
(60914, 142, '4', 48, 1, 35),
(60915, 143, '3', 48, -0.5, 35),
(60916, 144, '4', 48, 1, 35),
(60917, 147, '3', 48, -0.5, 35),
(60918, 148, '4', 48, 1, 35),
(60919, 152, '4', 48, 1, 35),
(60920, 155, '2', 48, -0.5, 35),
(60921, 157, '3', 48, -0.5, 35),
(60922, 160, '4', 48, 1, 35),
(67781, 90, '4', 72, -0.5, 36),
(67782, 91, '4', 72, -0.5, 36),
(67783, 92, '2', 72, 1, 36),
(67784, 93, '1', 72, -0.5, 36),
(67785, 94, '2', 72, 1, 36),
(67786, 97, '2', 72, 1, 36),
(67787, 99, '2', 72, 1, 36),
(67788, 102, '2', 72, 1, 36),
(67789, 104, '4', 72, -0.5, 36),
(67790, 105, '2', 72, 1, 36),
(67791, 106, '2', 72, 1, 36),
(67792, 107, '2', 72, 1, 36),
(67793, 108, '2', 72, 1, 36),
(67794, 110, '2', 72, 1, 36),
(67795, 111, '3', 72, -0.5, 36),
(67796, 112, '1', 72, -0.5, 36),
(67797, 113, '3', 72, 1, 36),
(67798, 115, '3', 72, 1, 36),
(67799, 116, '1', 72, -0.5, 36),
(67800, 117, '2', 72, -0.5, 36),
(67801, 118, '2', 72, -0.5, 36),
(67802, 121, '2', 72, -0.5, 36),
(67803, 122, '3', 72, 1, 36),
(67804, 123, '3', 72, 1, 36),
(67805, 125, '4', 72, -0.5, 36),
(67806, 128, '4', 72, -0.5, 36),
(67807, 129, '3', 72, 1, 36),
(67808, 130, '2', 72, -0.5, 36),
(67809, 132, '3', 72, 1, 36),
(67810, 133, '2', 72, -0.5, 36),
(67811, 135, '4', 72, -0.5, 36),
(67812, 136, '4', 72, -0.5, 36),
(67813, 139, '4', 72, 1, 36),
(67814, 140, '1', 72, -0.5, 36),
(67815, 142, '2', 72, -0.5, 36),
(67816, 143, '3', 72, -0.5, 36),
(67817, 144, '2', 72, -0.5, 36),
(67818, 146, '3', 72, -0.5, 36),
(67819, 148, '1', 72, -0.5, 36),
(67820, 149, '3', 72, -0.5, 36),
(67821, 150, '4', 72, 1, 36),
(67822, 152, '1', 72, -0.5, 36),
(67823, 155, '1', 72, -0.5, 36),
(67824, 156, '3', 72, -0.5, 36),
(67825, 157, '3', 72, -0.5, 36),
(67826, 161, '2', 72, -0.5, 36),
(67827, 164, '1', 72, 1, 36),
(67828, 165, '3', 72, -0.5, 36),
(67829, 166, '4', 72, -0.5, 36),
(67830, 167, '2', 72, -0.5, 36),
(67831, 168, '2', 72, -0.5, 36),
(67832, 170, '3', 72, -0.5, 36),
(67833, 171, '1', 72, 1, 36),
(67834, 177, '4', 72, -0.5, 36),
(67835, 179, '1', 72, 1, 36),
(122535, 1, '2', 49, -0.5, 32),
(122536, 2, '2', 49, -0.5, 32),
(122537, 3, '2', 49, -0.5, 32),
(122538, 4, '2', 49, -0.5, 32),
(122539, 5, '3', 49, 1, 32),
(122540, 6, '1', 49, 1, 32),
(122541, 7, '3', 49, -0.5, 32),
(122542, 8, '3', 49, -0.5, 32),
(122543, 9, '2', 49, 1, 32),
(122544, 10, '4', 49, -0.5, 32),
(122545, 11, '2', 49, 1, 32),
(122546, 12, '3', 49, -0.5, 32),
(122547, 13, '4', 49, -0.5, 32),
(122548, 14, '4', 49, -0.5, 32),
(122549, 15, '2', 49, 1, 32),
(122550, 16, '4', 49, 1, 32),
(122551, 17, '3', 49, -0.5, 32),
(122552, 18, '4', 49, 1, 32),
(122553, 19, '3', 49, -0.5, 32),
(122554, 20, '2', 49, -0.5, 32),
(122555, 21, '2', 49, -0.5, 32),
(122556, 22, '2', 49, -0.5, 32),
(122557, 23, '4', 49, 1, 32),
(122558, 24, '1', 49, -0.5, 32),
(122559, 25, '2', 49, -0.5, 32),
(122560, 26, '4', 49, -0.5, 32),
(122561, 27, '3', 49, 1, 32),
(122562, 28, '3', 49, 1, 32),
(122563, 29, '4', 49, -0.5, 32),
(122564, 30, '1', 49, -0.5, 32),
(122565, 31, '2', 49, -0.5, 32),
(122566, 32, '2', 49, -0.5, 32),
(122567, 33, '2', 49, -0.5, 32),
(122568, 34, '3', 49, -0.5, 32),
(122569, 35, '1', 49, 1, 32),
(122570, 36, '1', 49, 1, 32),
(122571, 37, '1', 49, 1, 32),
(122572, 38, '3', 49, -0.5, 32),
(122573, 39, '4', 49, -0.5, 32),
(122574, 40, '3', 49, -0.5, 32),
(122575, 41, '1', 49, -0.5, 32),
(122576, 42, '3', 49, -0.5, 32),
(122577, 43, '1', 49, 1, 32),
(122578, 44, '4', 49, -0.5, 32),
(122579, 45, '2', 49, 1, 32),
(122580, 46, '1', 49, -0.5, 32),
(122581, 47, '2', 49, 1, 32),
(122582, 48, '3', 49, -0.5, 32),
(122583, 49, '2', 49, 1, 32),
(122584, 50, '4', 49, -0.5, 32),
(122585, 51, '1', 49, -0.5, 32),
(122586, 52, '2', 49, 1, 32),
(122587, 53, '3', 49, -0.5, 32),
(122588, 54, '2', 49, 1, 32),
(122589, 55, '1', 49, -0.5, 32),
(122590, 56, '2', 49, 1, 32),
(122591, 57, '3', 49, -0.5, 32),
(122592, 58, '2', 49, 1, 32),
(122593, 59, '3', 49, -0.5, 32),
(122594, 60, '2', 49, 1, 32),
(122595, 61, '4', 49, -0.5, 32),
(122596, 62, '1', 49, 1, 32),
(122597, 63, '1', 49, 1, 32),
(122598, 64, '2', 49, -0.5, 32),
(122599, 65, '2', 49, -0.5, 32),
(122600, 66, '4', 49, -0.5, 32),
(122601, 67, '2', 49, -0.5, 32),
(122602, 70, '2', 49, -0.5, 32),
(122603, 71, '3', 49, -0.5, 32),
(122604, 73, '4', 49, 1, 32),
(122605, 76, '1', 49, -0.5, 32),
(122606, 77, '2', 49, -0.5, 32),
(122607, 78, '3', 49, 1, 32),
(122608, 79, '3', 49, 1, 32),
(122609, 82, '3', 49, 1, 32),
(122610, 83, '3', 49, 1, 32),
(122611, 84, '1', 49, -0.5, 32),
(122612, 88, '3', 49, 1, 32),
(122613, 90, '2', 49, 1, 32),
(122614, 91, '2', 49, 1, 32),
(122615, 92, '1', 49, -0.5, 32),
(122616, 93, '2', 49, 1, 32),
(122617, 94, '2', 49, 1, 32),
(122618, 97, '2', 49, 1, 32),
(122619, 98, '1', 49, -0.5, 32),
(122620, 99, '2', 49, 1, 32),
(122621, 100, '2', 49, 1, 32),
(122622, 101, '2', 49, 1, 32),
(122623, 102, '2', 49, 1, 32),
(122624, 103, '4', 49, -0.5, 32),
(122625, 104, '4', 49, -0.5, 32),
(122626, 105, '2', 49, 1, 32),
(122627, 106, '1', 49, -0.5, 32),
(122628, 107, '2', 49, 1, 32),
(122629, 108, '4', 49, -0.5, 32),
(122630, 109, '4', 49, -0.5, 32),
(122631, 110, '2', 49, 1, 32),
(122632, 111, '1', 49, -0.5, 32),
(122633, 112, '1', 49, -0.5, 32),
(122635, 113, '3', 49, 1, 32),
(122637, 114, '3', 49, 1, 32),
(122639, 115, '2', 49, -0.5, 32),
(122641, 116, '3', 49, 1, 32),
(122643, 117, '2', 49, -0.5, 32),
(122645, 118, '2', 49, -0.5, 32),
(122647, 119, '4', 49, -0.5, 32),
(122649, 121, '3', 49, 1, 32),
(122651, 122, '3', 49, 1, 32),
(122653, 124, '2', 49, -0.5, 32),
(122655, 125, '3', 49, 1, 32),
(122657, 126, '4', 49, -0.5, 32),
(122659, 127, '4', 49, -0.5, 32),
(122661, 129, '3', 49, 1, 32),
(122663, 130, '2', 49, -0.5, 32),
(122665, 132, '3', 49, 1, 32),
(122667, 133, '3', 49, 1, 32),
(122669, 134, '1', 49, -0.5, 32),
(122671, 135, '4', 49, -0.5, 32),
(122673, 136, '3', 49, 1, 32),
(122675, 137, '3', 49, 1, 32),
(122677, 138, '3', 49, 1, 32),
(122679, 139, '4', 49, 1, 32),
(122681, 140, '4', 49, 1, 32),
(122683, 141, '1', 49, -0.5, 32),
(122685, 142, '4', 49, 1, 32),
(122687, 144, '4', 49, 1, 32),
(122689, 145, '1', 49, -0.5, 32),
(122691, 147, '4', 49, 1, 32),
(122693, 148, '4', 49, 1, 32),
(122695, 150, '4', 49, 1, 32),
(122697, 151, '4', 49, 1, 32),
(122699, 152, '4', 49, 1, 32),
(122701, 153, '1', 49, -0.5, 32),
(122703, 154, '1', 49, -0.5, 32),
(122705, 155, '4', 49, 1, 32),
(122707, 156, '1', 49, -0.5, 32),
(122709, 157, '1', 49, -0.5, 32),
(122711, 158, '4', 49, 1, 32),
(122713, 160, '3', 49, -0.5, 32),
(122715, 161, '2', 49, -0.5, 32),
(122717, 162, '4', 49, 1, 32),
(122719, 163, '4', 49, 1, 32),
(122721, 164, '1', 49, 1, 32),
(122723, 165, '1', 49, 1, 32),
(122725, 166, '1', 49, 1, 32),
(122727, 168, '1', 49, 1, 32),
(122729, 170, '3', 49, -0.5, 32),
(122731, 171, '4', 49, -0.5, 32),
(122733, 172, '4', 49, -0.5, 32),
(122735, 175, '1', 49, 1, 32),
(122737, 177, '4', 49, -0.5, 32),
(122739, 178, '1', 49, 1, 32),
(122741, 179, '1', 49, 1, 32),
(122743, 180, '1', 49, 1, 32),
(125611, 47, '2', 50, 1, 43),
(125612, 87, '4', 50, -0.5, 43),
(125613, 88, '2', 50, -0.5, 43),
(125614, 90, '1', 50, -0.5, 43),
(125615, 91, '4', 50, -0.5, 43),
(125616, 92, '1', 50, -0.5, 43),
(125617, 93, '1', 50, -0.5, 43),
(125618, 94, '1', 50, -0.5, 43),
(125619, 96, '2', 50, 1, 43),
(125620, 97, '2', 50, 1, 43),
(125621, 98, '2', 50, 1, 43),
(125622, 99, '2', 50, 1, 43),
(125623, 101, '2', 50, 1, 43),
(125624, 102, '2', 50, 1, 43),
(125625, 106, '1', 50, -0.5, 43),
(125626, 108, '1', 50, -0.5, 43),
(125627, 110, '1', 50, -0.5, 43),
(125628, 111, '4', 50, -0.5, 43),
(125629, 112, '3', 50, -0.5, 43),
(125630, 113, '1', 50, -0.5, 43),
(125631, 114, '3', 50, 1, 43),
(125632, 115, '3', 50, 1, 43),
(125633, 117, '4', 50, -0.5, 43),
(125634, 118, '4', 50, -0.5, 43),
(125635, 119, '2', 50, -0.5, 43),
(125636, 122, '3', 50, 1, 43),
(125637, 124, '3', 50, 1, 43),
(125638, 125, '2', 50, -0.5, 43),
(125639, 127, '3', 50, 1, 43),
(125640, 128, '1', 50, -0.5, 43),
(125641, 132, '2', 50, -0.5, 43),
(125642, 133, '3', 50, 1, 43),
(125643, 136, '1', 50, -0.5, 43),
(125644, 137, '3', 50, 1, 43),
(125645, 138, '2', 50, -0.5, 43),
(125646, 139, '4', 50, 1, 43),
(125647, 140, '3', 50, -0.5, 43),
(125648, 141, '2', 50, -0.5, 43),
(125649, 142, '4', 50, 1, 43),
(125650, 143, '4', 50, 1, 43),
(125651, 144, '4', 50, 1, 43),
(135429, 1, '3', 92, 1, 34),
(135430, 2, '2', 92, -0.5, 34),
(135431, 6, '3', 92, -0.5, 34),
(135432, 9, '2', 92, 1, 34),
(135433, 10, '1', 92, -0.5, 34),
(135434, 11, '2', 92, 1, 34),
(135435, 13, '3', 92, -0.5, 34),
(135436, 14, '4', 92, -0.5, 34),
(135437, 16, '4', 92, 1, 34),
(135438, 17, '4', 92, 1, 34),
(135439, 30, '4', 92, -0.5, 34),
(135440, 31, '2', 92, -0.5, 34),
(135441, 32, '2', 92, -0.5, 34),
(135442, 33, '3', 92, -0.5, 34),
(135443, 35, '1', 92, 1, 34),
(135444, 36, '2', 92, -0.5, 34),
(135445, 37, '4', 92, -0.5, 34),
(135446, 40, '3', 92, -0.5, 34),
(135447, 42, '2', 92, -0.5, 34),
(135448, 43, '3', 92, -0.5, 34),
(135449, 44, '3', 92, -0.5, 34),
(135450, 46, '3', 92, -0.5, 34),
(135451, 47, '2', 92, 1, 34),
(135452, 48, '3', 92, -0.5, 34),
(135453, 50, '2', 92, 1, 34),
(135454, 51, '2', 92, 1, 34),
(135455, 54, '2', 92, 1, 34),
(135456, 56, '2', 92, 1, 34),
(135457, 58, '4', 92, -0.5, 34),
(135458, 60, '3', 92, -0.5, 34),
(135459, 62, '1', 92, 1, 34),
(135460, 63, '1', 92, 1, 34),
(135461, 65, '2', 92, -0.5, 34),
(135462, 67, '1', 92, 1, 34),
(135463, 69, '3', 92, -0.5, 34),
(135464, 72, '1', 92, -0.5, 34),
(135465, 73, '2', 92, -0.5, 34),
(135466, 75, '4', 92, 1, 34),
(135467, 76, '4', 92, 1, 34),
(135468, 78, '1', 92, -0.5, 34),
(135469, 80, '4', 92, -0.5, 34),
(135470, 81, '3', 92, 1, 34),
(135471, 82, '4', 92, -0.5, 34),
(135472, 83, '3', 92, 1, 34),
(135473, 84, '4', 92, -0.5, 34),
(135474, 85, '2', 92, -0.5, 34),
(135475, 86, '1', 92, -0.5, 34),
(135476, 87, '1', 92, -0.5, 34),
(135477, 88, '3', 92, 1, 34),
(135478, 90, '2', 92, 1, 34),
(135479, 91, '4', 92, -0.5, 34),
(135480, 92, '2', 92, 1, 34),
(135481, 93, '1', 92, -0.5, 34),
(135482, 94, '1', 92, -0.5, 34),
(135483, 95, '2', 92, 1, 34),
(135484, 97, '2', 92, 1, 34),
(135485, 98, '2', 92, 1, 34),
(135486, 99, '1', 92, -0.5, 34),
(135487, 100, '2', 92, 1, 34),
(135488, 101, '3', 92, -0.5, 34),
(135489, 102, '2', 92, 1, 34),
(135490, 103, '2', 92, 1, 34),
(135491, 105, '2', 92, 1, 34),
(135492, 106, '1', 92, -0.5, 34),
(135493, 107, '2', 92, 1, 34),
(135494, 108, '2', 92, 1, 34),
(135495, 109, '2', 92, 1, 34),
(135496, 110, '2', 92, 1, 34),
(135497, 111, '4', 92, -0.5, 34),
(135498, 112, '1', 92, -0.5, 34),
(135499, 113, '3', 92, 1, 34),
(135500, 114, '3', 92, 1, 34),
(135501, 115, '2', 92, -0.5, 34),
(135502, 116, '4', 92, -0.5, 34),
(135503, 117, '1', 92, -0.5, 34),
(135504, 118, '3', 92, 1, 34),
(135505, 119, '4', 92, -0.5, 34),
(135506, 120, '3', 92, 1, 34),
(135508, 121, '3', 92, 1, 34),
(135510, 122, '3', 92, 1, 34),
(135512, 124, '2', 92, -0.5, 34),
(135514, 127, '3', 92, 1, 34),
(135516, 128, '1', 92, -0.5, 34),
(135518, 129, '1', 92, -0.5, 34),
(135520, 130, '4', 92, -0.5, 34),
(135522, 131, '2', 92, -0.5, 34),
(135524, 132, '1', 92, -0.5, 34),
(135526, 133, '2', 92, -0.5, 34),
(135528, 135, '3', 92, 1, 34),
(135530, 136, '3', 92, 1, 34),
(135532, 137, '3', 92, 1, 34),
(135534, 138, '2', 92, -0.5, 34),
(135536, 139, '3', 92, -0.5, 34),
(135538, 140, '3', 92, -0.5, 34),
(135540, 142, '4', 92, 1, 34),
(135542, 143, '4', 92, 1, 34),
(135544, 144, '4', 92, 1, 34),
(135546, 145, '3', 92, -0.5, 34),
(135548, 147, '1', 92, -0.5, 34),
(135550, 148, '4', 92, 1, 34),
(135552, 150, '1', 92, -0.5, 34),
(135554, 152, '4', 92, 1, 34),
(135556, 154, '2', 92, -0.5, 34),
(135558, 155, '1', 92, -0.5, 34),
(135560, 156, '1', 92, -0.5, 34),
(135562, 157, '4', 92, -0.5, 34),
(135564, 160, '1', 92, -0.5, 34),
(135566, 164, '4', 92, -0.5, 34),
(135568, 166, '3', 92, -0.5, 34),
(135570, 168, '1', 92, 1, 34),
(135572, 170, '1', 92, 1, 34),
(135574, 172, '4', 92, -0.5, 34),
(135576, 174, '2', 92, -0.5, 34),
(135578, 175, '4', 92, -0.5, 34),
(135580, 176, '2', 92, -0.5, 34),
(135582, 177, '1', 92, 1, 34),
(135584, 179, '1', 92, 1, 34),
(135586, 180, '1', 92, 1, 34),
(185171, 1, '3', 47, 1, 20),
(185172, 2, '2', 47, -0.5, 20),
(185174, 3, '3', 47, 1, 20),
(185176, 4, '3', 47, 1, 20),
(185178, 5, '3', 47, 1, 20),
(185180, 7, '2', 47, -0.5, 20),
(185182, 8, '1', 47, 1, 20),
(185184, 9, '2', 47, 1, 20),
(185186, 10, '2', 47, 1, 20),
(185188, 11, '2', 47, 1, 20),
(185190, 12, '2', 47, 1, 20),
(185192, 13, '2', 47, 1, 20),
(185194, 14, '2', 47, 1, 20),
(185196, 15, '2', 47, 1, 20),
(185198, 16, '4', 47, 1, 20),
(185200, 17, '4', 47, 1, 20),
(185202, 18, '4', 47, 1, 20),
(185204, 19, '4', 47, 1, 20),
(185206, 20, '3', 47, -0.5, 20),
(185208, 21, '3', 47, -0.5, 20),
(185210, 22, '1', 47, -0.5, 20),
(185212, 23, '4', 47, 1, 20),
(185214, 24, '3', 47, 1, 20),
(185216, 25, '2', 47, -0.5, 20),
(185218, 26, '3', 47, 1, 20),
(185220, 27, '3', 47, 1, 20),
(185222, 28, '3', 47, 1, 20),
(185224, 29, '1', 47, -0.5, 20),
(185226, 30, '2', 47, -0.5, 20),
(185228, 31, '4', 47, -0.5, 20),
(185229, 32, '1', 47, 1, 20),
(185230, 33, '1', 47, 1, 20),
(185231, 34, '2', 47, -0.5, 20),
(185232, 35, '1', 47, 1, 20),
(185233, 36, '1', 47, 1, 20),
(185234, 37, '1', 47, 1, 20),
(185235, 38, '2', 47, 1, 20),
(185236, 39, '2', 47, 1, 20),
(185237, 40, '2', 47, 1, 20),
(185238, 41, '2', 47, -0.5, 20),
(185239, 42, '4', 47, 1, 20),
(185240, 43, '4', 47, -0.5, 20),
(185241, 44, '1', 47, 1, 20),
(185242, 45, '2', 47, 1, 20),
(185243, 46, '4', 47, -0.5, 20),
(185244, 47, '2', 47, 1, 20),
(185245, 48, '2', 47, 1, 20),
(185246, 49, '2', 47, 1, 20),
(185247, 50, '2', 47, 1, 20),
(185248, 51, '2', 47, 1, 20),
(185249, 52, '4', 47, -0.5, 20),
(185250, 53, '1', 47, -0.5, 20),
(185251, 54, '3', 47, -0.5, 20),
(185252, 55, '4', 47, -0.5, 20),
(185253, 56, '2', 47, 1, 20),
(185254, 58, '2', 47, 1, 20),
(185255, 60, '2', 47, 1, 20),
(185256, 61, '2', 47, -0.5, 20),
(185257, 62, '1', 47, 1, 20),
(185258, 63, '1', 47, 1, 20),
(185259, 64, '2', 47, -0.5, 20),
(185260, 65, '3', 47, -0.5, 20),
(185261, 66, '1', 47, 1, 20),
(185262, 67, '2', 47, -0.5, 20),
(185263, 68, '3', 47, -0.5, 20),
(185264, 69, '3', 47, -0.5, 20),
(185265, 70, '4', 47, 1, 20),
(185266, 72, '2', 47, -0.5, 20),
(185267, 73, '2', 47, -0.5, 20),
(185268, 74, '4', 47, 1, 20),
(185269, 75, '2', 47, -0.5, 20),
(185270, 76, '3', 47, -0.5, 20),
(185271, 77, '3', 47, 1, 20),
(185272, 78, '3', 47, 1, 20),
(185273, 79, '3', 47, 1, 20),
(185274, 80, '3', 47, 1, 20),
(185275, 81, '3', 47, 1, 20),
(185276, 82, '3', 47, 1, 20),
(185277, 83, '3', 47, 1, 20),
(185278, 84, '1', 47, -0.5, 20),
(185279, 85, '3', 47, 1, 20),
(185280, 86, '3', 47, 1, 20),
(185281, 87, '3', 47, 1, 20),
(185282, 88, '3', 47, 1, 20),
(185283, 182, '2', 47, 1, 20),
(185284, 90, '2', 47, 1, 20),
(185285, 91, '2', 47, 1, 20),
(185286, 92, '2', 47, 1, 20),
(185287, 93, '1', 47, -0.5, 20),
(185288, 94, '2', 47, 1, 20),
(185289, 95, '2', 47, 1, 20),
(185290, 96, '2', 47, 1, 20),
(185291, 97, '2', 47, 1, 20),
(185292, 98, '3', 47, -0.5, 20),
(185293, 99, '2', 47, 1, 20),
(185294, 100, '2', 47, 1, 20),
(185295, 101, '2', 47, 1, 20),
(185296, 102, '2', 47, 1, 20),
(185297, 104, '2', 47, 1, 20),
(185298, 105, '2', 47, 1, 20),
(185299, 106, '2', 47, 1, 20),
(185300, 107, '2', 47, 1, 20),
(185301, 108, '2', 47, 1, 20),
(185302, 109, '4', 47, -0.5, 20),
(185303, 110, '2', 47, 1, 20),
(185304, 111, '2', 47, 1, 20),
(185305, 112, '2', 47, 1, 20),
(185306, 113, '3', 47, 1, 20),
(185307, 114, '3', 47, 1, 20),
(185308, 115, '2', 47, -0.5, 20),
(185309, 116, '3', 47, 1, 20),
(185310, 117, '3', 47, 1, 20),
(185311, 118, '3', 47, 1, 20),
(185312, 119, '4', 47, -0.5, 20),
(185313, 120, '4', 47, -0.5, 20),
(185314, 121, '3', 47, 1, 20),
(185315, 122, '3', 47, 1, 20),
(185316, 123, '3', 47, 1, 20),
(185317, 124, '3', 47, 1, 20),
(185318, 125, '3', 47, 1, 20),
(185319, 127, '3', 47, 1, 20),
(185320, 129, '3', 47, 1, 20),
(185321, 130, '3', 47, 1, 20),
(185322, 131, '1', 47, -0.5, 20),
(185323, 132, '3', 47, 1, 20),
(185324, 133, '3', 47, 1, 20),
(185325, 134, '3', 47, 1, 20),
(185326, 135, '3', 47, 1, 20),
(185327, 136, '3', 47, 1, 20),
(185328, 137, '3', 47, 1, 20),
(185329, 138, '3', 47, 1, 20),
(185330, 139, '4', 47, 1, 20),
(185331, 140, '4', 47, 1, 20),
(185332, 141, '3', 47, -0.5, 20),
(185333, 142, '4', 47, 1, 20),
(185334, 143, '4', 47, 1, 20),
(185335, 144, '4', 47, 1, 20),
(185336, 145, '4', 47, 1, 20),
(185337, 146, '4', 47, 1, 20),
(185338, 147, '4', 47, 1, 20),
(185339, 148, '4', 47, 1, 20),
(185340, 149, '4', 47, 1, 20),
(185341, 150, '4', 47, 1, 20),
(185342, 151, '2', 47, -0.5, 20),
(185343, 152, '4', 47, 1, 20),
(185344, 153, '4', 47, 1, 20),
(185345, 154, '4', 47, 1, 20),
(185346, 156, '1', 47, -0.5, 20),
(185347, 157, '2', 47, 1, 20),
(185348, 158, '4', 47, 1, 20),
(185349, 160, '1', 47, -0.5, 20),
(185350, 161, '4', 47, 1, 20),
(185351, 162, '2', 47, -0.5, 20),
(185352, 163, '4', 47, 1, 20),
(185353, 164, '1', 47, 1, 20),
(185354, 165, '1', 47, 1, 20),
(185355, 166, '3', 47, -0.5, 20),
(185356, 167, '3', 47, -0.5, 20),
(185357, 168, '1', 47, 1, 20),
(185358, 169, '1', 47, 1, 20),
(185359, 170, '4', 47, -0.5, 20),
(185360, 171, '1', 47, 1, 20),
(185361, 172, '1', 47, 1, 20),
(185362, 174, '1', 47, 1, 20),
(185363, 175, '1', 47, 1, 20),
(185364, 176, '2', 47, -0.5, 20),
(185365, 177, '1', 47, 1, 20),
(185366, 178, '1', 47, 1, 20),
(185367, 179, '1', 47, 1, 20),
(185368, 180, '1', 47, 1, 20),
(185535, 1, '3', 47, 1, 21),
(185536, 2, '2', 47, -0.5, 21),
(185537, 3, '3', 47, 1, 21),
(185538, 4, '3', 47, 1, 21),
(185539, 5, '3', 47, 1, 21),
(185540, 7, '2', 47, -0.5, 21),
(185541, 8, '1', 47, 1, 21),
(185542, 9, '2', 47, 1, 21),
(185543, 10, '2', 47, 1, 21),
(185544, 11, '2', 47, 1, 21),
(185545, 12, '2', 47, 1, 21),
(185546, 13, '2', 47, 1, 21),
(185547, 14, '4', 47, -0.5, 21),
(185548, 15, '2', 47, 1, 21),
(185550, 16, '4', 47, 1, 21),
(185552, 17, '4', 47, 1, 21),
(185554, 18, '4', 47, 1, 21),
(185556, 19, '2', 47, -0.5, 21),
(185558, 20, '3', 47, -0.5, 21),
(185560, 21, '3', 47, -0.5, 21),
(185562, 22, '1', 47, -0.5, 21),
(185564, 23, '4', 47, 1, 21),
(185566, 24, '3', 47, 1, 21),
(185568, 25, '2', 47, -0.5, 21),
(185570, 26, '3', 47, 1, 21),
(185572, 27, '3', 47, 1, 21),
(185574, 28, '3', 47, 1, 21),
(185576, 29, '1', 47, -0.5, 21),
(185578, 30, '2', 47, -0.5, 21),
(185580, 31, '4', 47, -0.5, 21),
(185582, 32, '1', 47, 1, 21),
(185584, 33, '1', 47, 1, 21),
(185586, 34, '2', 47, -0.5, 21),
(185588, 35, '1', 47, 1, 21),
(185590, 36, '1', 47, 1, 21),
(185592, 37, '1', 47, 1, 21),
(185594, 38, '2', 47, 1, 21),
(185596, 40, '2', 47, 1, 21),
(185598, 41, '2', 47, -0.5, 21),
(185600, 42, '4', 47, 1, 21),
(185602, 43, '4', 47, -0.5, 21),
(185604, 44, '1', 47, 1, 21),
(185606, 45, '2', 47, 1, 21),
(185608, 46, '4', 47, -0.5, 21),
(185610, 47, '2', 47, 1, 21),
(185612, 48, '2', 47, 1, 21),
(185614, 49, '2', 47, 1, 21),
(185616, 50, '2', 47, 1, 21),
(185618, 51, '2', 47, 1, 21),
(185620, 52, '4', 47, -0.5, 21),
(185622, 53, '1', 47, -0.5, 21),
(185624, 54, '3', 47, -0.5, 21),
(185626, 55, '4', 47, -0.5, 21),
(185628, 56, '2', 47, 1, 21),
(185630, 57, '3', 47, -0.5, 21),
(185632, 58, '2', 47, 1, 21),
(185634, 60, '2', 47, 1, 21),
(185636, 61, '2', 47, -0.5, 21),
(185638, 62, '1', 47, 1, 21),
(185640, 63, '1', 47, 1, 21),
(185642, 64, '2', 47, -0.5, 21),
(185644, 65, '3', 47, -0.5, 21),
(185646, 66, '1', 47, 1, 21),
(185648, 67, '1', 47, 1, 21),
(185650, 68, '1', 47, 1, 21),
(185652, 69, '3', 47, -0.5, 21),
(185654, 70, '4', 47, 1, 21),
(185656, 71, '2', 47, -0.5, 21),
(185658, 72, '4', 47, 1, 21),
(185660, 73, '1', 47, -0.5, 21),
(185662, 74, '3', 47, -0.5, 21),
(185664, 75, '4', 47, 1, 21),
(185666, 76, '1', 47, -0.5, 21),
(185668, 77, '3', 47, 1, 21),
(185670, 78, '4', 47, -0.5, 21),
(185672, 79, '3', 47, 1, 21),
(185674, 80, '3', 47, 1, 21),
(185676, 81, '3', 47, 1, 21),
(185678, 82, '3', 47, 1, 21),
(185680, 83, '3', 47, 1, 21),
(185682, 84, '1', 47, -0.5, 21),
(185684, 85, '3', 47, 1, 21),
(185686, 86, '3', 47, 1, 21),
(185688, 87, '1', 47, -0.5, 21),
(185690, 88, '3', 47, 1, 21),
(185692, 182, '2', 47, 1, 21),
(185695, 90, '2', 47, 1, 21),
(185698, 91, '2', 47, 1, 21),
(185701, 92, '1', 47, -0.5, 21),
(185704, 93, '2', 47, 1, 21),
(185707, 94, '2', 47, 1, 21),
(185710, 95, '2', 47, 1, 21),
(185712, 96, '2', 47, 1, 21),
(185714, 97, '2', 47, 1, 21),
(185716, 98, '1', 47, -0.5, 21),
(185718, 99, '2', 47, 1, 21),
(185720, 100, '2', 47, 1, 21),
(185722, 101, '2', 47, 1, 21),
(185724, 102, '2', 47, 1, 21),
(185726, 104, '2', 47, 1, 21),
(185728, 105, '2', 47, 1, 21),
(185730, 106, '2', 47, 1, 21),
(185732, 107, '2', 47, 1, 21),
(185734, 108, '2', 47, 1, 21),
(185736, 110, '2', 47, 1, 21),
(185738, 111, '4', 47, -0.5, 21),
(185740, 112, '2', 47, 1, 21),
(185742, 113, '3', 47, 1, 21),
(185744, 114, '1', 47, -0.5, 21),
(185746, 115, '2', 47, -0.5, 21),
(185748, 116, '3', 47, 1, 21),
(185750, 117, '4', 47, -0.5, 21),
(185752, 118, '3', 47, 1, 21),
(185754, 119, '4', 47, -0.5, 21),
(185756, 120, '4', 47, -0.5, 21),
(185758, 121, '3', 47, 1, 21),
(185760, 122, '3', 47, 1, 21),
(185762, 124, '3', 47, 1, 21),
(185764, 125, '3', 47, 1, 21),
(185766, 126, '2', 47, -0.5, 21),
(185768, 127, '3', 47, 1, 21),
(185769, 129, '3', 47, 1, 21),
(185770, 130, '2', 47, -0.5, 21),
(185771, 131, '2', 47, -0.5, 21),
(185772, 132, '3', 47, 1, 21),
(185773, 133, '3', 47, 1, 21),
(185774, 134, '3', 47, 1, 21),
(185775, 135, '3', 47, 1, 21),
(185776, 136, '1', 47, -0.5, 21),
(185777, 137, '3', 47, 1, 21),
(185778, 138, '3', 47, 1, 21),
(185779, 139, '4', 47, 1, 21),
(185780, 140, '4', 47, 1, 21),
(185781, 141, '2', 47, -0.5, 21),
(185782, 142, '4', 47, 1, 21),
(185783, 143, '3', 47, -0.5, 21),
(185784, 144, '4', 47, 1, 21),
(185785, 146, '4', 47, 1, 21),
(185786, 147, '1', 47, -0.5, 21),
(185787, 148, '4', 47, 1, 21),
(185788, 149, '4', 47, 1, 21),
(185789, 150, '4', 47, 1, 21),
(185790, 151, '2', 47, -0.5, 21),
(185791, 152, '4', 47, 1, 21),
(185792, 153, '4', 47, 1, 21),
(185793, 154, '1', 47, -0.5, 21),
(185794, 155, '4', 47, 1, 21),
(185795, 156, '4', 47, 1, 21),
(185796, 157, '4', 47, -0.5, 21),
(185797, 158, '1', 47, -0.5, 21),
(185798, 160, '4', 47, 1, 21),
(185799, 161, '1', 47, -0.5, 21),
(185800, 162, '2', 47, -0.5, 21),
(185801, 163, '1', 47, -0.5, 21),
(185802, 164, '1', 47, 1, 21),
(185803, 165, '2', 47, -0.5, 21),
(185804, 166, '1', 47, 1, 21),
(185805, 168, '1', 47, 1, 21),
(185806, 169, '1', 47, 1, 21),
(185807, 171, '2', 47, -0.5, 21),
(185808, 175, '1', 47, 1, 21),
(185809, 176, '4', 47, -0.5, 21),
(185810, 177, '4', 47, -0.5, 21),
(185811, 178, '1', 47, 1, 21),
(185812, 179, '1', 47, 1, 21),
(185813, 180, '1', 47, 1, 21),
(188101, 1, '3', 60, 1, 27),
(188102, 2, '2', 60, -0.5, 27),
(188103, 3, '3', 60, 1, 27),
(188104, 5, '3', 60, 1, 27),
(188105, 9, '2', 60, 1, 27),
(188106, 10, '3', 60, -0.5, 27),
(188107, 11, '2', 60, 1, 27),
(188108, 13, '2', 60, 1, 27),
(188109, 14, '4', 60, -0.5, 27),
(188110, 15, '4', 60, -0.5, 27),
(188111, 16, '4', 60, 1, 27),
(188112, 17, '4', 60, 1, 27),
(188113, 19, '4', 60, 1, 27),
(188114, 20, '2', 60, -0.5, 27),
(188115, 21, '2', 60, -0.5, 27),
(188116, 23, '4', 60, 1, 27),
(188117, 24, '3', 60, 1, 27),
(188118, 25, '2', 60, -0.5, 27),
(188119, 27, '1', 60, -0.5, 27),
(188120, 28, '3', 60, 1, 27),
(188121, 29, '3', 60, 1, 27),
(188122, 30, '3', 60, 1, 27),
(188123, 31, '1', 60, 1, 27),
(188124, 32, '2', 60, -0.5, 27),
(188125, 34, '1', 60, 1, 27),
(188126, 35, '1', 60, 1, 27),
(188127, 36, '1', 60, 1, 27),
(188128, 38, '3', 60, -0.5, 27),
(188129, 39, '1', 60, -0.5, 27),
(188130, 40, '1', 60, -0.5, 27),
(188131, 41, '2', 60, -0.5, 27),
(188132, 42, '2', 60, -0.5, 27),
(188133, 44, '3', 60, -0.5, 27),
(188134, 45, '2', 60, 1, 27),
(188135, 46, '3', 60, -0.5, 27),
(188136, 47, '2', 60, 1, 27),
(188137, 48, '2', 60, 1, 27),
(188138, 49, '3', 60, -0.5, 27),
(188139, 50, '2', 60, 1, 27),
(188140, 51, '3', 60, -0.5, 27),
(188141, 53, '3', 60, -0.5, 27),
(188142, 54, '2', 60, 1, 27),
(188143, 55, '4', 60, -0.5, 27),
(188144, 56, '2', 60, 1, 27),
(188145, 57, '2', 60, 1, 27),
(188146, 58, '2', 60, 1, 27),
(188147, 60, '2', 60, 1, 27),
(188148, 63, '1', 60, 1, 27),
(188149, 64, '1', 60, 1, 27),
(188150, 65, '3', 60, -0.5, 27),
(188151, 66, '1', 60, 1, 27),
(188152, 67, '1', 60, 1, 27),
(188153, 68, '2', 60, -0.5, 27),
(188154, 69, '3', 60, -0.5, 27),
(188155, 70, '4', 60, 1, 27),
(188156, 71, '4', 60, 1, 27),
(188157, 72, '3', 60, -0.5, 27),
(188158, 73, '1', 60, -0.5, 27),
(188159, 74, '3', 60, -0.5, 27),
(188160, 75, '4', 60, 1, 27),
(188161, 76, '3', 60, -0.5, 27),
(188162, 77, '1', 60, -0.5, 27),
(188163, 78, '4', 60, -0.5, 27),
(188164, 80, '3', 60, 1, 27),
(188165, 81, '2', 60, -0.5, 27),
(188166, 82, '2', 60, -0.5, 27),
(188167, 83, '2', 60, -0.5, 27),
(188168, 84, '1', 60, -0.5, 27),
(188169, 85, '1', 60, -0.5, 27),
(188170, 86, '3', 60, 1, 27),
(188171, 87, '3', 60, 1, 27),
(188172, 88, '3', 60, 1, 27),
(188173, 181, '4', 60, 1, 27),
(188174, 90, '4', 60, -0.5, 27),
(188175, 91, '2', 60, 1, 27),
(188176, 92, '2', 60, 1, 27),
(188177, 93, '1', 60, -0.5, 27),
(188178, 94, '2', 60, 1, 27),
(188179, 95, '2', 60, 1, 27),
(188180, 96, '2', 60, 1, 27),
(188181, 97, '1', 60, -0.5, 27),
(188182, 98, '2', 60, 1, 27),
(188183, 99, '2', 60, 1, 27),
(188184, 100, '2', 60, 1, 27),
(188185, 101, '2', 60, 1, 27),
(188186, 102, '1', 60, -0.5, 27),
(188187, 104, '2', 60, 1, 27),
(188188, 105, '2', 60, 1, 27),
(188189, 106, '2', 60, 1, 27),
(188190, 107, '2', 60, 1, 27),
(188191, 108, '2', 60, 1, 27),
(188192, 109, '3', 60, -0.5, 27),
(188193, 110, '2', 60, 1, 27),
(188194, 111, '1', 60, -0.5, 27),
(188195, 112, '4', 60, -0.5, 27),
(188196, 113, '3', 60, 1, 27),
(188197, 114, '1', 60, -0.5, 27),
(188198, 115, '3', 60, 1, 27),
(188199, 116, '3', 60, 1, 27),
(188200, 117, '2', 60, -0.5, 27),
(188201, 118, '3', 60, 1, 27),
(188202, 119, '4', 60, -0.5, 27),
(188203, 120, '3', 60, 1, 27),
(188204, 121, '3', 60, 1, 27),
(188205, 122, '4', 60, -0.5, 27),
(188206, 123, '1', 60, -0.5, 27),
(188207, 124, '1', 60, -0.5, 27),
(188208, 125, '3', 60, 1, 27),
(188209, 127, '3', 60, 1, 27),
(188210, 128, '2', 60, -0.5, 27),
(188211, 129, '4', 60, -0.5, 27),
(188212, 130, '2', 60, -0.5, 27),
(188213, 131, '3', 60, 1, 27),
(188214, 132, '3', 60, 1, 27),
(188215, 133, '2', 60, -0.5, 27),
(188216, 134, '3', 60, 1, 27),
(188217, 135, '3', 60, 1, 27),
(188218, 136, '3', 60, 1, 27),
(188219, 137, '3', 60, 1, 27),
(188220, 138, '3', 60, 1, 27),
(188221, 139, '4', 60, 1, 27),
(188222, 140, '3', 60, -0.5, 27),
(188223, 141, '3', 60, -0.5, 27),
(188224, 142, '4', 60, 1, 27),
(188225, 143, '3', 60, -0.5, 27),
(188226, 144, '4', 60, 1, 27),
(188227, 146, '2', 60, -0.5, 27),
(188228, 148, '4', 60, 1, 27),
(188229, 149, '4', 60, 1, 27),
(188230, 150, '4', 60, 1, 27),
(188231, 151, '1', 60, -0.5, 27),
(188232, 152, '4', 60, 1, 27),
(188233, 153, '2', 60, -0.5, 27),
(188234, 154, '4', 60, 1, 27),
(188235, 155, '4', 60, 1, 27),
(188236, 156, '2', 60, -0.5, 27),
(188237, 157, '1', 60, -0.5, 27),
(188238, 158, '4', 60, 1, 27),
(188239, 160, '4', 60, 1, 27),
(188240, 161, '1', 60, -0.5, 27),
(188241, 162, '4', 60, 1, 27),
(188242, 163, '1', 60, -0.5, 27),
(188243, 164, '1', 60, 1, 27),
(188244, 165, '4', 60, -0.5, 27),
(188245, 166, '3', 60, -0.5, 27),
(188246, 167, '1', 60, 1, 27),
(188247, 168, '1', 60, 1, 27),
(188248, 169, '2', 60, -0.5, 27),
(188249, 170, '3', 60, -0.5, 27),
(188250, 171, '1', 60, 1, 27),
(188251, 172, '4', 60, -0.5, 27),
(188252, 174, '2', 60, -0.5, 27),
(188253, 175, '2', 60, -0.5, 27),
(188254, 176, '4', 60, -0.5, 27),
(188255, 177, '1', 60, 1, 27),
(188256, 178, '1', 60, 1, 27),
(188257, 179, '1', 60, 1, 27),
(188258, 180, '1', 60, 1, 27),
(190544, 1, '3', 52, 1, 39),
(190545, 2, '2', 52, -0.5, 39),
(190546, 4, '1', 52, -0.5, 39),
(190547, 5, '3', 52, 1, 39),
(190548, 6, '1', 52, 1, 39),
(190549, 9, '2', 52, 1, 39),
(190550, 10, '1', 52, -0.5, 39),
(190551, 11, '3', 52, -0.5, 39),
(190552, 12, '2', 52, 1, 39),
(190553, 14, '1', 52, -0.5, 39),
(190554, 15, '2', 52, 1, 39),
(190555, 16, '4', 52, 1, 39),
(190556, 18, '4', 52, 1, 39),
(190557, 19, '3', 52, -0.5, 39),
(190558, 20, '2', 52, -0.5, 39),
(190559, 21, '3', 52, -0.5, 39),
(190560, 23, '2', 52, -0.5, 39),
(190561, 25, '2', 52, -0.5, 39),
(190562, 27, '1', 52, -0.5, 39),
(190563, 28, '3', 52, 1, 39),
(190564, 30, '3', 52, 1, 39),
(190565, 31, '1', 52, 1, 39),
(190566, 32, '1', 52, 1, 39),
(190567, 33, '3', 52, -0.5, 39),
(190568, 34, '1', 52, 1, 39),
(190569, 35, '1', 52, 1, 39),
(190570, 36, '2', 52, -0.5, 39),
(190571, 37, '2', 52, -0.5, 39),
(190572, 38, '2', 52, 1, 39),
(190573, 40, '2', 52, 1, 39),
(190574, 41, '3', 52, -0.5, 39),
(190575, 42, '2', 52, -0.5, 39),
(190576, 43, '1', 52, 1, 39),
(190577, 44, '1', 52, 1, 39),
(190578, 45, '2', 52, 1, 39),
(190579, 46, '2', 52, 1, 39),
(190580, 47, '2', 52, 1, 39),
(190581, 48, '2', 52, 1, 39),
(190582, 50, '2', 52, 1, 39),
(190583, 51, '2', 52, 1, 39),
(190584, 52, '4', 52, -0.5, 39),
(190585, 53, '1', 52, -0.5, 39),
(190586, 56, '2', 52, 1, 39),
(190587, 57, '2', 52, 1, 39),
(190588, 58, '2', 52, 1, 39),
(190589, 60, '3', 52, -0.5, 39),
(190590, 62, '2', 52, -0.5, 39),
(190591, 63, '1', 52, 1, 39),
(190592, 64, '1', 52, 1, 39),
(190593, 65, '3', 52, -0.5, 39),
(190594, 67, '1', 52, 1, 39),
(190595, 70, '2', 52, -0.5, 39),
(190596, 78, '3', 52, 1, 39),
(190597, 90, '4', 52, -0.5, 39),
(190598, 91, '2', 52, 1, 39),
(190599, 92, '1', 52, -0.5, 39),
(190600, 93, '3', 52, -0.5, 39),
(190601, 95, '2', 52, 1, 39),
(190602, 96, '2', 52, 1, 39),
(190603, 97, '2', 52, 1, 39),
(190604, 98, '1', 52, -0.5, 39),
(190605, 99, '2', 52, 1, 39),
(190606, 100, '2', 52, 1, 39),
(190607, 101, '2', 52, 1, 39),
(190608, 102, '2', 52, 1, 39),
(190609, 104, '2', 52, 1, 39),
(190610, 106, '2', 52, 1, 39),
(190611, 107, '2', 52, 1, 39),
(190612, 108, '2', 52, 1, 39),
(190613, 110, '2', 52, 1, 39),
(190614, 111, '2', 52, 1, 39),
(190615, 112, '4', 52, -0.5, 39),
(190616, 113, '3', 52, 1, 39),
(190617, 114, '1', 52, -0.5, 39),
(190618, 116, '4', 52, -0.5, 39),
(190619, 117, '1', 52, -0.5, 39),
(190620, 120, '2', 52, -0.5, 39),
(190621, 121, '3', 52, 1, 39),
(190622, 122, '4', 52, -0.5, 39),
(190623, 124, '3', 52, 1, 39),
(190624, 125, '3', 52, 1, 39),
(190625, 127, '3', 52, 1, 39),
(190626, 129, '3', 52, 1, 39),
(190627, 131, '3', 52, 1, 39),
(190628, 132, '3', 52, 1, 39),
(190629, 133, '3', 52, 1, 39),
(190630, 134, '3', 52, 1, 39),
(190631, 137, '3', 52, 1, 39),
(190632, 138, '3', 52, 1, 39),
(190633, 139, '4', 52, 1, 39),
(190634, 140, '2', 52, -0.5, 39),
(190635, 142, '4', 52, 1, 39),
(190636, 143, '2', 52, -0.5, 39),
(190637, 144, '4', 52, 1, 39),
(190638, 146, '4', 52, 1, 39),
(190639, 147, '2', 52, -0.5, 39),
(190640, 148, '4', 52, 1, 39),
(190641, 149, '1', 52, -0.5, 39),
(190642, 150, '4', 52, 1, 39),
(190643, 152, '4', 52, 1, 39),
(190644, 153, '2', 52, -0.5, 39),
(190645, 155, '2', 52, -0.5, 39),
(190646, 157, '2', 52, 1, 39),
(190647, 160, '4', 52, 1, 39),
(190648, 161, '4', 52, 1, 39),
(190649, 163, '3', 52, -0.5, 39),
(190650, 164, '1', 52, 1, 39),
(190651, 165, '1', 52, 1, 39),
(190652, 166, '3', 52, -0.5, 39),
(190653, 168, '1', 52, 1, 39),
(190654, 170, '1', 52, 1, 39),
(190655, 175, '1', 52, 1, 39),
(190656, 177, '1', 52, 1, 39),
(190657, 178, '1', 52, 1, 39),
(190658, 179, '1', 52, 1, 39),
(190659, 180, '1', 52, 1, 39),
(191672, 1, '3', 56, 1, 40),
(191673, 2, '2', 56, -0.5, 40),
(191674, 3, '3', 56, 1, 40),
(191675, 4, '3', 56, 1, 40),
(191676, 5, '3', 56, 1, 40),
(191677, 6, '1', 56, 1, 40),
(191678, 7, '4', 56, -0.5, 40),
(191679, 8, '2', 56, -0.5, 40),
(191680, 9, '2', 56, 1, 40),
(191681, 10, '2', 56, 1, 40),
(191682, 11, '2', 56, 1, 40),
(191683, 12, '2', 56, 1, 40),
(191684, 13, '2', 56, 1, 40),
(191685, 14, '4', 56, -0.5, 40),
(191686, 15, '2', 56, 1, 40),
(191687, 16, '4', 56, 1, 40),
(191688, 17, '4', 56, 1, 40),
(191689, 18, '4', 56, 1, 40),
(191690, 20, '3', 56, -0.5, 40),
(191691, 21, '4', 56, 1, 40),
(191692, 22, '4', 56, 1, 40),
(191693, 23, '4', 56, 1, 40),
(191694, 24, '3', 56, 1, 40),
(191695, 25, '2', 56, -0.5, 40),
(191696, 26, '3', 56, 1, 40),
(191697, 27, '3', 56, 1, 40),
(191698, 28, '3', 56, 1, 40),
(191699, 29, '3', 56, 1, 40),
(191700, 30, '3', 56, 1, 40),
(191701, 31, '1', 56, 1, 40),
(191702, 32, '4', 56, -0.5, 40),
(191703, 33, '1', 56, 1, 40),
(191704, 34, '1', 56, 1, 40),
(191705, 35, '1', 56, 1, 40),
(191706, 36, '1', 56, 1, 40),
(191707, 37, '1', 56, 1, 40),
(191708, 38, '2', 56, 1, 40),
(191709, 39, '2', 56, 1, 40),
(191710, 40, '2', 56, 1, 40),
(191711, 41, '4', 56, 1, 40),
(191712, 42, '4', 56, 1, 40),
(191713, 43, '1', 56, 1, 40),
(191714, 44, '1', 56, 1, 40),
(191715, 45, '2', 56, 1, 40),
(191716, 46, '3', 56, -0.5, 40),
(191717, 47, '2', 56, 1, 40),
(191718, 48, '2', 56, 1, 40),
(191719, 49, '2', 56, 1, 40),
(191720, 50, '2', 56, 1, 40),
(191721, 51, '2', 56, 1, 40),
(191722, 52, '4', 56, -0.5, 40),
(191723, 53, '1', 56, -0.5, 40),
(191724, 54, '1', 56, -0.5, 40),
(191725, 55, '4', 56, -0.5, 40),
(191726, 56, '2', 56, 1, 40),
(191727, 57, '2', 56, 1, 40),
(191728, 58, '2', 56, 1, 40),
(191729, 59, '3', 56, -0.5, 40),
(191730, 60, '2', 56, 1, 40),
(191731, 61, '1', 56, 1, 40),
(191732, 62, '1', 56, 1, 40),
(191733, 63, '1', 56, 1, 40),
(191734, 64, '1', 56, 1, 40),
(191735, 65, '3', 56, -0.5, 40),
(191736, 66, '1', 56, 1, 40),
(191737, 67, '1', 56, 1, 40),
(191738, 68, '4', 56, -0.5, 40),
(191739, 69, '4', 56, 1, 40),
(191740, 70, '3', 56, -0.5, 40),
(191741, 71, '4', 56, 1, 40),
(191742, 72, '2', 56, -0.5, 40),
(191743, 73, '2', 56, -0.5, 40),
(191744, 74, '1', 56, -0.5, 40),
(191745, 75, '4', 56, 1, 40),
(191746, 76, '4', 56, 1, 40),
(191747, 77, '3', 56, 1, 40),
(191748, 78, '3', 56, 1, 40),
(191749, 79, '3', 56, 1, 40),
(191750, 80, '3', 56, 1, 40),
(191751, 81, '3', 56, 1, 40),
(191752, 82, '3', 56, 1, 40),
(191753, 83, '3', 56, 1, 40),
(191754, 84, '2', 56, -0.5, 40),
(191755, 85, '3', 56, 1, 40),
(191756, 86, '3', 56, 1, 40),
(191757, 87, '4', 56, -0.5, 40),
(191758, 88, '3', 56, 1, 40),
(191759, 181, '2', 56, -0.5, 40),
(191760, 90, '1', 56, -0.5, 40),
(191761, 91, '2', 56, 1, 40),
(191762, 92, '2', 56, 1, 40),
(191763, 93, '1', 56, -0.5, 40),
(191764, 94, '2', 56, 1, 40),
(191765, 95, '2', 56, 1, 40),
(191766, 96, '2', 56, 1, 40),
(191767, 97, '1', 56, -0.5, 40),
(191768, 98, '3', 56, -0.5, 40),
(191769, 99, '2', 56, 1, 40),
(191770, 100, '2', 56, 1, 40),
(191771, 101, '2', 56, 1, 40),
(191772, 102, '2', 56, 1, 40),
(191773, 103, '3', 56, -0.5, 40),
(191774, 104, '2', 56, 1, 40),
(191775, 105, '2', 56, 1, 40),
(191776, 106, '2', 56, 1, 40),
(191777, 107, '2', 56, 1, 40),
(191778, 108, '2', 56, 1, 40),
(191779, 109, '1', 56, -0.5, 40),
(191780, 110, '2', 56, 1, 40),
(191781, 111, '2', 56, 1, 40),
(191782, 112, '2', 56, 1, 40),
(191783, 113, '3', 56, 1, 40),
(191784, 114, '3', 56, 1, 40),
(191785, 115, '3', 56, 1, 40),
(191786, 116, '3', 56, 1, 40),
(191787, 117, '2', 56, -0.5, 40),
(191788, 118, '3', 56, 1, 40),
(191789, 119, '3', 56, 1, 40),
(191790, 120, '4', 56, -0.5, 40),
(191791, 121, '3', 56, 1, 40),
(191792, 122, '3', 56, 1, 40),
(191793, 123, '4', 56, -0.5, 40),
(191794, 124, '1', 56, -0.5, 40),
(191795, 125, '4', 56, -0.5, 40),
(191796, 126, '2', 56, -0.5, 40),
(191797, 127, '3', 56, 1, 40),
(191798, 128, '3', 56, 1, 40),
(191799, 129, '3', 56, 1, 40),
(191800, 130, '1', 56, -0.5, 40),
(191801, 131, '3', 56, 1, 40),
(191802, 132, '3', 56, 1, 40),
(191803, 133, '3', 56, 1, 40),
(191804, 134, '3', 56, 1, 40),
(191805, 135, '3', 56, 1, 40),
(191806, 136, '3', 56, 1, 40),
(191807, 137, '3', 56, 1, 40),
(191808, 138, '3', 56, 1, 40),
(191809, 139, '4', 56, 1, 40),
(191810, 140, '4', 56, 1, 40),
(191811, 141, '4', 56, 1, 40),
(191812, 142, '4', 56, 1, 40),
(191813, 143, '4', 56, 1, 40),
(191814, 144, '4', 56, 1, 40),
(191815, 145, '3', 56, -0.5, 40),
(191816, 146, '1', 56, -0.5, 40),
(191817, 147, '4', 56, 1, 40),
(191818, 148, '4', 56, 1, 40),
(191819, 149, '1', 56, -0.5, 40),
(191820, 150, '4', 56, 1, 40),
(191821, 152, '4', 56, 1, 40),
(191822, 153, '4', 56, 1, 40),
(191823, 154, '4', 56, 1, 40),
(191824, 155, '4', 56, 1, 40),
(191825, 156, '4', 56, 1, 40),
(191826, 157, '2', 56, 1, 40),
(191827, 158, '1', 56, -0.5, 40),
(191828, 160, '4', 56, 1, 40),
(191829, 161, '1', 56, -0.5, 40),
(191830, 162, '4', 56, 1, 40),
(191831, 163, '4', 56, 1, 40),
(191832, 164, '1', 56, 1, 40),
(191833, 165, '1', 56, 1, 40),
(191834, 166, '3', 56, -0.5, 40),
(191835, 167, '1', 56, 1, 40),
(191836, 168, '1', 56, 1, 40),
(191837, 169, '2', 56, -0.5, 40),
(191838, 170, '3', 56, -0.5, 40),
(191839, 171, '1', 56, 1, 40),
(191840, 172, '1', 56, 1, 40),
(191841, 174, '1', 56, 1, 40),
(191842, 175, '1', 56, 1, 40),
(191843, 176, '2', 56, -0.5, 40),
(191844, 177, '1', 56, 1, 40),
(191845, 178, '1', 56, 1, 40),
(191846, 179, '1', 56, 1, 40),
(191847, 180, '1', 56, 1, 40),
(192712, 1, '3', 62, 1, 26),
(192713, 2, '2', 62, -0.5, 26),
(192714, 3, '3', 62, 1, 26),
(192715, 4, '2', 62, -0.5, 26),
(192716, 5, '4', 62, -0.5, 26),
(192717, 6, '2', 62, -0.5, 26),
(192718, 9, '2', 62, 1, 26),
(192719, 10, '2', 62, 1, 26),
(192720, 11, '4', 62, -0.5, 26),
(192721, 13, '2', 62, 1, 26),
(192722, 14, '2', 62, 1, 26),
(192723, 15, '2', 62, 1, 26),
(192724, 16, '4', 62, 1, 26),
(192725, 17, '4', 62, 1, 26),
(192726, 18, '4', 62, 1, 26),
(192727, 21, '4', 62, 1, 26),
(192728, 22, '3', 62, -0.5, 26),
(192729, 23, '1', 62, -0.5, 26),
(192730, 25, '2', 62, -0.5, 26),
(192731, 27, '3', 62, 1, 26),
(192732, 32, '1', 62, 1, 26),
(192733, 34, '1', 62, 1, 26),
(192734, 35, '1', 62, 1, 26),
(192735, 38, '2', 62, 1, 26),
(192736, 39, '1', 62, -0.5, 26),
(192737, 40, '2', 62, 1, 26),
(192738, 46, '4', 62, -0.5, 26),
(192739, 47, '2', 62, 1, 26),
(192740, 48, '2', 62, 1, 26),
(192741, 50, '2', 62, 1, 26),
(192742, 51, '2', 62, 1, 26),
(192743, 52, '4', 62, -0.5, 26),
(192744, 53, '1', 62, -0.5, 26),
(192745, 54, '3', 62, -0.5, 26),
(192746, 56, '3', 62, -0.5, 26),
(192747, 57, '2', 62, 1, 26),
(192748, 58, '2', 62, 1, 26),
(192749, 60, '2', 62, 1, 26),
(192750, 61, '2', 62, -0.5, 26),
(192751, 62, '1', 62, 1, 26),
(192752, 63, '1', 62, 1, 26),
(192753, 64, '2', 62, -0.5, 26),
(192754, 65, '3', 62, -0.5, 26),
(192755, 66, '4', 62, -0.5, 26),
(192756, 67, '1', 62, 1, 26),
(192757, 68, '1', 62, 1, 26),
(192758, 70, '1', 62, -0.5, 26),
(192759, 71, '3', 62, -0.5, 26),
(192760, 73, '1', 62, -0.5, 26),
(192761, 74, '3', 62, -0.5, 26),
(192762, 75, '1', 62, -0.5, 26),
(192763, 76, '4', 62, 1, 26),
(192764, 77, '3', 62, 1, 26),
(192765, 78, '3', 62, 1, 26),
(192766, 80, '3', 62, 1, 26),
(192767, 81, '3', 62, 1, 26),
(192768, 82, '1', 62, -0.5, 26),
(192769, 83, '3', 62, 1, 26),
(192770, 84, '2', 62, -0.5, 26),
(192771, 85, '3', 62, 1, 26),
(192772, 86, '4', 62, -0.5, 26),
(192773, 87, '4', 62, -0.5, 26),
(192774, 88, '3', 62, 1, 26),
(192775, 182, '2', 62, 1, 26),
(192776, 90, '2', 62, 1, 26),
(192777, 91, '2', 62, 1, 26),
(192778, 92, '1', 62, -0.5, 26),
(192779, 93, '1', 62, -0.5, 26),
(192780, 94, '2', 62, 1, 26),
(192781, 95, '2', 62, 1, 26),
(192782, 96, '2', 62, 1, 26),
(192783, 97, '1', 62, -0.5, 26),
(192784, 98, '2', 62, 1, 26),
(192785, 99, '2', 62, 1, 26),
(192786, 100, '2', 62, 1, 26),
(192787, 101, '2', 62, 1, 26),
(192788, 102, '2', 62, 1, 26),
(192789, 103, '4', 62, -0.5, 26),
(192790, 104, '3', 62, -0.5, 26),
(192791, 105, '2', 62, 1, 26),
(192792, 106, '2', 62, 1, 26),
(192793, 107, '2', 62, 1, 26),
(192794, 108, '2', 62, 1, 26),
(192795, 109, '2', 62, 1, 26),
(192796, 110, '2', 62, 1, 26),
(192797, 111, '2', 62, 1, 26),
(192798, 112, '1', 62, -0.5, 26),
(192799, 113, '3', 62, 1, 26),
(192800, 114, '3', 62, 1, 26),
(192801, 115, '2', 62, -0.5, 26),
(192802, 116, '3', 62, 1, 26),
(192803, 117, '3', 62, 1, 26),
(192804, 118, '3', 62, 1, 26),
(192805, 119, '2', 62, -0.5, 26),
(192806, 120, '2', 62, -0.5, 26),
(192807, 121, '3', 62, 1, 26),
(192808, 122, '3', 62, 1, 26),
(192809, 123, '4', 62, -0.5, 26),
(192810, 124, '2', 62, -0.5, 26),
(192811, 125, '1', 62, -0.5, 26),
(192812, 127, '3', 62, 1, 26),
(192813, 128, '3', 62, 1, 26),
(192814, 129, '1', 62, -0.5, 26),
(192815, 131, '3', 62, 1, 26),
(192816, 132, '3', 62, 1, 26),
(192817, 133, '3', 62, 1, 26),
(192818, 135, '4', 62, -0.5, 26),
(192819, 136, '4', 62, -0.5, 26),
(192820, 137, '3', 62, 1, 26),
(192821, 138, '3', 62, 1, 26),
(192822, 139, '4', 62, 1, 26),
(192823, 140, '4', 62, 1, 26),
(192824, 141, '4', 62, 1, 26),
(192825, 142, '4', 62, 1, 26),
(192826, 143, '4', 62, 1, 26),
(192827, 144, '1', 62, -0.5, 26),
(192828, 146, '4', 62, 1, 26),
(192829, 147, '3', 62, -0.5, 26),
(192830, 148, '2', 62, -0.5, 26),
(192831, 149, '4', 62, 1, 26),
(192832, 150, '2', 62, -0.5, 26),
(192833, 151, '3', 62, -0.5, 26),
(192834, 152, '4', 62, 1, 26),
(192835, 153, '4', 62, 1, 26),
(192836, 154, '2', 62, -0.5, 26),
(192837, 155, '3', 62, -0.5, 26),
(192838, 156, '1', 62, -0.5, 26),
(192839, 157, '1', 62, -0.5, 26),
(192840, 158, '1', 62, -0.5, 26),
(192841, 160, '1', 62, -0.5, 26),
(192842, 161, '2', 62, -0.5, 26),
(192843, 162, '4', 62, 1, 26),
(192844, 163, '4', 62, 1, 26),
(192845, 164, '1', 62, 1, 26),
(192846, 165, '3', 62, -0.5, 26),
(192847, 166, '4', 62, -0.5, 26),
(192848, 168, '1', 62, 1, 26),
(192849, 169, '1', 62, 1, 26),
(192850, 173, '3', 62, -0.5, 26),
(192851, 174, '2', 62, -0.5, 26),
(192852, 175, '1', 62, 1, 26),
(192853, 176, '1', 62, 1, 26),
(192854, 177, '1', 62, 1, 26),
(192855, 178, '3', 62, -0.5, 26),
(192856, 179, '1', 62, 1, 26),
(192857, 180, '1', 62, 1, 26),
(192859, 1, '4', 50, -0.5, 45),
(192860, 90, '4', 50, -0.5, 45),
(192862, 1, '3', 250, 1, 46),
(192932, 1, '3', 56, 1, 47),
(192933, 2, '2', 56, -0.5, 47),
(192934, 3, '3', 56, 1, 47),
(192935, 4, '3', 56, 1, 47),
(192936, 5, '3', 56, 1, 47),
(192937, 6, '1', 56, 1, 47),
(192938, 7, '4', 56, -0.5, 47),
(192939, 8, '2', 56, -0.5, 47),
(192940, 9, '2', 56, 1, 47),
(192941, 10, '2', 56, 1, 47),
(193127, 1, '3', 56, 1, 48),
(193128, 2, '2', 56, -0.5, 48),
(193129, 3, '3', 56, 1, 48),
(193130, 4, '3', 56, 1, 48),
(193131, 5, '3', 56, 1, 48),
(193132, 6, '1', 56, 1, 48),
(193133, 7, '4', 56, -0.5, 48),
(193134, 8, '2', 56, -0.5, 48),
(193135, 9, '2', 56, 1, 48),
(193136, 10, '2', 56, 1, 48);

-- --------------------------------------------------------

--
-- Table structure for table `attendance`
--

CREATE TABLE `attendance` (
  `attendance_id` int(11) NOT NULL,
  `timestamp` longtext COLLATE utf8_unicode_ci NOT NULL,
  `year` longtext COLLATE utf8_unicode_ci NOT NULL,
  `class_id` int(11) NOT NULL,
  `section_id` int(11) NOT NULL,
  `student_id` int(11) NOT NULL,
  `status` int(11) NOT NULL DEFAULT '0' COMMENT '0(undefined) 1(present) 2(absent)'
) ENGINE=InnoDB DEFAULT CHARSET=utf8 COLLATE=utf8_unicode_ci;

--
-- Dumping data for table `attendance`
--

INSERT INTO `attendance` (`attendance_id`, `timestamp`, `year`, `class_id`, `section_id`, `student_id`, `status`) VALUES
(1, '1525298400', '2016-2017', 1, 38, 1, 3),
(2, '1525212000', '2016-2017', 1, 38, 1, 2),
(3, '1523829600', '2016-2017', 1, 38, 1, 3),
(4, '1525125600', '2016-2017', 1, 38, 1, 0),
(5, '1522015200', '2016-2017', 1, 38, 1, 0),
(6, '1525298400', '2016-2017', 3, 37, 2, 1);

-- --------------------------------------------------------

--
-- Table structure for table `attendance_backup`
--

CREATE TABLE `attendance_backup` (
  `attendance_id` int(11) NOT NULL,
  `status` int(11) NOT NULL COMMENT '0 undefined , 1 present , 2  absent',
  `student_id` int(11) NOT NULL,
  `date` date NOT NULL,
  `year` longtext CHARACTER SET utf8 COLLATE utf8_unicode_ci NOT NULL,
  `class_id` int(11) NOT NULL,
  `section_id` int(11) NOT NULL,
  `session` longtext NOT NULL
) ENGINE=InnoDB DEFAULT CHARSET=latin1;

-- --------------------------------------------------------

--
-- Table structure for table `book`
--

CREATE TABLE `book` (
  `book_id` int(11) NOT NULL,
  `name` longtext COLLATE utf8_unicode_ci NOT NULL,
  `description` longtext COLLATE utf8_unicode_ci NOT NULL,
  `author` longtext COLLATE utf8_unicode_ci NOT NULL,
  `class_id` longtext COLLATE utf8_unicode_ci NOT NULL,
  `price` longtext COLLATE utf8_unicode_ci NOT NULL,
  `status` longtext COLLATE utf8_unicode_ci NOT NULL
) ENGINE=InnoDB DEFAULT CHARSET=utf8 COLLATE=utf8_unicode_ci;

-- --------------------------------------------------------

--
-- Table structure for table `ci_sessions`
--

CREATE TABLE `ci_sessions` (
  `id` varchar(40) COLLATE utf8_unicode_ci NOT NULL,
  `ip_address` varchar(45) COLLATE utf8_unicode_ci NOT NULL,
  `timestamp` int(10) UNSIGNED NOT NULL DEFAULT '0',
  `data` blob NOT NULL
) ENGINE=InnoDB DEFAULT CHARSET=utf8 COLLATE=utf8_unicode_ci;

--
-- Dumping data for table `ci_sessions`
--

INSERT INTO `ci_sessions` (`id`, `ip_address`, `timestamp`, `data`) VALUES
('09eff4ea33a059980a6be7da316defab895e1c8a', '192.168.1.128', 1554983660, 0x5f5f63695f6c6173745f726567656e65726174657c693a313535343938333636303b73747564656e745f6c6f67696e7c733a313a2231223b73747564656e745f69647c733a323a223437223b6c6f67696e5f757365725f69647c733a323a223437223b6e616d657c733a373a22616b6173682e6d223b6c6f67696e5f747970657c733a373a2273747564656e74223b7269647c693a32313b),
('0b248e506b879a1acd98a33707d605f2dd9f0b85', '192.168.1.129', 1554983651, 0x5f5f63695f6c6173745f726567656e65726174657c693a313535343938333635313b73747564656e745f6c6f67696e7c733a313a2231223b73747564656e745f69647c733a323a223437223b6c6f67696e5f757365725f69647c733a323a223437223b6e616d657c733a373a22616b6173682e6d223b6c6f67696e5f747970657c733a373a2273747564656e74223b7269647c693a32303b),
('12929f2dc5cae6317bb1dc155d73e4d21c09822c', '192.168.1.120', 1554974791, 0x5f5f63695f6c6173745f726567656e65726174657c693a313535343937343739313b73747564656e745f6c6f67696e7c733a313a2231223b73747564656e745f69647c733a323a223530223b6c6f67696e5f757365725f69647c733a323a223530223b6e616d657c733a31303a2264656562656e6472616e223b6c6f67696e5f747970657c733a373a2273747564656e74223b),
('18b72ebf049ecff4e18e7cb378a65da76050919f', '192.168.1.119', 1554978516, 0x5f5f63695f6c6173745f726567656e65726174657c693a313535343937383531363b),
('19ec8077e9970d774042e73cd4bffa67e1aada42', '192.168.1.131', 1554983872, 0x5f5f63695f6c6173745f726567656e65726174657c693a313535343938333837323b),
('1c17b8475fc2e1f5e5dc8d8572260d727c6efab9', '::1', 1555301393, 0x5f5f63695f6c6173745f726567656e65726174657c693a313535353330303631343b61646d696e5f6c6f67696e7c733a313a2231223b61646d696e5f69647c733a313a2231223b6c6f67696e5f757365725f69647c733a313a2231223b6e616d657c733a353a224a65657661223b6c6f67696e5f747970657c733a353a2261646d696e223b),
('1f06f116fb6edb0648c75e86f4d83ee632d66131', '192.168.1.128', 1555041731, 0x5f5f63695f6c6173745f726567656e65726174657c693a313535353034313733313b73747564656e745f6c6f67696e7c733a313a2231223b73747564656e745f69647c733a323a223536223b6c6f67696e5f757365725f69647c733a323a223536223b6e616d657c733a31323a226d7574687572616d616e2e6b223b6c6f67696e5f747970657c733a373a2273747564656e74223b),
('1f0c1a7b985cbc20d02609a3b5e7a82225e670ca', '192.168.1.24', 1554978373, 0x5f5f63695f6c6173745f726567656e65726174657c693a313535343937383337333b7269647c693a33353b73747564656e745f69647c733a323a223438223b),
('23ece88622a6dcee6f8ef27e178de31164505612', '::1', 1555300614, 0x5f5f63695f6c6173745f726567656e65726174657c693a313535353330303631333b),
('24a871225620b8466ede925f06ee376cfb86c617', '192.168.1.24', 1554975483, 0x5f5f63695f6c6173745f726567656e65726174657c693a313535343937353438333b7269647c693a33303b73747564656e745f69647c733a323a223438223b),
('25fdbbaa862460ac1aab691eeaaa3160a723223c', '::1', 1555043825, 0x5f5f63695f6c6173745f726567656e65726174657c693a313535353034333738343b61646d696e5f6c6f67696e7c733a313a2231223b61646d696e5f69647c733a313a2231223b6c6f67696e5f757365725f69647c733a313a2231223b6e616d657c733a353a224a65657661223b6c6f67696e5f747970657c733a353a2261646d696e223b72656665727265645f66726f6d7c733a35353a22687474703a2f2f6c6f63616c686f73743a383038302f6578616d63656c6c2f696e6465782e7068702f41646d696e2f73747564656e7473223b),
('2ab47b2d4ec2956c0cb041801818c282123f3b61', '192.168.1.22', 1554978630, 0x5f5f63695f6c6173745f726567656e65726174657c693a313535343937383532393b7269647c693a33363b73747564656e745f69647c733a323a223732223b),
('3b0dcb6fc17dec9cf27a0b8711f3ab0c3d876960', '192.168.1.119', 1554981298, 0x5f5f63695f6c6173745f726567656e65726174657c693a313535343938313232343b),
('3c871b99fefb2a979d0da3a4cd1eec2ca632d3e8', '192.168.1.120', 1554976315, 0x5f5f63695f6c6173745f726567656e65726174657c693a313535343937363331353b73747564656e745f6c6f67696e7c733a313a2231223b73747564656e745f69647c733a323a223530223b6c6f67696e5f757365725f69647c733a323a223530223b6e616d657c733a31303a2264656562656e6472616e223b6c6f67696e5f747970657c733a373a2273747564656e74223b7269647c693a33333b),
('41c63525803504e4a8f934dc0fd4e90aa9dff997', '192.168.1.120', 1554979976, 0x73747564656e745f6c6f67696e7c733a313a2231223b73747564656e745f69647c733a323a223530223b6c6f67696e5f757365725f69647c733a323a223530223b6e616d657c733a31303a2264656562656e6472616e223b6c6f67696e5f747970657c733a373a2273747564656e74223b5f5f63695f6c6173745f726567656e65726174657c693a313535343937393937363b7269647c693a34343b),
('4355d498a3aa89701c7890ca1fd89eab0c91d83e', '192.168.1.131', 1555041798, 0x5f5f63695f6c6173745f726567656e65726174657c693a313535353034313739383b),
('5798478ce72cd8e5bc2feaafeda56c6d2e7592b0', '192.168.1.27', 1554983745, 0x5f5f63695f6c6173745f726567656e65726174657c693a313535343938333734353b73747564656e745f6c6f67696e7c733a313a2231223b73747564656e745f69647c733a323a223630223b6c6f67696e5f757365725f69647c733a323a223630223b6e616d657c733a31313a2272616d7072616b61736872223b6c6f67696e5f747970657c733a373a2273747564656e74223b7269647c693a32373b),
('5caa25e4445616354a0fc8840967f175f15197e0', '192.168.1.120', 1554978917, 0x5f5f63695f6c6173745f726567656e65726174657c693a313535343937383931373b),
('5ff19029f2dd17950dde50af8cf4534b64fd30c4', '192.168.1.25', 1554983960, 0x5f5f63695f6c6173745f726567656e65726174657c693a313535343938333934343b),
('67d534cd4bc679a23e560bee5951199173c9662d', '192.168.1.135', 1555030913, 0x5f5f63695f6c6173745f726567656e65726174657c693a313535353033303931333b),
('6c3b9e4bf174f66b282f281e47f2bae33b2deea6', '192.168.1.133', 1554984275, 0x5f5f63695f6c6173745f726567656e65726174657c693a313535343938343235343b6d6573736167657c733a34373a223c64697620636c6173733d27616c65727420616c6572742d64616e676572273e5155495a20454e44203c2f6469763e223b5f5f63695f766172737c613a313a7b733a373a226d657373616765223b733a333a226f6c64223b7d),
('769d6b168a7f4fb340a2f02f3d4da0dce6d559df', '192.168.1.119', 1554981224, 0x73747564656e745f6c6f67696e7c733a313a2231223b73747564656e745f69647c733a323a223530223b6c6f67696e5f757365725f69647c733a323a223530223b6e616d657c733a31303a2264656562656e6472616e223b6c6f67696e5f747970657c733a373a2273747564656e74223b5f5f63695f6c6173745f726567656e65726174657c693a313535343938313232343b7269647c693a34333b),
('7798443d03ef71b1fe0ec46c42e6b24cc23e7023', '::1', 1555301574, 0x5f5f63695f6c6173745f726567656e65726174657c693a313535353330313339363b61646d696e5f6c6f67696e7c733a313a2231223b61646d696e5f69647c733a313a2231223b6c6f67696e5f757365725f69647c733a313a2231223b6e616d657c733a353a224a65657661223b6c6f67696e5f747970657c733a353a2261646d696e223b),
('7805196da00f8de9f79a1d4c229c102131047663', '192.168.1.133', 1554984254, 0x5f5f63695f6c6173745f726567656e65726174657c693a313535343938343235343b73747564656e745f6c6f67696e7c733a313a2231223b73747564656e745f69647c733a323a223632223b6c6f67696e5f757365725f69647c733a323a223632223b6e616d657c733a31313a227361736964686172616e73223b6c6f67696e5f747970657c733a373a2273747564656e74223b7269647c693a32363b),
('7fc6c41783e544c239da4ae920ce898330cff13b', '192.168.1.129', 1554983739, 0x5f5f63695f6c6173745f726567656e65726174657c693a313535343938333635313b),
('821d8b1c940631503f3911ee2b132b4d667e5329', '192.168.1.25', 1554983944, 0x5f5f63695f6c6173745f726567656e65726174657c693a313535343938333934343b7269647c693a34303b73747564656e745f69647c733a323a223536223b),
('84a0d374b35b618219623c4e2a15738ac925d5d7', '192.168.1.24', 1554978575, 0x5f5f63695f6c6173745f726567656e65726174657c693a313535343937383537353b),
('969af7205d8ec2f4c8fdefadb1cd135879641ac7', '::1', 1555047467, 0x5f5f63695f6c6173745f726567656e65726174657c693a313535353034373436363b61646d696e5f6c6f67696e7c733a313a2231223b61646d696e5f69647c733a313a2231223b6c6f67696e5f757365725f69647c733a313a2231223b6e616d657c733a353a224a65657661223b6c6f67696e5f747970657c733a353a2261646d696e223b72656665727265645f66726f6d7c733a35353a22687474703a2f2f6c6f63616c686f73743a383038302f6578616d63656c6c2f696e6465782e7068702f41646d696e2f73747564656e7473223b),
('9822572ae034138a444815d60f98a8b2028dfce4', '192.168.1.24', 1554973677, 0x5f5f63695f6c6173745f726567656e65726174657c693a313535343937333637373b73747564656e745f6c6f67696e7c733a313a2231223b73747564656e745f69647c733a323a223438223b6c6f67696e5f757365725f69647c733a323a223438223b6e616d657c733a31363a226172756e6b6161727468696b2e762e73223b6c6f67696e5f747970657c733a373a2273747564656e74223b7269647c693a32383b),
('9971fd8b5ed9455b6a6ad05fe5ece1f26cd19cc6', '192.168.1.128', 1555041743, 0x5f5f63695f6c6173745f726567656e65726174657c693a313535353034313733323b),
('9bf0640c3c88815022e5f93af2b4ee36f58831b3', '::1', 1555046290, 0x5f5f63695f6c6173745f726567656e65726174657c693a313535353034363230303b61646d696e5f6c6f67696e7c733a313a2231223b61646d696e5f69647c733a313a2231223b6c6f67696e5f757365725f69647c733a313a2231223b6e616d657c733a353a224a65657661223b6c6f67696e5f747970657c733a353a2261646d696e223b72656665727265645f66726f6d7c733a35353a22687474703a2f2f6c6f63616c686f73743a383038302f6578616d63656c6c2f696e6465782e7068702f41646d696e2f73747564656e7473223b),
('a023296c52bd01f90e620ded803e82ec2493a616', '::1', 1555045421, 0x5f5f63695f6c6173745f726567656e65726174657c693a313535353034353134303b61646d696e5f6c6f67696e7c733a313a2231223b61646d696e5f69647c733a313a2231223b6c6f67696e5f757365725f69647c733a313a2231223b6e616d657c733a353a224a65657661223b6c6f67696e5f747970657c733a353a2261646d696e223b72656665727265645f66726f6d7c733a35353a22687474703a2f2f6c6f63616c686f73743a383038302f6578616d63656c6c2f696e6465782e7068702f41646d696e2f73747564656e7473223b),
('a1f7113b82b27452fa639d9c662739f65e9266bd', '192.168.1.131', 1554983874, 0x5f5f63695f6c6173745f726567656e65726174657c693a313535343938333837323b7269647c693a33393b73747564656e745f69647c733a323a223532223b),
('a32ca6982a849894b1acb11c5eee1ab40874033f', '192.168.1.135', 1555030912, 0x5f5f63695f6c6173745f726567656e65726174657c693a313535353033303931323b73747564656e745f6c6f67696e7c733a313a2231223b73747564656e745f69647c733a323a223530223b6c6f67696e5f757365725f69647c733a323a223530223b6e616d657c733a31303a2264656562656e6472616e223b6c6f67696e5f747970657c733a373a2273747564656e74223b7269647c693a34353b),
('a4db12232070770aaece06f0cbaf52ac1219e7eb', '192.168.1.121', 1554981081, 0x73747564656e745f6c6f67696e7c733a313a2231223b6c6f67696e5f757365725f69647c733a323a223439223b6e616d657c733a393a22617377696e2e6a2e76223b6c6f67696e5f747970657c733a373a2273747564656e74223b5f5f63695f6c6173745f726567656e65726174657c693a313535343938313034333b),
('a5a9fef2eda1858c93beb22ef59f4518ba0f638d', '::1', 1555044417, 0x5f5f63695f6c6173745f726567656e65726174657c693a313535353034343132343b61646d696e5f6c6f67696e7c733a313a2231223b61646d696e5f69647c733a313a2231223b6c6f67696e5f757365725f69647c733a313a2231223b6e616d657c733a353a224a65657661223b6c6f67696e5f747970657c733a353a2261646d696e223b72656665727265645f66726f6d7c733a35353a22687474703a2f2f6c6f63616c686f73743a383038302f6578616d63656c6c2f696e6465782e7068702f41646d696e2f73747564656e7473223b),
('a7fbf98c1c400bbbd07fa1dc50cf8d9d4f7d8707', '192.168.1.128', 1554979343, 0x5f5f63695f6c6173745f726567656e65726174657c693a313535343937393136373b73747564656e745f6c6f67696e7c733a313a2231223b73747564656e745f69647c733a323a223634223b6c6f67696e5f757365725f69647c733a323a223634223b6e616d657c733a31353a2273686979616d6368616e6461722e70223b6c6f67696e5f747970657c733a373a2273747564656e74223b),
('ad5d05fa10a36358aa486e04d1626baf6a81fc2d', '192.168.1.132', 1554975123, 0x5f5f63695f6c6173745f726567656e65726174657c693a313535343937353132333b73747564656e745f6c6f67696e7c733a313a2231223b73747564656e745f69647c733a323a223932223b6c6f67696e5f757365725f69647c733a323a223932223b6e616d657c733a383a226e617665656e2e70223b6c6f67696e5f747970657c733a373a2273747564656e74223b7269647c693a32333b),
('afc632ec95504cf1f14d9d367aea975556b52831', '192.168.1.22', 1554978529, 0x5f5f63695f6c6173745f726567656e65726174657c693a313535343937383532393b),
('b1d2668ab6e1b52d5a82dcb4c2bb6c8ec11bdaf8', '192.168.1.120', 1554977247, 0x5f5f63695f6c6173745f726567656e65726174657c693a313535343937373234373b7269647c693a33383b73747564656e745f69647c733a323a223530223b),
('b405ad501d8a1f0899ff3c00547e0010d2bb641f', '192.168.1.132', 1554981678, 0x5f5f63695f6c6173745f726567656e65726174657c693a313535343938313637353b7269647c693a33343b73747564656e745f69647c733a323a223932223b),
('b43c088cdde4af9ca20c43b69622fe9d5e371ef8', '192.168.1.120', 1554979978, 0x5f5f63695f6c6173745f726567656e65726174657c693a313535343937393937383b),
('b7735e2a3365bfbf6306e7dc4943304a5d6b04c1', '192.168.1.132', 1554981688, 0x5f5f63695f6c6173745f726567656e65726174657c693a313535343938313637363b),
('bc26f6022f3dd254ef8acb6cb83245510a9e3e70', '192.168.1.8', 1554977701, 0x5f5f63695f6c6173745f726567656e65726174657c693a313535343937373636373b),
('c53850abae3f9d25b2ac7552473bfdafe7df76bd', '192.168.1.120', 1554977966, 0x73747564656e745f6c6f67696e7c733a313a2231223b73747564656e745f69647c733a323a223530223b6c6f67696e5f757365725f69647c733a323a223530223b6e616d657c733a31303a2264656562656e6472616e223b6c6f67696e5f747970657c733a373a2273747564656e74223b5f5f63695f6c6173745f726567656e65726174657c693a313535343937373936363b7269647c693a34313b),
('d300f4c0ae670965a8b2b7ed4f69c56c83a5cab1', '192.168.1.131', 1554976353, 0x5f5f63695f6c6173745f726567656e65726174657c693a313535343937363335333b73747564656e745f6c6f67696e7c733a313a2231223b6c6f67696e5f757365725f69647c733a323a223532223b6e616d657c733a373a226b6176696e2e73223b6c6f67696e5f747970657c733a373a2273747564656e74223b7269647c693a32343b73747564656e745f69647c733a323a223532223b),
('e011aebc16f2af10b49ea320d270a6f90d3b789a', '::1', 1555044660, 0x5f5f63695f6c6173745f726567656e65726174657c693a313535353034343437323b61646d696e5f6c6f67696e7c733a313a2231223b61646d696e5f69647c733a313a2231223b6c6f67696e5f757365725f69647c733a313a2231223b6e616d657c733a353a224a65657661223b6c6f67696e5f747970657c733a353a2261646d696e223b72656665727265645f66726f6d7c733a35353a22687474703a2f2f6c6f63616c686f73743a383038302f6578616d63656c6c2f696e6465782e7068702f41646d696e2f73747564656e7473223b),
('e368639d212f1228110dfe4787937b8800734a2b', '::1', 1555046200, 0x5f5f63695f6c6173745f726567656e65726174657c693a313535353034353835343b61646d696e5f6c6f67696e7c733a313a2231223b61646d696e5f69647c733a313a2231223b6c6f67696e5f757365725f69647c733a313a2231223b6e616d657c733a353a224a65657661223b6c6f67696e5f747970657c733a353a2261646d696e223b72656665727265645f66726f6d7c733a35353a22687474703a2f2f6c6f63616c686f73743a383038302f6578616d63656c6c2f696e6465782e7068702f41646d696e2f73747564656e7473223b7269647c693a34383b73747564656e745f69647c733a323a223536223b),
('e3e3b01efb63e92900bbf607bac36f68ae97636a', '192.168.1.128', 1554983751, 0x5f5f63695f6c6173745f726567656e65726174657c693a313535343938333636303b),
('e4550e156fdc97ddc99c2bd64b2210c295b89dd4', '192.168.1.25', 1554976700, 0x5f5f63695f6c6173745f726567656e65726174657c693a313535343937363730303b73747564656e745f6c6f67696e7c733a313a2231223b73747564656e745f69647c733a323a223536223b6c6f67696e5f757365725f69647c733a323a223536223b6e616d657c733a31323a226d7574687572616d616e2e6b223b6c6f67696e5f747970657c733a373a2273747564656e74223b7269647c693a32353b),
('e68476fcbca3338451d2b984409b2546ca748790', '192.168.1.119', 1554977909, 0x5f5f63695f6c6173745f726567656e65726174657c693a313535343937373930393b73747564656e745f6c6f67696e7c733a313a2231223b73747564656e745f69647c733a323a223530223b6c6f67696e5f757365725f69647c733a323a223530223b6e616d657c733a31303a2264656562656e6472616e223b6c6f67696e5f747970657c733a373a2273747564656e74223b),
('e95b33e58f9eac452c2967cd78a9059d41ed4d73', '192.168.1.27', 1554983753, 0x5f5f63695f6c6173745f726567656e65726174657c693a313535343938333734363b),
('e9aeb4a4635cd8ce492e665925d8192675f4f03d', '::1', 1555302504, 0x5f5f63695f6c6173745f726567656e65726174657c693a313535353330323438393b61646d696e5f6c6f67696e7c733a313a2231223b61646d696e5f69647c733a313a2231223b6c6f67696e5f757365725f69647c733a313a2231223b6e616d657c733a353a224a65657661223b6c6f67696e5f747970657c733a353a2261646d696e223b),
('ecac9eadd8fb70bcaf5ecf85517c2564dfaa771c', '192.168.1.121', 1554974291, 0x5f5f63695f6c6173745f726567656e65726174657c693a313535343937343239313b),
('f082f62bdc9f05a8eb8c275be5245abf31278e28', '::1', 1555044969, 0x5f5f63695f6c6173745f726567656e65726174657c693a313535353034343833333b61646d696e5f6c6f67696e7c733a313a2231223b61646d696e5f69647c733a313a2231223b6c6f67696e5f757365725f69647c733a313a2231223b6e616d657c733a353a224a65657661223b6c6f67696e5f747970657c733a353a2261646d696e223b72656665727265645f66726f6d7c733a35353a22687474703a2f2f6c6f63616c686f73743a383038302f6578616d63656c6c2f696e6465782e7068702f41646d696e2f73747564656e7473223b),
('fbe694567e49be6a6f2900af76a6b05dcb0a0c2d', '192.168.1.22', 1554975631, 0x5f5f63695f6c6173745f726567656e65726174657c693a313535343937353633313b73747564656e745f6c6f67696e7c733a313a2231223b73747564656e745f69647c733a323a223732223b6c6f67696e5f757365725f69647c733a323a223732223b6e616d657c733a31313a227372696e69766173616e76223b6c6f67696e5f747970657c733a373a2273747564656e74223b7269647c693a33313b);

-- --------------------------------------------------------

--
-- Table structure for table `class`
--

CREATE TABLE `class` (
  `class_id` int(11) NOT NULL,
  `name` longtext COLLATE utf8_unicode_ci NOT NULL,
  `name_numeric` longtext COLLATE utf8_unicode_ci NOT NULL
) ENGINE=InnoDB DEFAULT CHARSET=utf8 COLLATE=utf8_unicode_ci;

--
-- Dumping data for table `class`
--

INSERT INTO `class` (`class_id`, `name`, `name_numeric`) VALUES
(2, 'Grade 2', 'II'),
(3, 'Grade 3', 'III'),
(4, 'Grade 4', 'IV'),
(5, 'Grade 5', 'V'),
(8, 'Grade 8', 'VIII'),
(11, 'Grade 11', 'XI'),
(12, 'Grade 12', 'XII'),
(13, 'Grade 13', 'XIII');

-- --------------------------------------------------------

--
-- Table structure for table `class_routine`
--

CREATE TABLE `class_routine` (
  `class_routine_id` int(11) NOT NULL,
  `class_id` int(11) NOT NULL,
  `section_id` int(11) NOT NULL,
  `subject_id` int(11) NOT NULL,
  `time_start` int(11) NOT NULL,
  `time_end` int(11) NOT NULL,
  `time_start_min` int(11) NOT NULL,
  `time_end_min` int(11) NOT NULL,
  `day` longtext COLLATE utf8_unicode_ci NOT NULL,
  `year` longtext COLLATE utf8_unicode_ci NOT NULL
) ENGINE=InnoDB DEFAULT CHARSET=utf8 COLLATE=utf8_unicode_ci;

--
-- Dumping data for table `class_routine`
--

INSERT INTO `class_routine` (`class_routine_id`, `class_id`, `section_id`, `subject_id`, `time_start`, `time_end`, `time_start_min`, `time_end_min`, `day`, `year`) VALUES
(1, 1, 38, 1, 17, 18, 30, 30, 'Monday', '2016-2017'),
(2, 1, 38, 3, 18, 20, 0, 30, 'Wednesday', '2016-2017'),
(3, 1, 38, 2, 19, 21, 30, 30, 'sabado', '2016-2017');

-- --------------------------------------------------------

--
-- Table structure for table `common_user`
--

CREATE TABLE `common_user` (
  `common_user_id` int(11) NOT NULL,
  `name` longtext COLLATE utf8_unicode_ci NOT NULL,
  `email` longtext COLLATE utf8_unicode_ci NOT NULL,
  `password` longtext COLLATE utf8_unicode_ci NOT NULL,
  `phone` longtext COLLATE utf8_unicode_ci NOT NULL,
  `address` longtext COLLATE utf8_unicode_ci NOT NULL,
  `owner_status` int(11) NOT NULL DEFAULT '0' COMMENT '1 owner, 0 not owner',
  `username` longtext COLLATE utf8_unicode_ci NOT NULL,
  `status` int(11) NOT NULL DEFAULT '1',
  `birthday` longtext COLLATE utf8_unicode_ci NOT NULL
) ENGINE=MyISAM DEFAULT CHARSET=utf8 COLLATE=utf8_unicode_ci;

--
-- Dumping data for table `common_user`
--

INSERT INTO `common_user` (`common_user_id`, `name`, `email`, `password`, `phone`, `address`, `owner_status`, `username`, `status`, `birthday`) VALUES
(1, 'Jeeva', 'jeevaa19@gmail.com', '88ea39439e74fa27c09a4fc0bc8ebe6d00978392', '9994985459', 'nagamalai pudukottai', 1, 'common_user', 1, '19-12-1985');

-- --------------------------------------------------------

--
-- Table structure for table `compartment`
--

CREATE TABLE `compartment` (
  `compartment_id` bigint(20) NOT NULL,
  `name` varchar(200) NOT NULL,
  `status` int(11) NOT NULL
) ENGINE=InnoDB DEFAULT CHARSET=latin1;

--
-- Dumping data for table `compartment`
--

INSERT INTO `compartment` (`compartment_id`, `name`, `status`) VALUES
(1, 'Primary', 1),
(2, 'Middle', 1),
(3, 'High School', 1),
(4, 'Higher Secondary', 1),
(5, 'Sr.Secondary', 1),
(6, 'IIT/NEET', 1);

-- --------------------------------------------------------

--
-- Table structure for table `coordinator`
--

CREATE TABLE `coordinator` (
  `coordinator_id` int(11) NOT NULL,
  `name` longtext COLLATE utf8_unicode_ci NOT NULL,
  `birthday` longtext COLLATE utf8_unicode_ci,
  `sex` longtext COLLATE utf8_unicode_ci NOT NULL,
  `address` longtext COLLATE utf8_unicode_ci NOT NULL,
  `phone` longtext COLLATE utf8_unicode_ci NOT NULL,
  `email` longtext COLLATE utf8_unicode_ci NOT NULL,
  `password` longtext COLLATE utf8_unicode_ci NOT NULL,
  `password_text` varchar(200) COLLATE utf8_unicode_ci NOT NULL,
  `username` longtext COLLATE utf8_unicode_ci NOT NULL,
  `school_id` int(11) NOT NULL,
  `compartment_id` int(11) NOT NULL,
  `acd_year_id` int(11) NOT NULL
) ENGINE=InnoDB DEFAULT CHARSET=utf8 COLLATE=utf8_unicode_ci;

--
-- Dumping data for table `coordinator`
--

INSERT INTO `coordinator` (`coordinator_id`, `name`, `birthday`, `sex`, `address`, `phone`, `email`, `password`, `password_text`, `username`, `school_id`, `compartment_id`, `acd_year_id`) VALUES
(1, 'HM1_Anupanady', NULL, '', '', '', '', '88ea39439e74fa27c09a4fc0bc8ebe6d00978392', 'HM1_Anupanady', 'HM1_Anupanady', 2, 1, 1),
(2, 'HM2_Anupanady', NULL, '', '', '', '', '88ea39439e74fa27c09a4fc0bc8ebe6d00978392', 'HM2_Anupanady', 'HM2_Anupanady', 2, 2, 1),
(3, 'HM1_theni', NULL, '', '', '', '', '88ea39439e74fa27c09a4fc0bc8ebe6d00978392', '123123123', 'HM1_theni', 1, 1, 1),
(4, 'HM2_theni', NULL, '', '', '', '', '88ea39439e74fa27c09a4fc0bc8ebe6d00978392', '123123123', 'HM2_theni', 1, 2, 1),
(5, 'HM1_veeraganoor', NULL, '', '', '', '', '88ea39439e74fa27c09a4fc0bc8ebe6d00978392', '123123123', 'HM1_veeraganoor', 3, 1, 1),
(6, 'HM2_veeraganoor', NULL, '', '', '', '', '88ea39439e74fa27c09a4fc0bc8ebe6d00978392', '123123123', 'HM2_veeraganoor', 3, 2, 1);

-- --------------------------------------------------------

--
-- Table structure for table `course`
--

CREATE TABLE `course` (
  `course_id` bigint(20) NOT NULL,
  `name` varchar(200) NOT NULL,
  `class_id` int(11) NOT NULL,
  `level_id` int(11) NOT NULL,
  `subject_id` int(11) NOT NULL,
  `fees` double NOT NULL,
  `schedules` varchar(200) NOT NULL,
  `coaching_type` int(11) NOT NULL,
  `year` int(11) NOT NULL,
  `reg_date` date NOT NULL,
  `flag` int(11) NOT NULL,
  `description` text NOT NULL
) ENGINE=InnoDB DEFAULT CHARSET=latin1;

--
-- Dumping data for table `course`
--

INSERT INTO `course` (`course_id`, `name`, `class_id`, `level_id`, `subject_id`, `fees`, `schedules`, `coaching_type`, `year`, `reg_date`, `flag`, `description`) VALUES
(2, 'Anatomy of the human Body', 11, 4, 5, 700, '1,2,3', 1, 2016, '2018-05-16', 2, 'In this course, youll gain an understanding of the basic concepts of anatomy and learn to dissect the human body '),
(3, 'demo course', 12, 4, 5, 250, '1,2,3', 3, 2016, '2018-05-16', 0, ''),
(4, 'Functions', 12, 4, 4, 400, '1,2,3,4', 3, 2016, '0000-00-00', 2, 'The course covers everything in Functions and makes difficult concepts easy using Graphs and Figures which will help you understand the real logic in a simple and easy way. '),
(8, 'Circle', 9, 3, 4, 400, '1,3,4', 3, 2016, '0000-00-00', 2, 'In this course, youll gain an understanding of the basic concepts of circle'),
(10, 'Algebra', 12, 4, 4, 500, '1,3,6', 3, 2016, '0000-00-00', 2, 'In this course, youll gain an understanding of the basic concepts of Algebra'),
(11, 'Packing in solids', 12, 4, 8, 300, '1,4,6', 3, 2016, '0000-00-00', 2, 'In this course, youll gain an understanding of the basic concepts of solid');

-- --------------------------------------------------------

--
-- Table structure for table `course_mapping`
--

CREATE TABLE `course_mapping` (
  `ctm_id` bigint(20) NOT NULL,
  `course_id` bigint(20) NOT NULL,
  `teacher_ids` text NOT NULL,
  `dom` date NOT NULL
) ENGINE=InnoDB DEFAULT CHARSET=latin1;

--
-- Dumping data for table `course_mapping`
--

INSERT INTO `course_mapping` (`ctm_id`, `course_id`, `teacher_ids`, `dom`) VALUES
(1, 2, '3,4', '2018-05-18'),
(2, 10, '1', '2018-05-18'),
(3, 8, '5', '2018-05-18'),
(4, 4, '1,5', '2018-05-18'),
(5, 11, '7', '2018-05-26');

-- --------------------------------------------------------

--
-- Table structure for table `course_student_setting`
--

CREATE TABLE `course_student_setting` (
  `mapping_id` bigint(20) NOT NULL,
  `course_id` bigint(20) NOT NULL,
  `student_id` bigint(20) NOT NULL,
  `request_flag` tinyint(4) NOT NULL,
  `status` tinyint(4) NOT NULL,
  `payment_status` int(11) NOT NULL
) ENGINE=InnoDB DEFAULT CHARSET=latin1;

--
-- Dumping data for table `course_student_setting`
--

INSERT INTO `course_student_setting` (`mapping_id`, `course_id`, `student_id`, `request_flag`, `status`, `payment_status`) VALUES
(1, 1, 8, 1, 1, 1);

-- --------------------------------------------------------

--
-- Table structure for table `document`
--

CREATE TABLE `document` (
  `document_id` int(11) NOT NULL,
  `title` longtext COLLATE utf8_unicode_ci NOT NULL,
  `description` longtext COLLATE utf8_unicode_ci NOT NULL,
  `file_name` longtext COLLATE utf8_unicode_ci NOT NULL,
  `file_type` longtext COLLATE utf8_unicode_ci NOT NULL,
  `class_id` longtext COLLATE utf8_unicode_ci NOT NULL,
  `teacher_id` int(11) NOT NULL,
  `timestamp` longtext COLLATE utf8_unicode_ci NOT NULL,
  `subject_id` int(11) DEFAULT NULL
) ENGINE=MyISAM DEFAULT CHARSET=utf8 COLLATE=utf8_unicode_ci;

--
-- Dumping data for table `document`
--

INSERT INTO `document` (`document_id`, `title`, `description`, `file_name`, `file_type`, `class_id`, `teacher_id`, `timestamp`, `subject_id`) VALUES
(12, 'EVS Project', 'sample', '05_ISA Action Plan -what should be there_(2).pdf', 'pdf', '1', 0, '1525331686', 3),
(13, 'Solar System', 'sample', '05_ISA Action Plan -what should be there_(1).pdf', 'pdf', '1', 0, '1525331779', 3);

-- --------------------------------------------------------

--
-- Table structure for table `documents`
--

CREATE TABLE `documents` (
  `document_id` bigint(20) NOT NULL,
  `name` varchar(200) NOT NULL
) ENGINE=InnoDB DEFAULT CHARSET=latin1;

--
-- Dumping data for table `documents`
--

INSERT INTO `documents` (`document_id`, `name`) VALUES
(1, 'Notes of Lesson'),
(2, 'Worksheet'),
(3, 'Olympaid'),
(4, 'Question Bank');

-- --------------------------------------------------------

--
-- Table structure for table `dormitory`
--

CREATE TABLE `dormitory` (
  `dormitory_id` int(11) NOT NULL,
  `name` longtext COLLATE utf8_unicode_ci NOT NULL,
  `number_of_room` longtext COLLATE utf8_unicode_ci NOT NULL,
  `description` longtext COLLATE utf8_unicode_ci NOT NULL
) ENGINE=MyISAM DEFAULT CHARSET=utf8 COLLATE=utf8_unicode_ci;

--
-- Dumping data for table `dormitory`
--

INSERT INTO `dormitory` (`dormitory_id`, `name`, `number_of_room`, `description`) VALUES
(21, '1st floor', '1', 'right corner');

-- --------------------------------------------------------

--
-- Table structure for table `enroll`
--

CREATE TABLE `enroll` (
  `enroll_id` int(11) NOT NULL,
  `enroll_code` longtext COLLATE utf8_unicode_ci NOT NULL,
  `student_id` int(11) NOT NULL,
  `class_id` int(11) NOT NULL,
  `course_id` int(11) DEFAULT NULL,
  `roll` int(11) NOT NULL DEFAULT '0',
  `date_added` date NOT NULL,
  `year` longtext COLLATE utf8_unicode_ci NOT NULL,
  `request_flag` int(11) DEFAULT NULL,
  `payment_status` int(11) DEFAULT NULL,
  `status` int(11) DEFAULT NULL
) ENGINE=InnoDB DEFAULT CHARSET=utf8 COLLATE=utf8_unicode_ci;

--
-- Dumping data for table `enroll`
--

INSERT INTO `enroll` (`enroll_id`, `enroll_code`, `student_id`, `class_id`, `course_id`, `roll`, `date_added`, `year`, `request_flag`, `payment_status`, `status`) VALUES
(2, '4e8fb49', 2, 12, 1, 0, '0000-00-00', '2016-2017', NULL, NULL, NULL),
(3, '82afa4d', 3, 11, 2, 0, '2018-05-14', '2016-2017', NULL, NULL, NULL),
(4, 'c06ad18', 4, 7, 2, 0, '2018-05-15', '2016-2017', NULL, NULL, NULL),
(5, '029d8fb', 5, 12, 3, 0, '2018-05-15', '2016-2017', NULL, NULL, NULL),
(6, '7a3a146', 6, 6, 2, 0, '2018-05-18', '2016-2017', NULL, NULL, NULL),
(7, 'dacc0a2', 7, 9, 1, 0, '2018-05-18', '2016-2017', NULL, NULL, NULL),
(8, '54b9ee7', 8, 12, 1, 0, '2018-05-18', '2016-2017', NULL, NULL, NULL),
(9, 'df84ed5', 9, 12, 2, 0, '2018-05-18', '2016-2017', 1, 1, 1);

-- --------------------------------------------------------

--
-- Table structure for table `events`
--

CREATE TABLE `events` (
  `event_id` int(11) NOT NULL,
  `title` longtext CHARACTER SET utf8 COLLATE utf8_unicode_ci NOT NULL,
  `description` longtext CHARACTER SET utf8 COLLATE utf8_unicode_ci NOT NULL,
  `datefrom` longtext CHARACTER SET utf8 COLLATE utf8_unicode_ci NOT NULL,
  `dateto` longtext CHARACTER SET utf8 COLLATE utf8_unicode_ci NOT NULL
) ENGINE=InnoDB DEFAULT CHARSET=latin1;

--
-- Dumping data for table `events`
--

INSERT INTO `events` (`event_id`, `title`, `description`, `datefrom`, `dateto`) VALUES
(1, 'Chidrai Festival holiday', 'Chidrai Festival Holiday<br>', '29-04-2018', '05-05-2018');

-- --------------------------------------------------------

--
-- Table structure for table `exam`
--

CREATE TABLE `exam` (
  `exam_id` int(11) NOT NULL,
  `name` longtext COLLATE utf8_unicode_ci NOT NULL,
  `year` longtext COLLATE utf8_unicode_ci NOT NULL,
  `comment` longtext COLLATE utf8_unicode_ci NOT NULL
) ENGINE=InnoDB DEFAULT CHARSET=utf8 COLLATE=utf8_unicode_ci;

--
-- Dumping data for table `exam`
--

INSERT INTO `exam` (`exam_id`, `name`, `year`, `comment`) VALUES
(1, 'Ist sem', '2016-2017', 'aaa');

-- --------------------------------------------------------

--
-- Table structure for table `exams`
--

CREATE TABLE `exams` (
  `exam_id` int(11) NOT NULL,
  `title` longtext CHARACTER SET utf8 COLLATE utf8_unicode_ci NOT NULL,
  `description` longtext CHARACTER SET utf8 COLLATE utf8_unicode_ci NOT NULL,
  `availablefrom` longtext CHARACTER SET utf8 COLLATE utf8_unicode_ci NOT NULL,
  `availableto` longtext CHARACTER SET utf8 COLLATE utf8_unicode_ci NOT NULL,
  `class_id` int(11) NOT NULL,
  `section_id` int(11) NOT NULL,
  `teacher_id` int(11) NOT NULL,
  `subject_id` int(11) NOT NULL,
  `duration` int(11) NOT NULL,
  `questions` int(11) NOT NULL,
  `pass` longtext CHARACTER SET utf8 COLLATE utf8_unicode_ci NOT NULL,
  `accesscode` longtext CHARACTER SET utf8 COLLATE utf8_unicode_ci,
  `exam_code` longtext CHARACTER SET utf8 COLLATE utf8_unicode_ci NOT NULL
) ENGINE=InnoDB DEFAULT CHARSET=latin1;

-- --------------------------------------------------------

--
-- Table structure for table `exam_question_sets`
--

CREATE TABLE `exam_question_sets` (
  `id` bigint(20) NOT NULL,
  `exam_id` bigint(20) DEFAULT NULL,
  `set_id` bigint(20) DEFAULT NULL,
  `questions` longtext,
  `status` int(11) DEFAULT NULL
) ENGINE=InnoDB DEFAULT CHARSET=latin1;

--
-- Dumping data for table `exam_question_sets`
--

INSERT INTO `exam_question_sets` (`id`, `exam_id`, `set_id`, `questions`, `status`) VALUES
(1, 6, 1, '[{\"question_id\":\"13\",\"correctanswer\":\"3\"},{\"question_id\":\"8\",\"correctanswer\":\"2\"},{\"question_id\":\"1\",\"correctanswer\":\"2\"},{\"question_id\":\"9\",\"correctanswer\":\"3\"},{\"question_id\":\"10\",\"correctanswer\":\"4\"},{\"question_id\":\"11\",\"correctanswer\":\"3\"},{\"question_id\":\"14\",\"correctanswer\":\"2\"}]', 1),
(3, 6, 1, '[{\"question_id\":\"14\",\"correctanswer\":\"2\"},{\"question_id\":\"7\",\"correctanswer\":\"1\"}]', 1),
(4, 0, 1, 'null', 1),
(5, 6, 1, '[{\"question_id\":\"7\",\"correctanswer\":\"1\"},{\"question_id\":\"14\",\"correctanswer\":\"2\"},{\"question_id\":\"8\",\"correctanswer\":\"2\"}]', 1),
(6, 7, 1, '[{\"question_id\":\"13\",\"correctanswer\":\"3\"},{\"question_id\":\"14\",\"correctanswer\":\"2\"},{\"question_id\":\"8\",\"correctanswer\":\"2\"},{\"question_id\":\"9\",\"correctanswer\":\"3\"},{\"question_id\":\"10\",\"correctanswer\":\"4\"},{\"question_id\":\"11\",\"correctanswer\":\"3\"}]', 1),
(7, 9, 1, '[{\"question_id\":\"13\",\"correctanswer\":\"3\"},{\"question_id\":\"14\",\"correctanswer\":\"2\"}]', 1);

-- --------------------------------------------------------

--
-- Table structure for table `expense_category`
--

CREATE TABLE `expense_category` (
  `expense_category_id` int(11) NOT NULL,
  `name` longtext COLLATE utf8_unicode_ci NOT NULL
) ENGINE=InnoDB DEFAULT CHARSET=utf8 COLLATE=utf8_unicode_ci;

-- --------------------------------------------------------

--
-- Table structure for table `forum`
--

CREATE TABLE `forum` (
  `post_id` int(11) NOT NULL,
  `teacher_id` int(11) NOT NULL,
  `subject_id` int(11) NOT NULL,
  `class_id` int(11) NOT NULL,
  `timestamp` longtext CHARACTER SET utf8 COLLATE utf8_unicode_ci NOT NULL,
  `title` longtext CHARACTER SET utf8 COLLATE utf8_unicode_ci NOT NULL,
  `description` longtext CHARACTER SET utf8 COLLATE utf8_unicode_ci NOT NULL,
  `post_code` longtext CHARACTER SET utf8 COLLATE utf8_unicode_ci NOT NULL,
  `file_name` longtext CHARACTER SET utf8 COLLATE utf8_unicode_ci NOT NULL,
  `section_id` int(11) NOT NULL,
  `post_status` int(11) DEFAULT '1'
) ENGINE=InnoDB DEFAULT CHARSET=latin1;

-- --------------------------------------------------------

--
-- Table structure for table `forum_message`
--

CREATE TABLE `forum_message` (
  `message` longtext CHARACTER SET utf32 COLLATE utf32_unicode_ci NOT NULL,
  `post_id` int(11) NOT NULL,
  `date` longtext CHARACTER SET utf8 COLLATE utf8_unicode_ci NOT NULL,
  `user_id` int(11) NOT NULL,
  `user_type` longtext CHARACTER SET utf8 COLLATE utf8_unicode_ci NOT NULL,
  `message_id` int(11) NOT NULL
) ENGINE=InnoDB DEFAULT CHARSET=latin1;

-- --------------------------------------------------------

--
-- Table structure for table `gallery_album`
--

CREATE TABLE `gallery_album` (
  `image_id` int(11) NOT NULL,
  `description` longtext CHARACTER SET utf8 COLLATE utf8_unicode_ci NOT NULL,
  `name` longtext CHARACTER SET utf8 COLLATE utf8_unicode_ci NOT NULL,
  `timestamp_upload` longtext CHARACTER SET utf8 COLLATE utf8_unicode_ci NOT NULL,
  `category_id` int(11) NOT NULL,
  `photo` longtext CHARACTER SET utf8 COLLATE utf8_unicode_ci NOT NULL
) ENGINE=InnoDB DEFAULT CHARSET=latin1;

-- --------------------------------------------------------

--
-- Table structure for table `gallery_category`
--

CREATE TABLE `gallery_category` (
  `category_id` int(11) NOT NULL,
  `description` longtext CHARACTER SET utf8 COLLATE utf8_unicode_ci NOT NULL,
  `embed` longtext CHARACTER SET utf8 COLLATE utf8_unicode_ci NOT NULL,
  `title` longtext CHARACTER SET utf8 COLLATE utf8_unicode_ci NOT NULL
) ENGINE=InnoDB DEFAULT CHARSET=latin1;

-- --------------------------------------------------------

--
-- Table structure for table `hod`
--

CREATE TABLE `hod` (
  `hod_id` bigint(11) NOT NULL,
  `name` longtext COLLATE utf8_unicode_ci NOT NULL,
  `email` longtext COLLATE utf8_unicode_ci NOT NULL,
  `password` longtext COLLATE utf8_unicode_ci NOT NULL,
  `password_text` varchar(200) COLLATE utf8_unicode_ci NOT NULL,
  `phone` longtext COLLATE utf8_unicode_ci NOT NULL,
  `address` longtext COLLATE utf8_unicode_ci NOT NULL,
  `username` longtext COLLATE utf8_unicode_ci NOT NULL,
  `subject_id` int(11) NOT NULL,
  `acd_year_id` int(11) NOT NULL
) ENGINE=MyISAM DEFAULT CHARSET=utf8 COLLATE=utf8_unicode_ci;

--
-- Dumping data for table `hod`
--

INSERT INTO `hod` (`hod_id`, `name`, `email`, `password`, `password_text`, `phone`, `address`, `username`, `subject_id`, `acd_year_id`) VALUES
(1, 'Mrs.Muthuvel', '', '88ea39439e74fa27c09a4fc0bc8ebe6d00978392', '123123123', '', '', 'muthu', 6, 1),
(3, 'roshan', '', 'f5efdd2442072948d5e43080601c0ae66e7b0607', 'roshan', '', '', 'roshan', 2, 1),
(4, 'Mrs.roshi', '', '88ea39439e74fa27c09a4fc0bc8ebe6d00978392', '123123123', '', '', 'roshi', 1, 1);

-- --------------------------------------------------------

--
-- Table structure for table `homework`
--

CREATE TABLE `homework` (
  `homework_id` int(11) NOT NULL,
  `homework_code` longtext CHARACTER SET utf8 COLLATE utf8_unicode_ci NOT NULL,
  `title` longtext CHARACTER SET utf8 COLLATE utf8_unicode_ci NOT NULL,
  `description` longtext CHARACTER SET utf8 COLLATE utf8_unicode_ci NOT NULL,
  `class_id` int(11) NOT NULL,
  `subject_id` int(11) NOT NULL,
  `uploader_id` int(11) NOT NULL,
  `homework_status` int(11) NOT NULL DEFAULT '1',
  `time_end` longtext CHARACTER SET utf8 COLLATE utf8_unicode_ci NOT NULL,
  `section_id` int(11) NOT NULL,
  `uploader_type` longtext CHARACTER SET utf8 COLLATE utf8_unicode_ci NOT NULL,
  `file_name` longtext CHARACTER SET utf8 COLLATE utf8_unicode_ci NOT NULL
) ENGINE=InnoDB DEFAULT CHARSET=latin1;

--
-- Dumping data for table `homework`
--

INSERT INTO `homework` (`homework_id`, `homework_code`, `title`, `description`, `class_id`, `subject_id`, `uploader_id`, `homework_status`, `time_end`, `section_id`, `uploader_type`, `file_name`) VALUES
(1, '36f30ccbd2', 'EVS Project', 'Prepare the chart on \"My solor System\"<br>', 1, 3, 1, 1, '18-05-2018', 38, 'teacher', '05_ISA Action Plan -what should be there_(2).pdf'),
(2, '3dc54b8f79', 'Know my planet', 'Know my planet <br>', 1, 3, 1, 1, '01-05-2018', 38, 'teacher', '1-sample_download.pdf');

-- --------------------------------------------------------

--
-- Table structure for table `horarios_examenes`
--

CREATE TABLE `horarios_examenes` (
  `horario_id` int(11) NOT NULL,
  `class_id` int(11) NOT NULL,
  `section_id` int(11) NOT NULL,
  `subject_id` int(11) NOT NULL,
  `time_start` int(11) NOT NULL,
  `time_end` int(11) NOT NULL,
  `time_start_min` int(11) NOT NULL,
  `time_end_min` int(11) NOT NULL,
  `day` longtext CHARACTER SET utf8 COLLATE utf8_unicode_ci NOT NULL,
  `year` longtext CHARACTER SET utf8 COLLATE utf8_unicode_ci NOT NULL,
  `fecha` longtext CHARACTER SET utf8 COLLATE utf8_unicode_ci NOT NULL
) ENGINE=InnoDB DEFAULT CHARSET=latin1;

-- --------------------------------------------------------

--
-- Table structure for table `invoice`
--

CREATE TABLE `invoice` (
  `invoice_id` int(11) NOT NULL,
  `student_id` int(11) NOT NULL,
  `title` longtext COLLATE utf8_unicode_ci NOT NULL,
  `description` longtext COLLATE utf8_unicode_ci NOT NULL,
  `amount` int(11) NOT NULL,
  `amount_paid` longtext COLLATE utf8_unicode_ci NOT NULL,
  `due` longtext COLLATE utf8_unicode_ci NOT NULL,
  `creation_timestamp` int(11) NOT NULL,
  `payment_timestamp` longtext COLLATE utf8_unicode_ci NOT NULL,
  `payment_method` longtext COLLATE utf8_unicode_ci NOT NULL,
  `payment_details` longtext COLLATE utf8_unicode_ci NOT NULL,
  `status` longtext COLLATE utf8_unicode_ci NOT NULL COMMENT 'paid or unpaid',
  `year` longtext COLLATE utf8_unicode_ci NOT NULL
) ENGINE=MyISAM DEFAULT CHARSET=utf8 COLLATE=utf8_unicode_ci;

-- --------------------------------------------------------

--
-- Table structure for table `language`
--

CREATE TABLE `language` (
  `phrase_id` int(11) NOT NULL,
  `phrase` longtext COLLATE utf8_unicode_ci NOT NULL,
  `english` longtext COLLATE utf8_unicode_ci NOT NULL,
  `spanish` longtext COLLATE utf8_unicode_ci NOT NULL,
  `portuguse` longtext COLLATE utf8_unicode_ci,
  `hindi` longtext COLLATE utf8_unicode_ci,
  `french` longtext COLLATE utf8_unicode_ci,
  `serbian` longtext COLLATE utf8_unicode_ci,
  `arabic` longtext COLLATE utf8_unicode_ci NOT NULL
) ENGINE=MyISAM DEFAULT CHARSET=utf8 COLLATE=utf8_unicode_ci;

--
-- Dumping data for table `language`
--

INSERT INTO `language` (`phrase_id`, `phrase`, `english`, `spanish`, `portuguse`, `hindi`, `french`, `serbian`, `arabic`) VALUES
(386, 'Required', 'Required', 'Obligatorio', 'obrigatrio', '', 'obligatoire', '', ''),
(464, 'Viewing-Report', 'Viewing Report', 'Viendo Reporte', 'visualizao de relatrios', ' ', 'Rapport de visualisation', ' ', ' '),
(390, 'Admin-Dashboard', 'Admin Dashboard', 'Tablero de Administracin', 'Conselho de Administrao', ' ', 'Conseil d\'administration', ' ', ' '),
(391, 'Send-Teacher-Files', 'Send files to teachers', 'Enviar archivos a los Profesores', 'Enviar arquivos para Professores', '     ', 'Envoyer des fichiers aux enseignants', '   ', '   '),
(392, 'New-Student', 'Add Student', 'Agregar nuevo estudiante', 'Adicionar novo aluno', '  ', 'Ajouter un tudiant', '  ', '  '),
(393, 'Student-Form', 'Registration Form', 'Formulario de registro', 'Formulrio de Inscrio', ' ', 'Formulaire d\'inscription', '  ', ' '),
(394, 'Report-Teacher-List', 'Teachers reported', 'Profesores Reportados', 'Os professores relataram', '   ', 'enseignants dclars', 'nastavnici', '  '),
(465, 'Students', 'Students', 'Estudiantes', 'estudantes', '', 'tudiants', '', ''),
(450, 'Delete', 'Delete', 'Eliminar', 'remover', '', 'supprimer', '', ''),
(466, 'Class', 'Class', 'Grado', 'grau', '', 'degr', '', ''),
(461, 'Removed', 'Removed successfully', 'Eliminado Correctamente', 'justamente eliminado', ' ', 'Correctement limin', '  ', ' '),
(460, 'Updated', 'Successfully updated', 'Actualizado correctamente', 'atualizado com sucesso', ' ', 'mis  jour avec succs', ' ', ' '),
(453, 'Add', 'Add', 'Agregar', 'adicionar', '', 'ajouter', '', ''),
(467, 'Marks-Of', 'Marks of', 'Calificaciones de', 'classificaes', '', 'notes', '', ''),
(468, 'Student-Promotion', 'Student Promotion', 'Promover Estudiantes', 'Os estudantes que promovem', '    ', 'promouvoir les tudiants', ' ', ' '),
(469, 'Manage-Parents', 'Manage Parents', 'Administrar Padres de familia', 'Gerenciar Pais', '-  ', 'Grer les parents', 'upravljanje ', ' '),
(470, 'Manage-Teachers', 'Manage Teachers', 'Administrar Profesores', 'gerenciar Professores', '  ', 'grer enseignants', ' ', ' '),
(471, 'Manage-Subjects', 'Manage Subjects', 'Administrar Cursos', 'gerenciar cursos', ' ', 'grer Cours', ' ', ' '),
(472, 'Manage-Classes', 'Manage Classes', 'Administrar Grados', 'gerenciar graus', '  ', 'grer les qualits', ' ', ' '),
(473, 'Virtual-Library', 'Virtual Library', 'Librera Virtual', 'biblioteca virtual', ' ', 'bibliothque virtuelle', ' ', ' '),
(474, 'Manage-Sections', 'Manage Sections', 'Administrar Secciones', 'gerenciar Seces', '  ', 'grer Sections', ' ', ' '),
(475, 'Select-None', 'Not selected', 'Sin seleccionar', 'no verificado', '', 'incontrl', ' ', ' '),
(476, 'Semesters', 'Semesters', 'Semestres', 'semestres', '', 'semestres', '', ' '),
(477, 'Upload-Marks', 'Upload Marks', 'Subir Calificaciones', 'Subir Calificaciones', '', 'up valuations', ' ', ' '),
(478, 'Marks-by-Subject', 'Marks By Subject', 'Calificaciones por curso', 'Classificaes por curso', '   ', 'valuations par cours', '  ', '  '),
(479, 'Exam-Routine', 'Exam Routine', 'Horarios de Exmenes', 'Perodos de teste', '  ', 'Temps d\'essai', 'testiranje ', ' '),
(480, 'Class-Routine', 'Class Routine', 'Horarios de Clases', 'Tabela de Ramos', '  ', 'Horaire des cours', ' ', '  '),
(481, 'Attendance', 'Attendance', 'Control de Asistencia', 'atendimento dirio', ' ', 'Commande d\'assistance', ' ', ' '),
(482, 'Attendance-Report', 'Attendance Report', 'Reporte de Asistencia', 'Relatrio de Frequncia', ' ', 'Participation Rapport', 'prisustvo ', ' '),
(483, 'Details', 'Details', 'Detalles', 'detalhes', '', 'dtails', 'detalji', ''),
(484, 'Send-News', 'Send News', 'Enviar Noticias', 'enviar Notcia', ' ', 'soumettre Nouvelles', ' ', ' '),
(500, 'Documents-Teachers', 'Documents for teachers', 'Documentos para los Profesores', 'Documentos para Professores', '   ', 'Documents pour les enseignants', '  ', ' '),
(487, 'Semester-Content', 'Contents of the semester', 'Contenidos del Semestre', 'contedo Semestre', ' ', 'Contenu Semestre', ' ', '  '),
(488, 'Students-Payments', 'Student Payments', 'Pagos Mensuales', 'Os pagamentos mensais', ' ', 'Les paiements mensuels', ' ', ' '),
(489, 'Expense', 'Expense', 'Egresos', 'despesa', '', 'dpense', '', ''),
(490, 'Expense-Category', 'Expense Category', 'Categoras de Egresos', 'Categorias de despesas', ' ', 'Catgories de dpenses', 'kategorije ', ' '),
(491, 'Manage-School-Bus', 'Manage School Bus', 'Administrar bus escolar', 'Gerenciar nibus escolar', '   ', 'Grer les autobus scolaires', '  ', '  '),
(492, 'Manage-Classrooms', 'Manage Classrooms', 'Administrar salones de clases', 'Gerenciar salas de aula', '   ', 'Grer les salles de classe', 'upravljanje ', '  '),
(493, 'Message-Sent', 'Message sent correctly', 'Mensaje Enviado ', 'Mensagem enviada', ' ', 'Message envoy', 'poruka ', ' '),
(494, 'Private-Messages', 'Private Messages', 'Mensajes Privados', 'mensagens privadas', ' ', 'messages privs', ' ', ' '),
(495, 'System-Updated', 'System Updated', 'Sistema Actualizado', 'sistema atualizado', ' ', 'Mise  jour du systme', ' ', ' '),
(497, 'System-Settings', 'System Settings', 'Ajustes del Sistema', 'Configuraes do sistema', ' ', 'Paramtres systme', ' ', ' '),
(499, 'Admins', 'Admins', 'Administradores', 'administradores', '', 'administrateurs', '', ''),
(505, 'Password-Error', 'Password Error', 'La contrasea no coincide', 'A senha no corresponde', '   ', 'Le mot de passe ne correspond pas', '  ', '   '),
(506, 'My-Profile', 'My Profile', 'Mi Perfil', 'Meu perfil', ' ', 'Mon profil', ' ', '   '),
(507, 'Search-Result', 'Search Result', 'Resultados de la Bsqueda', 'resultados da pesquisa', ' ', 'Rsultats de la recherche', ' ', ' '),
(508, 'Events', 'Events Calendar', 'Calendario de Eventos', 'Calendrio de Eventos', '  ', 'Calendrier des vnements', ' ', ' '),
(509, 'Welcome', 'Welcome', 'Bienvenido', 'bem-vindo', '', 'bienvenue', '', ''),
(511, 'Messages', 'Messages', 'Mensajes', 'mensagens', '\n', 'messages', '', ''),
(512, 'Profile', 'Profile', 'Perfil', 'perfil', '', 'profil', '', ' '),
(513, 'Exit', 'Logout', 'Salir', 'sada', '', 'Sortir', '', ''),
(514, 'Search-by-name', 'Search Student', 'Buscar estudiante por nombre', 'Pesquisa aluno pelo nome', '   ', 'Rechercher tudiant par nom', '  ', '     '),
(520, 'Create-Payment', 'Create Invoice', 'Realizar cobro', 'realizar a coleta', '  ', 'effectuer la collecte', ' ', ' '),
(516, 'Dashboard', 'Dashboard', 'Tablero', 'placa', '', 'conseil', '', ''),
(518, 'School-Bus', 'School Bus', 'Bus Escolar', 'nibus escolar', ' ', 'Autobus scolaire', ' ', ' '),
(521, 'Payments-Sent', 'Invoices', 'Cobros enviados', 'Os rendimentos enviados', ' ', 'Produit envoy', 'prihodi ', ' '),
(530, 'User-Account', 'Users Accounts', 'Cuentas de Usuarios', 'Contas de usurio', ' ', 'Comptes d\'utilisateurs', ' ', ' '),
(531, 'Teachers', 'Teachers', 'Profesores', 'professores', '', 'enseignants', '', ''),
(532, 'Parents', 'Parents', 'Padres', 'pais', '-', 'parents', '', ''),
(533, 'Student-Information', 'Student Information', 'Informacin de los Estudiantes', 'Informaes do estudante', ' ', 'Information sur les tudiants', ' informacije', ' '),
(534, 'Teachers-Files', 'Teacher Files', 'Archivos para profesores', 'Arquivos de professores', ' ', 'Fichiers d\'enseignants', ' ', ' '),
(535, 'Daily-Attendance', 'Daily Attendance', 'Asistencia Diaria', 'atendimento dirio', ' ', 'prsence quotidienne', ' ', ' '),
(536, 'Subjects', 'Subjects', 'Cursos', 'cursos', '', 'cours', '', ''),
(537, 'Schedules', 'Schedules', 'Horarios', 'horrio', ' ', 'calendrier', '', ' '),
(538, 'Qualifications', 'Marks', 'Calificaciones', 'classificaes', '', 'notes', '', ''),
(539, 'Academic-Files', 'Academic Files', 'Archivos Acadmicos', 'arquivos acadmicos', ' ', 'fichiers acadmiques', ' ', ' '),
(540, 'News-Sent', 'Sent News', 'Noticias Enviadas', 'Notcias submetidas', ' ', 'Nouvelles Soumis', ' ', ' '),
(541, 'Accounting', 'Accounting', 'Contabilidad', 'contabilidade', '', 'comptabilit', '', ''),
(542, 'Reports', 'Academic Reports', 'Reportes Acadmicos', 'relatrios acadmicos', ' ', 'rapports acadmiques', ' ', ' '),
(543, 'Teacher-Report', 'Teacher Report', 'Reportes de Profesores', 'relatrios Professores', ' ', 'Rapports enseignants', ' ', ' '),
(544, 'Student-Report', 'Student Report', 'Reportes de Estudiantes', 'Relatrios de estudante', ' ', 'Rapports d\'tudiants', ' ', ' '),
(545, 'News', 'News', 'Noticias', 'notcia', '', 'nouvelles', '', ''),
(547, 'View-All', 'View All', 'Ver todo', 'ver todos', '  ', 'voir tous', ' ', ' '),
(548, 'Go-to-site', 'Go to website', 'Ir al sitio', 'Ir para o site', '  ', 'Accder au site', '  ', '  '),
(549, 'Login', 'Login', 'Acceder', 'log in', ' ', 'connectez-vous', ' ', ' '),
(550, 'Password', 'Password', 'Contrasea', 'senha', '', 'mot de passe', '', ' '),
(551, 'Username', 'Username', 'Usuario', 'usurio', '', 'utilisateur', '', ''),
(552, 'Close', 'Close', 'Cerrar', 'perto', '', 'Fermer', '', ''),
(553, 'Cancel', 'Cancel', 'Cancelar', 'cancelar', ' ', 'annuler', '', ''),
(554, 'Are-you-sure', 'Are you sure you want to do this?', 'Seguro que quieres hacer esto?', 'Tem certeza de que quer fazer isso?', '       ?', 'tes-vous sr de vouloir faire a?', '        ?', '       '),
(555, 'Date', 'Date', 'Fecha', 'data', '', 'date', '', ''),
(557, 'Name', 'Name', 'Nombre', 'nome', '', 'nom', '', ''),
(558, 'Description', 'Description', 'Descripcin', 'descrio', '', 'description', '', ''),
(559, 'Options', 'Options', 'Opciones', 'opes', '', 'Options', 'opcije', ''),
(560, 'Download', 'Download', 'Descargar', 'baixar', '', 'tlcharger', '', ''),
(561, 'Upload-Files', 'Upload Files', 'Subir Archivos', 'fazer upload de arquivos', ' ', 'Tlcharger des fichiers', ' ', ' '),
(564, 'Subject', 'Subject', 'Curso', 'curso', '', 'Cours', '', ''),
(563, 'Upload-Book', 'Upload Book', 'Subir Libro', 'up livro', '', 'up Book', ' ', ' '),
(565, 'Select', 'Select', 'Seleccione', 'selecionar', '', 'slectionner', '', ''),
(566, 'Title', 'Title', 'Ttulo', 'ttulo', '', 'titre', '', ''),
(567, 'Book', 'Book', 'Libro', 'livro', '', 'livre', '', ''),
(568, 'Autor', 'Author', 'Autor', 'autor', '', 'auteur', '', ''),
(569, 'Search', 'Search', 'Buscar', 'pesquisa', '', 'recherche', '', ''),
(570, 'Day', 'Day', 'Da', 'Dia', '', 'jour', '', ''),
(571, 'Sunday', 'Sunday', 'Domingo', 'domingo', '', 'dimanche', '', ''),
(572, 'Monday', 'Monday', 'Lunes', 'segunda-feira', '', 'Lundi', '', ''),
(573, 'Tuesday', 'Tuesday', 'Martes', 'tera-feira', '', 'mardi', '', ''),
(574, 'Wednesday', 'Wednesday', 'Miercoles', 'quarta-feira', '', 'mercredi', '', ''),
(575, 'Thursday', 'Thursday', 'Jueves', 'quinta-feira', '', 'jeudi', '', ''),
(576, 'Friday', 'Friday', 'Viernes', 'sexta-feira', '', 'vendredi', '', ''),
(577, 'Saturday', 'Saturday', 'Sabado', 'sbado', '', 'samedi', '', ''),
(578, 'Start', 'Start', 'Inicio', 'iniciao', '', 'Dbut', '', ''),
(579, 'Hour', 'Hour', 'Hora', 'tempo', '', 'temps', '', ''),
(580, 'Minutes', 'Minutes', 'Minutos', 'atas', '', 'procs-verbal', '', ''),
(581, 'End', 'End', 'Fin', 'final', '', 'fin', '', ''),
(582, 'Email', 'Email', 'Correo', 'correio', '', 'courrier', '', ''),
(583, 'Phone', 'Phone', 'Celular', 'celular', '', 'cellulaire', '', ''),
(584, 'Address', 'Address', 'Direccin', 'endereo', '', 'adresse', '', ''),
(585, 'Type-Account', 'Account Type', 'Tipo de cuenta', 'Tipo de conta', '  ', 'Type de compte', ' ', ' '),
(586, 'Photo', 'Photo', 'Fotografa', 'fotografia', '', 'photographie', '', ''),
(587, 'Upload', 'Upload', 'Subir', 'carregar', '', 'tlcharger', '', ''),
(588, 'Admin', 'Admin', 'Administrador', 'Gestor', '', 'administrateur', '', ''),
(589, 'Super-Admin', 'Super Administrator', 'Super Administrador', 'Super Gestor', ' ', 'super administrateur', ' ', ' '),
(590, 'Update', 'Update', 'Actualizar', 'atualizar', '', 'mettre  jour', '', ''),
(591, 'Change', 'Change', 'Cambiar', 'mudana', '', 'Changer', '', ''),
(592, 'Account-Status', 'Account Status', 'Estado de la cuenta', 'Estado da conta', '  ', 'Statut du compte', ' ', ' '),
(593, 'Status', 'Status', 'Estado', 'estado', '', 'tat', '', ''),
(594, 'Active', 'Active', 'Activa', 'Activa', '', 'Activa', '', ''),
(595, 'Inactive', 'Inactive', 'Inactiva', 'inativo', '', 'inactif', '', ' '),
(596, 'Parent', 'Parent', 'Padre', 'pai', '', 'pre', '', ''),
(597, 'Section', 'Section', 'Seccin', 'seo', '', 'section', '', ''),
(598, 'Select-Class', 'Select Class', 'Primero seleccione el grado', 'Primeiro, selecione a nota', '   ', 'Slectionnez d\'abord la note', '  ', '  '),
(599, 'Roll', 'Roll', 'Carn', 'Carn', '', 'rouleau', '', ''),
(600, 'Birthday', 'Birthday', 'Cumpleaos', 'aniversrio', '', 'anniversaire', '', ' '),
(601, 'Sex', 'Sex', 'Gnero', 'sexo', '', 'sexe', '', ''),
(602, 'Male', 'Male', 'Masculino ', 'masculino', '', 'Masculin', '', ''),
(603, 'Female', 'Female', 'Femenino', 'feminino', '', 'Fminin', '', ''),
(604, 'Living-Assigned', 'Living Assigned', 'Saln asignado', 'Salo atribudo', ' ', 'attribu Salle', ' ', ' '),
(605, 'View', 'View', 'Ver', 'ver', '', 'Voir', '', ''),
(606, 'Archived', 'Archive', 'Archivar', 'arquivo', '', 'fichier', '', ''),
(607, 'Unarchived', 'Unarchives', 'Desarchivar', 'desarmazenando', ' ', 'dsarchivage', ' ', 'unArchiving'),
(608, 'Add-Event', 'Add event', 'Agregar Evento', 'Adicionar evento', ' ', 'Ajouter un vnement', ' ', ' '),
(609, 'Color', 'Colour', 'Color del Evento', 'Cor do evento', ' ', 'Couleur de l\'vnement', ' ', ' '),
(610, 'Red', 'Red', 'Rojo', 'vermelho', '', 'Rouge', '', ''),
(611, 'Orange', 'Orange', 'Naranja', 'laranja', '', 'Orange', '', ''),
(612, 'Black', 'Black', 'Negro', 'preto', '', 'noir', '', ''),
(613, 'Blue', 'Blue', 'Azul', 'Azul', '', 'bleu', '', ''),
(614, 'Green', 'Green', 'Verde', 'verde', '', 'vert', '', ''),
(615, 'Edit', 'Edit', 'Editar', 'editar', '', 'diter', '', ''),
(617, 'Return', 'Return', 'Regresar', 'retorno', '', 'retour', '', ''),
(618, 'Year', 'Running Year', 'Ao en curso', 'Ano', '', 'Anne', '', ''),
(619, 'Titular-Teacher', 'Titular Teacher', 'Profesor Titular', 'professor de sala', '', 'professeur', ' ', ''),
(620, 'Numeric-Name', 'Numeric Name', 'Nombre Numrico ', 'nome numrico', ' ', 'nom numrique', ' ', ' '),
(622, 'Classes', 'Classes', 'Grados', 'graus', '', 'grades', '', ''),
(623, 'New', 'New', 'Nuevo', 'novo', '', 'nouveau', '', ''),
(624, 'Salons', 'Salons', 'Salones', 'salons', '', 'Salons', '', ''),
(625, 'Salon', 'Salon', 'Saln', 'salo', '', 'salon', '', ''),
(626, 'Write-Comment', 'Write your comment here', 'Escribe tu comentario aqu', 'Escreva o seu comentrio aqui', '   ', 'crivez votre commentaire ici', '   ', '  '),
(627, 'Send', 'Send', 'Enviar', 'enviar', '', 'envoyer', '', ''),
(628, 'Teacher', 'Teacher', 'Profesor', 'mestre', '', 'professeur', '', ''),
(629, 'Subject-Activity', 'Subject Activity', 'Actividades del Curso', 'As atividades do curso', ' ', 'Les activits du cours', 'kurs ', ' '),
(630, 'Final-Exam', 'Final Exam', 'Examen Final', 'Exame final', ' ', 'Examen final', ' ', ' '),
(631, 'Prev', 'Previous', 'Anterior', 'anterior', '', 'prcdent', '', ''),
(632, 'Next', 'Next', 'Siguiente', 'seguinte', '', 'suivante', '', ''),
(633, 'Total-Users', 'Total Users', 'Usuarios Totales', 'total de usurios', ' ', 'total des utilisateurs', 'total ', ' '),
(634, 'Update-Logo', 'Update Logo', 'Actualizar Logotipo', 'logotipo atualizao', ' ', 'mise  jour logo', ' ', ' '),
(635, 'Logo', 'Logotype', 'Logotipo', 'logotipo', '', 'logo', '', ''),
(636, 'Calendar', 'Calendar', 'Calendario', 'calendrio', '', 'calendrier', '', ''),
(638, 'Documents', 'Documents', 'Documentos', 'documentos', '', 'documents', '', ''),
(639, 'File', 'File', 'Archivo', 'arquivo', '', 'archives', '', ''),
(640, 'File-Type', 'Type of file', 'Tipo de archivo', 'Tipo de arquivo', ' ', 'Type de fichier', ' ', ' '),
(641, 'Pdf', 'PDF', 'PDF', 'PDF', '', 'PDF', '', 'PDF'),
(642, 'Other', 'Other', 'Otro', 'outro', '', 'autre', '', ''),
(643, 'Excel', 'Excel', 'Excel', 'sobressair', '', 'exceller', '', ''),
(646, 'Amount', 'Amount', 'Monto', 'quantidade', '', 'montant', '', ''),
(645, 'Category', 'Category', 'Categora', 'categoria', '', 'catgorie', '', ''),
(647, 'Method', 'Method', 'Mtodo', 'mtodo', '', 'mthode', '', ''),
(648, 'Cash', 'Cash', 'Efectivo', 'Dinheiro', '', 'Espces', '', ''),
(649, 'Check', 'Check', 'Cheque', 'Cheque bancrio', ' ', 'Chque bancaire', '', ''),
(650, 'Card', 'Credit Card', 'Tarjeta', 'carto', '', 'carte', '', ''),
(651, 'New-Category', 'New Category', 'Nueva Categora', 'novo Categoria', ' ', 'nouvelle catgorie', 'nova ', ' '),
(652, 'New-Expense', 'New Expense', 'Nuevo Egreso', 'nova Exit', ' ', 'nouvelle sortie', ' ', ' '),
(653, 'Income', 'Income', 'Cobros', 'coleces', '', 'collections', '\n', ''),
(654, 'New-Income', 'New Income', 'Nuevo Cobro', 'nova coleo', ' ', 'nouvelle collection', 'nova ', ' '),
(655, 'Report', 'Report', 'Reportes', 'relatrios', '', 'rapports', '', ''),
(656, 'Update-Password', 'Update Password', 'Cambiar contrasea', 'alterao de senha', ' ', 'Changer le mot de passe', 'promena \n', '  '),
(657, 'Current-Password', 'Current Password', 'Contrasea actual', 'Senha atual', ' ', 'mot de passe actuel', ' ', '  '),
(658, 'New-Password', 'New Password', 'Nueva contrasea', 'Nova senha', ' ', 'nouveau mot de passe', ' ', '  '),
(659, 'Confirm-Password', 'Confirm new Password', 'Repita nueva contrasea', 'Repita nova senha', '  ', 'Rpter nouveau mot de passe', '  ', '   '),
(660, 'About', 'About', 'Acerca de mi', 'Sobre mim', '  ', ' propos de moi', ' ', ' '),
(661, 'Update-Profile', 'Update my Profile', 'Actualizar mi perfil', 'Atualizar o meu perfil', '  ', 'Mettre  jour mon profil', '  ', '  '),
(662, 'School-Ads', 'Quick School Ads', 'Anuncios del Colegio', 'Anncios escolares', ' ', 'Annonces scolaires', ' ', ' '),
(663, 'Important', 'Important Information', 'Informacin Importante', 'Informao importante', ' ', 'informations importantes', ' ', ' '),
(664, 'Go-to-news', 'Go to News', 'Ir a las noticias', 'Ir para notcias', '   ', 'Aller aux nouvelles', '\n  ', '  '),
(665, 'Total', 'Total', 'Total', 'total', '', 'total', '', ''),
(667, 'Print-Marks', 'Print', 'Imprimir', 'impresso', '', 'imprimer', '', ''),
(668, 'Semester', 'Semester', 'Semestre', 'semestre', '', 'semestre', '', ' '),
(669, 'Student', 'Student', 'Estudiante', 'estudante', '', 'tudiant', '', ''),
(670, 'Total-Marks', 'Total Marks', 'Puntos Acumulados', 'pontos acumulados', ' ', 'Les points accumuls', ' ', ' '),
(671, 'Select-to-continue', 'Select to continue', 'Seleccione uno para continuar', 'Selecione um para continuar', '       ', 'Slectionnez l\'une pour continuer', '   ', '  '),
(672, 'Receiver', 'Receiver', 'Receptor', 'recebedor', '', 'rcepteur', '', ''),
(673, 'Select-User', 'Select user', 'Seleccione un usuario', 'Selecione um usurio', '    ', 'Slectionnez un utilisateur', ' ', ' '),
(674, 'Write-Message', 'Write your message', 'Escribe tu mensaje aqu', 'Faa aqui a sua mensagem', '   ', 'crivez votre message ici', '   ', '  '),
(675, 'Reply', 'Reply', 'Responder', 'resposta', '', 'rponse', '', ''),
(685, 'Enrollment-bus', 'Enrollment bus', 'Matrcula del bus', 'Autocarro de matrcula', ' ', 'Bus de scolarit', ' ', ' '),
(686, 'Driver-Name', 'Driver name', 'Nombre del Piloto', 'nome Pilot', ' ', 'Nom Pilot', 'ime ', ' '),
(687, 'Driver-Phone', 'Driver phone', 'Celular', 'celular', '', 'cellulaire', '', ''),
(684, 'Route', 'Route', 'Ruta', 'rota', '', 'route', '', ''),
(707, 'Save', 'Save', 'Guardar', 'salvar', '', 'Garder', '', ''),
(705, 'Comment', 'Comment', 'Comentar', 'comentrio', '', 'Commenter', '', ''),
(706, 'Untitle', 'Untitled', 'Sin ttulo ', 'sem ttulo', '', 'Sans titre', '', ' '),
(703, 'Running', 'Active', 'Activas', 'ativo', '', 'actif', '', ''),
(704, 'Archiveds', 'Archived', 'Archivadas', 'arquivados', '', 'archiv', '', ''),
(709, 'To-Year', 'Promotion to year', 'Ao a promover', 'Ano para promover', '    ', 'Anne de promouvoir', '  ', ' '),
(710, 'To-Class', 'Promotion to class', 'Grado a promover', 'Grau de promover', '    ', 'Degr de promouvoir', '  ', ' '),
(711, 'Code', 'Code', 'Cdigo', 'cdigo', '', 'code', '', ''),
(712, 'Priority', 'Priority', 'Prioridad', 'prioridade', '', 'priorit', '', ''),
(713, 'Month', 'Month', 'Mes', 'ms', '', 'mois', '', ''),
(714, 'January', 'January', 'Enero', 'janeiro', '', 'janvier', '', ''),
(715, 'February', 'February', 'Febrero', 'fevereiro', '', 'fvrier', '', ''),
(716, 'March', 'March', 'Marzo', 'maro', '', 'mars', '', ''),
(717, 'April', 'April', 'Abril', 'abril', '', 'avril', '', ''),
(718, 'May', 'May', 'Mayo', 'maio', '', 'mai', '', ''),
(719, 'June', 'June', 'Junio', 'Junho', '', 'juin', '', ''),
(720, 'July', 'July', 'Julio', 'Julho', '', 'juillet', '', ''),
(721, 'August', 'August', 'Agosto', 'Agosto', '', 'aot', '', ''),
(722, 'October', 'October', 'Octubre', 'outubro', '', 'octobre', '', ''),
(723, 'November', 'November', 'Noviembre', 'novembro', '', 'novembre', '', ' '),
(724, 'December', 'December', 'Diciembre', 'dezembro', '', 'dcembre', '', ''),
(725, 'September', 'September', 'Septiembre', 'setembro', '', 'septembre', '', ''),
(726, 'Profession', 'Profession', 'Profesin', 'profisso', '', 'profession', '', ''),
(727, 'Not-Found', 'Not found', 'Sin resultados', 'nenhum resultado', '  ', 'Aucun rsultat', ' ', '  '),
(728, 'Nick', 'Nickname', 'Nick', 'entalhe', '', 'entailler', '', ''),
(732, 'Payment-Information', 'Payment Information', 'Informacin del cobro', 'Coleta de informaes', ' ', 'Collecte d\'informations', 'prikupljanje ', ' '),
(731, 'Information', 'Information', 'Informacin', 'informao', '', 'information', '', ''),
(737, 'Promotion-Selected', 'Promote the selected students', 'Promover a los estudiantes seleccionados', 'Promover os alunos selecionados', '    ', 'Promouvoir les tudiants slectionns', '  ', '    '),
(734, 'Promotion-to', 'Promotion to', 'Promover a', 'promover', '   ', 'promouvoir', '', ''),
(736, 'Already', 'Already it promoted', 'Ya se ha promovido', 'J promoveu', '    ', 'Dj il a encourag', '  ', ' '),
(738, 'System-Name', 'System name', 'Nombre del Sistema', 'Name System', '  ', 'Name System', ' ', ' '),
(739, 'System-Title', 'System title', 'Ttulo del sistema', 'ttulo Sistema', ' ', 'Titre systme', ' ', ' '),
(740, 'Minium-Mark', 'Minimum mark', 'Nota minima', 'Nota mnima', ' ', 'minimum Remarque', ' ', '  '),
(741, 'Domain', 'Domain name', 'Dominio', 'domnio', '', 'domaine', '', 'Dominio'),
(742, 'Currency', 'Currency', 'Moneda', 'moeda', '', 'monnaie', '', ''),
(743, 'Slider1', 'Salider 1 - 1920px - 570px', 'Slider 1 - 1920px - 570px', 'Slider 1 - 1920px - 570px', 'Slider 1 - 1920px - 570px', 'Slider 1 - 1920px - 570px', ' 1 - 1920px - 570px', 'Slider 1 - 1920px - 570px'),
(744, 'Slider2', 'Salider 2 - 1920px - 570px', 'Slider 2 - 1920px - 570px', 'Slider 2 - 1920px - 570px', 'Slider 2 - 1920px - 570px', 'Slider 2 - 1920px - 570px', ' 2 - 1920px - 570px', 'Slider 2 - 1920px - 570px'),
(745, 'Slider3', 'Salider 3 - 1920px - 570px', 'Slider 3 - 1920px - 570px', 'Slider 3 - 1920px - 570px', 'Slider 3 - 1920px - 570px', 'Slider 3 - 1920px - 570px', ' 3 - 1920px - 570px', 'Slider 3 - 1920px - 570px'),
(746, 'List', 'List', 'Listado', 'listagem', '', 'inscription', '', ''),
(749, 'By', 'By', 'Por', 'por', '', 'Par', '', ''),
(748, 'Salary', 'Salary', 'Salario', 'salrio', '', 'salaire', '', ''),
(750, 'Present', 'Present', 'Presente', 'presente', '', 'prsent', '', ''),
(751, 'Absent', 'Absent', 'Ausente', 'ausente', '', 'absent', '', ''),
(752, 'Homework-Of', 'Homework of', 'Tareas de', 'tarefas', '', 'tches', '', ''),
(753, 'Student-Dashboard', 'Student Dashboard', 'Tablero de Estudiante', 'Placa de estudante', ' ', 'Conseil tudiant', ' ', ' '),
(754, 'Your-Marks', 'these are your marks', 'estas son tus calificaciones', 'estas so as suas notas', '   ', 'ce sont vos qualifications', '   ', '  '),
(755, 'My-Homework', 'My homework', 'Mis tareas', 'Minhas tarefas', ' ', 'Mes tches', ' ', ''),
(756, 'Teacher-Dashboard', 'Teacher Dashboard', 'Tablero de Profesores', 'professores Board', ' ', 'Les enseignants Conseil', 'nastavnici ', ' '),
(757, 'Students-Of', 'Students Of', 'Estudiantes de', 'estudantes', '', 'tudiants', '', ''),
(758, 'Send-Homework', 'Send Homework', 'Enviar Tareas', 'Enviar Tarefas', ' ', 'Envoyer Tches', ' ', ' '),
(759, 'Study-Material', 'Study Material', 'Material de estudio', 'Material de estudo', ' ', 'Matriaux d\'tude', ' ', ' '),
(760, 'Homework', 'Homework', 'Tareas', 'tarefas', '', 'tches', '', ''),
(763, 'Low', 'Low', 'Baja', 'cair', '', 'Petit', '', ''),
(764, 'Medium', 'Medium', 'Media', 'mdia', '', 'moyenne', '', ''),
(765, 'High', 'High', 'Alta', 'alto', '', 'haut', '', ''),
(766, 'Why', 'Why report it?', 'Por qu lo reporta?', 'Por que denunci-lo?', '  ?', 'Pourquoi le signaler?', '  ?', '  '),
(767, 'Sents', 'Sent', 'Enviados', 'enviados', '', 'envoys', '', ''),
(768, 'My-Marks', 'My Marks', 'Mis calificaciones', 'As minhas notas', ' ', '\nMes qualifications', ' ', ''),
(770, 'My-Permissions', 'My Permissions', 'Mis Permisos', 'meus Permisso', ' ', 'Mes Autorisations', ' ', ' '),
(771, 'Create', 'Apply', 'Solicitar', 'pedido', '', 'Demander', '', ''),
(772, 'List-Perm', 'My permissions', 'Mis permisos', 'meus permisses', ' ', 'mes permissions', ' ', ' '),
(822, 'News-Only', '', 'Noticias para profesores', 'Notcias para professores', '   ', 'Nouvelles pour les enseignants', '  ', ' '),
(775, 'End_Date', 'Until', 'Hasta', 'para cima', '', 'en haut', '', ''),
(776, 'Start_Date', 'From', 'Desde', 'de', '', 'Despuis', '', ''),
(779, 'Pending', 'Pending', 'Pendiente', 'pendente', '', 'en attendant', '', ''),
(778, 'Rejected', 'Rejected', 'Rechazada', 'rejeitados', ' ', 'diminu', '', ''),
(821, 'Notice-Sent', 'News sent to teachers', 'Noticias enviadas a los profesores', 'Notcia enviada para professores', '   ', 'Nouvelles envoy aux enseignants', '  ', '   '),
(780, 'My-Request', 'My applications', 'Mis solicitudes', 'minhas aplicaes', ' ', 'Mes applications', ' ', ''),
(823, 'Student-Bulk', 'Massive students', 'Estudiantes Masivos', 'estudantes macias', '   ', 'tudiants Massive', ' ', ' '),
(872, 'Quick-ad', 'Send Quick Ads', 'Enviar Anuncios Rpidos', 'Enviar anncios rpidos', '  ', 'Envoyer Annonces rapides', '  ', '  '),
(873, 'Language', 'Language', 'Idioma', 'idioma', '', 'Langue', '', ''),
(790, 'Lists-Perms', 'Applications for permits', 'Solicitudes de permisos', 'Pedidos de licenas', '   ', 'Les demandes de permis', '   ', '   '),
(796, 'Reject', 'Refuse', 'Rechazar', 'rejeitar', '', 'rejeter', '', ''),
(797, 'Accept', 'Accept', 'Aceptar', 'aceitar', ' ', 'Accepter', '', ''),
(811, 'No_Options', 'No options', 'Sin opciones', 'no h opes', ' ', 'Pas d\'options', ' ', '  '),
(815, 'Nice', 'Approved', 'Aprobada', 'aprovado', '', 'approuv', '', ''),
(820, 'Teacher-News', 'Send news Professors only', 'Enviar noticia solo a Profesores', 'Enviar somente Professores de notcias', '   ', 'Envoyer uniquement les professeurs de presse', '   ', '   '),
(838, 'add_a_row', 'Add more', 'Agregar ms', 'Adicionar mais', '', 'Ajouter plus', ' ', ' '),
(876, 'you-have-until', 'Youi have until', 'Tienes hasta', 'voc tem at', '   ', 'vous avez jusqu\'au', ' ', ' '),
(877, 'to-deliver-this-task', 'to deliver this task.', 'para entregar esta tarea', 'para entregar esta tarefa', '      ', 'pour fournir cette tche', '   ', '  '),
(878, 'Review-File', 'Your file will be sent for review.', 'Tu archivo ser enviado para su revisin', 'Seu arquivo ser enviado para reviso', '      ', 'Votre dossier sera envoy pour examen', '      ', '   '),
(879, 'on-time', 'On time', 'A tiempo', 'A tempo', ' ', ' temps', 'vreme', ''),
(880, 'delayed', 'Delayed', 'Retrasada', 'atrasado', '', 'diffr', '', ''),
(881, 'sent-for-review', 'Sent for review', 'Enviada para su revisin', 'Enviado para reviso', '   ', 'Envoys pour examen', '  ', ' '),
(882, 'deliver', 'Deliver', 'Entregar', 'entregar', '', 'livrer', '', ''),
(883, 'Last-day-delivery', 'Last day delivery', 'ltimo da de entrega', 'A entrega do ltimo dia', '  ', 'Livraison Dernier jour', '  ', '  '),
(884, 'Files', 'Deliveries', 'Entregas', 'entregas', '', 'livraisons', '', ''),
(885, 'Homework-Sent', 'Sent', 'Enviadas', 'voc enviou', ' ', 'Vous avez envoy', ' ', ' '),
(2176, 'Payments', 'Create Payment', 'Crear nuevo pago', 'Criar novo pagamento', '  ', 'Crer un nouveau paiement', '  ', '  '),
(2098, 'Average', 'Average', 'Promedio ', 'mdia', '', 'moyenne', '', ''),
(2080, 'Generate', 'Generate Sheet', 'Generar cuadros', 'gerar imagens', ' ', 'gnrer des images', ' ', ' '),
(2074, 'Tabulation', 'Tabulation Sheet', 'Cuadros', 'imagens', '', 'photos', '', ''),
(2073, 'Comments', 'Comment', 'Comentario', 'comentrio', '', 'commentaire', '', ''),
(2071, 'Sections', 'Sections', 'Secciones', 'sees', '', 'sections', '', ''),
(1904, 'Discussion', 'Discussions', 'Discusiones  ', 'discusses', '-', 'discussions', '', ''),
(2068, 'FinalExam', 'Exam', 'Examen', 'exame', '', 'exam', '', ''),
(2066, 'Update-Information', 'Update Profile', 'Actualizar perfil', 'atualizar', '', 'mettre  jour', '', ''),
(2065, 'No', 'No', 'No', 'no', '', 'pas', '', ''),
(2064, 'Yes', 'Yes', 'Si', 'se', '', 'si', '', ''),
(2063, 'This-Month', 'This month is her birthday', 'Este mes es su cumpleaos', 'Este ms  seu aniversrio', '    ', 'Ce mois-ci est votre anniversaire', '    ', '    '),
(2059, 'Class-Assigned', 'Assigned Class', 'Saln Asignado', 'alocados Salo', ' ', 'Numrot Salle', ' ', ' '),
(2060, 'Excellent', '\nExcellent Student', 'Alumno Excelente', 'excelente aluno', ' ', 'Excellente lve', ' ', ' '),
(2026, 'Academic-Settings', 'Academic Settings', 'Ajustes Acadmicos', 'ambientes acadmicos', ' ', 'paramtres acadmiques', ' ', ' '),
(2016, 'Type', 'Type', 'Tipo', 'tipo', '', 'Type', '', ''),
(2017, 'From', 'From', 'Desde', 'de', '', 'Despuis', '', ''),
(2018, 'To', 'To', 'Hasta', 'para cima', '', 'en haut', '', ''),
(2062, 'Last-News', 'Last News', 'Noticias recientes', 'Notcias recentes', '   ', 'Nouvelles rcentes', 'nedavno ', ' '),
(2019, 'Main', 'Navigation', 'Menu', 'menu', '', 'menu', '', ' '),
(2021, 'Students-Information', 'Information', 'Informacin', 'informao', '', 'information', '', ''),
(2022, 'Users-Account', 'Users', 'Usuarios', 'usurios', '', 'utilisateurs', '\n', ''),
(2023, 'ManageClassrooms', 'Classrooms', 'Salones de Clase', 'Salas de aula', '', 'Les salles de classe', 'uionice', ' '),
(2024, 'SemesterContent', 'Contents', 'Contenidos', 'contedo', '', 'contenu', '', ''),
(2025, 'Settings', 'Settings', 'Ajustes', 'configuraes', '', 'rglages', 'podeavanja', ''),
(2027, 'Library', 'Library', 'Librera', 'livraria', '  ', 'librairie', '', ''),
(2028, 'StudentsReports', 'Students Reports', 'Estudiantes', 'estudantes', '', 'tudiants', '', ''),
(2029, 'TeacherReports', 'Teachers Reports', 'Profesores', 'professores', '', 'enseignants', '', ''),
(2030, 'SchoolReports', 'School Reports', 'Reportes Escolares', 'relatrios escolares', '  ', 'les bulletins scolaires', ' ', ' '),
(2031, 'TeachersFiles', 'Teachers Files', 'Archivos Profesores', 'arquivos de professores', ' ', 'fichiers enseignants', ' ', ' '),
(2032, 'ListsPerms', 'Permissions', 'Permisos', 'permisses', '', 'autorisations', '', ''),
(2033, 'StaticPages', 'Statics Pages', 'Pginas estticas', 'pginas estticas', ' ', 'pages statiques', ' ', ' '),
(2034, 'ManagePages', 'Manage Pages', 'Administrar Pginas', 'gerenciar pginas', '  ', 'grer Pages', ' ', ' '),
(2035, 'NewPage', 'New Page', 'Agregar nueva', 'Adicionar nova', ' ', 'Ajouter un nouveau', ' ', ' '),
(2036, 'Pages', 'Pages', 'Pginas', 'pginas', '', 'pages', '', ''),
(2037, 'PersonalInfo', 'Personal Information', 'Informacin Personal', 'Informao pessoal', ' ', 'Information personnelle', ' ', ' '),
(2038, 'UpdateProfile', 'Update Information', 'Actualizar Informacin', 'actualizao da informao', '  ', 'mise  jour de l\'information', 'informacije ', ' '),
(2039, 'Picture', 'Photo', 'Fotografa', 'fotografia', '', 'photographie', '', ''),
(2058, 'Registered', 'Registered Since', 'Registrado desde', 'registrado desde', '   ', 'enregistr depuis', ' ', ' '),
(2057, 'Student-Portal', 'Student Portal', 'Portal de Estudiantes', 'Portal do aluno', ' ', 'Portail tudiant', ' ', ' '),
(2056, 'Add-Student', 'Add Student', 'Agregar Estudiante', 'Adicionar Student', ' ', 'Ajouter tudiant', ' ', ' '),
(2240, 'Single', 'Single Payment', 'Pago nico', 'de pagamento nico', ' ', 'paiement unique', '', ' '),
(2305, 'Invoice', 'Invoice Details', 'Detalles de la Factura', 'Detalhes da fatura', ' ', 'Dtails facture', ' ', ' '),
(2338, 'PaymentInfo', 'Payment Information', 'Informacin del pago', 'Informao de pagamento', ' ', 'Conditions de vente', 'informacije  ', ' '),
(2356, 'Payment', 'Payment', 'Cantidad', 'quantidade', '', 'quantit', '', ''),
(2357, 'PaymentAmount', 'Payment Amount', 'Cantidad del pago', 'Valor do pagamento', ' ', 'Montant du paiement', '  ', ' '),
(2525, 'Student-Payment', 'Student Payment', 'Pagos de estudiantes', 'Pagamentos estudantes', '  ', 'tudiants Paiements', ' ', ' '),
(2526, 'Payment', 'Payment', 'Cantidad', 'pagamento', '', 'quantit', '', ''),
(2527, 'Paid', 'Paid', 'Pagado', 'pago', '', 'pay', '', ''),
(2528, 'Unpaid', 'Unpaid', 'Sin pagar', 'sem pagar', '  ', 'Sans payer', ' ', ' '),
(2652, 'StudentPayment', 'Student Payment', 'Pagos de estudiantes', 'Pagamentos estudantes', '  ', 'tudiants Paiements', ' ', ' '),
(2653, 'invoices', 'Invoices', 'Facturas', 'facturas', '', 'factures', '', ''),
(2654, 'payment_history', 'Payment History', 'Historial de pagos', 'Histrico de pagamentos', ' ', 'Historique des paiements', ' ', ' '),
(3588, 'Paypal-Email', 'PayPal Email', 'Correo PayPal', 'E PayPal', ' ', 'E PayPal', ' ', 'E  '),
(3595, 'Price', 'Price', 'Precio', 'preo', '', 'prix', '', ''),
(3607, 'Price', 'Price', 'Precio', 'preo', '', 'prix', '', ''),
(3609, 'Price', 'Price', 'Precio', 'preo', '', 'prix', '', ''),
(3644, 'MarksLimit', 'Date limit to upload marks', 'Fecha lmite para subir calificaciones', 'Prazo para carregar pontuaes', '      ', 'Date limite pour tlcharger les partitions', '   ', '   '),
(3645, 'Rating', 'Allow students to report to teachers?', 'Permitir reportes para profesores?', 'Permitir relatrios para os professores?', '      ?', 'Autoriser les rapports pour les enseignants?', '   ?', '  '),
(3646, 'MiniMark', 'Minimum mark to pass a course', 'Nota mnima para aprobar un curso', 'nota mnima para passar por um curso', '       ', 'note minimale de passer un cours', '    ', '    '),
(3647, 'AverageMin', 'Minimum average for outstanding student', 'Promedio mnimo para estudiante destacado', 'estudante excepcional mdia mnima', '   ', 'tudiant exceptionnel en moyenne minimum', '   ', '    '),
(3648, 'TeacherAverage', 'Allow teachers to check the tabulation?', 'Permitir a los profesores consultar los cuadros?', 'Permitir aos professores para ver as fotos?', '      ?', 'Permettre aux enseignants de voir les images?', '    ?', '    '),
(3653, 'ClassForum', 'Class Forum', 'Foro de clases', 'Frum classe', ' ', 'classe Forum', ' ', ' '),
(3654, 'CreatePost', 'Create Post', 'Publicar', 'publicar', ' ', 'publier', '', ''),
(3686, 'Parents-Dashboard', 'Parents Dashboard', 'Tablero de padres', 'Os pais Board', '-  ', 'Conseil parents', 'roditelji ', '  '),
(3699, 'Students-Dashboard', 'Student Dashboard', 'Tablero de Estudiante', 'Placa de estudante', ' ', 'Conseil tudiant', ' ', ' '),
(3894, 'Print', 'Print', 'Imprimir', 'impresso', '', 'imprimer', '', ''),
(3865, 'Gallery', 'Media Gallery', 'Multimedia', 'multimdia', '', 'multimdia', '', ' '),
(3866, 'GalleryCat', 'Gallery Category', 'Categoras', 'Categorias', '', 'Catgories', '', ''),
(3867, 'GalleryPic', 'Gallery', 'Galera', 'galeria', '', 'galerie', '', ''),
(3868, 'VideoGallery', 'Video Gallery', 'Videos', 'vdeos', '', 'Vidos', '', ''),
(3889, 'Unavailab', 'Unavailable', 'No disponible', 'No disponvel', ' ', 'Non disponible', ' ', ' '),
(3871, 'embedid', 'URL embed', 'URL embed', 'URL embed', ' ', 'URL d\'intgration', '  ', 'URL '),
(3872, 'Skin', 'Skin Colour', 'Estilo', 'estilo', '', 'style', '', ''),
(3873, 'White', 'White', 'Blanco', 'branco', '\n', 'Blanc', '', ''),
(3874, 'Upload-Video', 'Add Video', 'Agregar Video', 'Adicionar vdeo', ' ', 'Ajouter la vido', ' ', ' '),
(3886, 'Availab', 'Available', 'Disponible', 'disponvel', '', 'disponible', '', ''),
(3883, 'Author', 'Author', 'Autor', 'autor', '', 'auteur', '', ''),
(3930, 'TeacherRequest', 'Teacher Permits', 'Permisos de Profesores', 'professores licenas', ' ', 'enseignants permis', ' ', ' '),
(3931, 'StudentRequest', 'Student Permits', 'Permisos de Estudiantes', 'Visto de estudante', ' ', 'Le permis d\'tudes', ' ', ' '),
(3932, 'Late', 'I\'m late', 'Lleg tarde', 'Estou atrasado', '    ', 'Je suis en retard', '  ', '   '),
(3933, 'Allowed', 'Allow to change marks more than twice?', 'Permitir cambiar calificaciones ms de dos veces?', NULL, NULL, NULL, NULL, '     '),
(3934, 'homework', '', '', NULL, NULL, NULL, NULL, ''),
(3935, 'homework', '', '', NULL, NULL, NULL, NULL, ''),
(3936, 'Available', '', '', NULL, NULL, NULL, NULL, ''),
(3937, 'Unavailable', '', '', NULL, NULL, NULL, NULL, ''),
(3938, 'class', '', '', NULL, NULL, NULL, NULL, ''),
(3939, 'students', '', '', NULL, NULL, NULL, NULL, ''),
(3940, 'class', '', '', NULL, NULL, NULL, NULL, ''),
(3941, 'students', '', '', NULL, NULL, NULL, NULL, ''),
(3942, 'class', '', '', NULL, NULL, NULL, NULL, ''),
(3943, 'students', '', '', NULL, NULL, NULL, NULL, ''),
(3944, 'Courses', '', '', NULL, NULL, NULL, NULL, ''),
(3945, 'Manage Courses', '', '', NULL, NULL, NULL, NULL, ''),
(3946, 'Course Name', '', '', NULL, NULL, NULL, NULL, ''),
(3947, 'Levels', '', '', NULL, NULL, NULL, NULL, ''),
(3948, 'Fees', '', '', NULL, NULL, NULL, NULL, ''),
(3949, 'Course Objective', '', '', NULL, NULL, NULL, NULL, ''),
(3950, 'Aim of the Course type here...', '', '', NULL, NULL, NULL, NULL, ''),
(3951, 'schedule', '', '', NULL, NULL, NULL, NULL, ''),
(3952, 'Coaching Type', '', '', NULL, NULL, NULL, NULL, ''),
(3953, 'Fees per Hours', '', '', NULL, NULL, NULL, NULL, ''),
(3954, 'Course name', '', '', NULL, NULL, NULL, NULL, ''),
(3955, 'Level', '', '', NULL, NULL, NULL, NULL, ''),
(3956, 'Fees/Hr', '', '', NULL, NULL, NULL, NULL, ''),
(3957, 'Course name', '', '', NULL, NULL, NULL, NULL, ''),
(3958, 'Course name', '', '', NULL, NULL, NULL, NULL, ''),
(3959, 'Course name', '', '', NULL, NULL, NULL, NULL, ''),
(3960, 'Course name', '', '', NULL, NULL, NULL, NULL, ''),
(3961, 'Course name', '', '', NULL, NULL, NULL, NULL, ''),
(3962, 'Course name', '', '', NULL, NULL, NULL, NULL, ''),
(3963, 'Course name', '', '', NULL, NULL, NULL, NULL, ''),
(3964, 'Course name', '', '', NULL, NULL, NULL, NULL, ''),
(3965, 'Course name', '', '', NULL, NULL, NULL, NULL, ''),
(3966, 'Course name', '', '', NULL, NULL, NULL, NULL, ''),
(3967, 'Course name', '', '', NULL, NULL, NULL, NULL, ''),
(3968, 'Course name', '', '', NULL, NULL, NULL, NULL, ''),
(3969, 'Course name', '', '', NULL, NULL, NULL, NULL, ''),
(3970, 'Course name', '', '', NULL, NULL, NULL, NULL, ''),
(3971, 'Course name', '', '', NULL, NULL, NULL, NULL, ''),
(3972, 'Course name', '', '', NULL, NULL, NULL, NULL, ''),
(3973, 'Course name', '', '', NULL, NULL, NULL, NULL, ''),
(3974, 'Course name', '', '', NULL, NULL, NULL, NULL, ''),
(3975, 'Course name', '', '', NULL, NULL, NULL, NULL, ''),
(3976, 'Course name', '', '', NULL, NULL, NULL, NULL, ''),
(3977, 'Course name', '', '', NULL, NULL, NULL, NULL, ''),
(3978, 'Course name', '', '', NULL, NULL, NULL, NULL, ''),
(3979, 'Course name', '', '', NULL, NULL, NULL, NULL, ''),
(3980, 'Course name', '', '', NULL, NULL, NULL, NULL, ''),
(3981, 'Course name', '', '', NULL, NULL, NULL, NULL, ''),
(3982, 'Course name', '', '', NULL, NULL, NULL, NULL, ''),
(3983, 'Course name', '', '', NULL, NULL, NULL, NULL, ''),
(3984, 'Course name', '', '', NULL, NULL, NULL, NULL, ''),
(3985, 'Course name', '', '', NULL, NULL, NULL, NULL, ''),
(3986, 'Course name', '', '', NULL, NULL, NULL, NULL, ''),
(3987, 'Course name', '', '', NULL, NULL, NULL, NULL, ''),
(3988, 'Course name', '', '', NULL, NULL, NULL, NULL, '');
INSERT INTO `language` (`phrase_id`, `phrase`, `english`, `spanish`, `portuguse`, `hindi`, `french`, `serbian`, `arabic`) VALUES
(3989, 'Course name', '', '', NULL, NULL, NULL, NULL, ''),
(3990, 'Course name', '', '', NULL, NULL, NULL, NULL, ''),
(3991, 'Course name', '', '', NULL, NULL, NULL, NULL, ''),
(3992, 'Course name', '', '', NULL, NULL, NULL, NULL, ''),
(3993, 'Course name', '', '', NULL, NULL, NULL, NULL, ''),
(3994, 'Course name', '', '', NULL, NULL, NULL, NULL, ''),
(3995, 'Course name', '', '', NULL, NULL, NULL, NULL, ''),
(3996, 'Course name', '', '', NULL, NULL, NULL, NULL, ''),
(3997, 'Course name', '', '', NULL, NULL, NULL, NULL, ''),
(3998, 'Course name', '', '', NULL, NULL, NULL, NULL, ''),
(3999, 'Course name', '', '', NULL, NULL, NULL, NULL, ''),
(4000, 'Course name', '', '', NULL, NULL, NULL, NULL, ''),
(4001, 'Course name', '', '', NULL, NULL, NULL, NULL, ''),
(4002, 'Course name', '', '', NULL, NULL, NULL, NULL, ''),
(4003, 'Course name', '', '', NULL, NULL, NULL, NULL, ''),
(4004, 'Course name', '', '', NULL, NULL, NULL, NULL, ''),
(4005, 'Course name', '', '', NULL, NULL, NULL, NULL, ''),
(4006, 'Course name', '', '', NULL, NULL, NULL, NULL, ''),
(4007, 'Course name', '', '', NULL, NULL, NULL, NULL, ''),
(4008, 'Course name', '', '', NULL, NULL, NULL, NULL, ''),
(4009, 'Course name', '', '', NULL, NULL, NULL, NULL, ''),
(4010, 'Course name', '', '', NULL, NULL, NULL, NULL, ''),
(4011, 'Course name', '', '', NULL, NULL, NULL, NULL, ''),
(4012, 'Course name', '', '', NULL, NULL, NULL, NULL, ''),
(4013, 'Course name', '', '', NULL, NULL, NULL, NULL, ''),
(4014, 'Course name', '', '', NULL, NULL, NULL, NULL, ''),
(4015, 'Course name', '', '', NULL, NULL, NULL, NULL, ''),
(4016, 'Course name', '', '', NULL, NULL, NULL, NULL, ''),
(4017, 'Course name', '', '', NULL, NULL, NULL, NULL, ''),
(4018, 'Course name', '', '', NULL, NULL, NULL, NULL, ''),
(4019, 'Course name', '', '', NULL, NULL, NULL, NULL, ''),
(4020, 'Course name', '', '', NULL, NULL, NULL, NULL, ''),
(4021, 'Course name', '', '', NULL, NULL, NULL, NULL, ''),
(4022, 'Course name', '', '', NULL, NULL, NULL, NULL, ''),
(4023, 'Course name', '', '', NULL, NULL, NULL, NULL, ''),
(4024, 'Course name', '', '', NULL, NULL, NULL, NULL, ''),
(4025, 'Course name', '', '', NULL, NULL, NULL, NULL, ''),
(4026, 'Course name', '', '', NULL, NULL, NULL, NULL, ''),
(4027, 'Course name', '', '', NULL, NULL, NULL, NULL, ''),
(4028, 'Course Details', '', '', NULL, NULL, NULL, NULL, ''),
(4029, 'Course name', '', '', NULL, NULL, NULL, NULL, ''),
(4030, 'Course name', '', '', NULL, NULL, NULL, NULL, ''),
(4031, 'Course name', '', '', NULL, NULL, NULL, NULL, ''),
(4032, 'Course name', '', '', NULL, NULL, NULL, NULL, ''),
(4033, 'Course name', '', '', NULL, NULL, NULL, NULL, ''),
(4034, 'Course name', '', '', NULL, NULL, NULL, NULL, ''),
(4035, 'Course name', '', '', NULL, NULL, NULL, NULL, ''),
(4036, 'Course name', '', '', NULL, NULL, NULL, NULL, ''),
(4037, 'Course name', '', '', NULL, NULL, NULL, NULL, ''),
(4038, 'Course name', '', '', NULL, NULL, NULL, NULL, ''),
(4039, 'Course name', '', '', NULL, NULL, NULL, NULL, ''),
(4040, 'Course name', '', '', NULL, NULL, NULL, NULL, ''),
(4041, 'Course name', '', '', NULL, NULL, NULL, NULL, ''),
(4042, 'Course name', '', '', NULL, NULL, NULL, NULL, ''),
(4043, 'Course name', '', '', NULL, NULL, NULL, NULL, ''),
(4044, 'Course name', '', '', NULL, NULL, NULL, NULL, ''),
(4045, 'Course name', '', '', NULL, NULL, NULL, NULL, ''),
(4046, 'Course name', '', '', NULL, NULL, NULL, NULL, ''),
(4047, 'Course name', '', '', NULL, NULL, NULL, NULL, ''),
(4048, 'Course name', '', '', NULL, NULL, NULL, NULL, ''),
(4049, 'Course name', '', '', NULL, NULL, NULL, NULL, ''),
(4050, 'Course name', '', '', NULL, NULL, NULL, NULL, ''),
(4051, 'Course name', '', '', NULL, NULL, NULL, NULL, ''),
(4052, 'Course name', '', '', NULL, NULL, NULL, NULL, ''),
(4053, 'Course name', '', '', NULL, NULL, NULL, NULL, ''),
(4054, 'Course name', '', '', NULL, NULL, NULL, NULL, ''),
(4055, 'Course name', '', '', NULL, NULL, NULL, NULL, ''),
(4056, 'Course name', '', '', NULL, NULL, NULL, NULL, ''),
(4057, 'Course name', '', '', NULL, NULL, NULL, NULL, ''),
(4058, 'Course name', '', '', NULL, NULL, NULL, NULL, ''),
(4059, 'Course name', '', '', NULL, NULL, NULL, NULL, ''),
(4060, 'Course name', '', '', NULL, NULL, NULL, NULL, ''),
(4061, 'Course name', '', '', NULL, NULL, NULL, NULL, ''),
(4062, 'Course name', '', '', NULL, NULL, NULL, NULL, ''),
(4063, 'Course name', '', '', NULL, NULL, NULL, NULL, ''),
(4064, 'Fees per Hours (in Rupees)', '', '', NULL, NULL, NULL, NULL, ''),
(4065, 'Course name', '', '', NULL, NULL, NULL, NULL, ''),
(4066, 'Fees per Hours(in Rupees)', '', '', NULL, NULL, NULL, NULL, ''),
(4067, 'Course name', '', '', NULL, NULL, NULL, NULL, ''),
(4068, 'Course name', '', '', NULL, NULL, NULL, NULL, ''),
(4069, 'Course name', '', '', NULL, NULL, NULL, NULL, ''),
(4070, 'Course name', '', '', NULL, NULL, NULL, NULL, ''),
(4071, 'Course name', '', '', NULL, NULL, NULL, NULL, ''),
(4072, 'Course name', '', '', NULL, NULL, NULL, NULL, ''),
(4073, 'Course name', '', '', NULL, NULL, NULL, NULL, ''),
(4074, 'Course name', '', '', NULL, NULL, NULL, NULL, ''),
(4075, 'Course name', '', '', NULL, NULL, NULL, NULL, ''),
(4076, 'Course name', '', '', NULL, NULL, NULL, NULL, ''),
(4077, 'Course name', '', '', NULL, NULL, NULL, NULL, ''),
(4078, 'Course name', '', '', NULL, NULL, NULL, NULL, ''),
(4079, 'Course name', '', '', NULL, NULL, NULL, NULL, ''),
(4080, 'Course name', '', '', NULL, NULL, NULL, NULL, ''),
(4081, 'Course name', '', '', NULL, NULL, NULL, NULL, ''),
(4082, 'Course name', '', '', NULL, NULL, NULL, NULL, ''),
(4083, 'Course name', '', '', NULL, NULL, NULL, NULL, ''),
(4084, 'Course name', '', '', NULL, NULL, NULL, NULL, ''),
(4085, 'Course name', '', '', NULL, NULL, NULL, NULL, ''),
(4086, 'Course name', '', '', NULL, NULL, NULL, NULL, ''),
(4087, 'Course name', '', '', NULL, NULL, NULL, NULL, ''),
(4088, 'Course name', '', '', NULL, NULL, NULL, NULL, ''),
(4089, 'Course name', '', '', NULL, NULL, NULL, NULL, ''),
(4090, 'Course name', '', '', NULL, NULL, NULL, NULL, ''),
(4091, 'Course name', '', '', NULL, NULL, NULL, NULL, ''),
(4092, 'Course name', '', '', NULL, NULL, NULL, NULL, ''),
(4093, 'Course name', '', '', NULL, NULL, NULL, NULL, ''),
(4094, 'Course name', '', '', NULL, NULL, NULL, NULL, ''),
(4095, 'Course name', '', '', NULL, NULL, NULL, NULL, ''),
(4096, 'Course name', '', '', NULL, NULL, NULL, NULL, ''),
(4097, 'Course name', '', '', NULL, NULL, NULL, NULL, ''),
(4098, 'Course name', '', '', NULL, NULL, NULL, NULL, ''),
(4099, 'Course name', '', '', NULL, NULL, NULL, NULL, ''),
(4100, 'Course name', '', '', NULL, NULL, NULL, NULL, ''),
(4101, 'Course name', '', '', NULL, NULL, NULL, NULL, ''),
(4102, 'Course name', '', '', NULL, NULL, NULL, NULL, ''),
(4103, 'Course name', '', '', NULL, NULL, NULL, NULL, ''),
(4104, 'Course name', '', '', NULL, NULL, NULL, NULL, ''),
(4105, 'Course name', '', '', NULL, NULL, NULL, NULL, ''),
(4106, 'Course name', '', '', NULL, NULL, NULL, NULL, ''),
(4107, 'Course name', '', '', NULL, NULL, NULL, NULL, ''),
(4108, 'Course name', '', '', NULL, NULL, NULL, NULL, ''),
(4109, 'Course name', '', '', NULL, NULL, NULL, NULL, ''),
(4110, 'Course name', '', '', NULL, NULL, NULL, NULL, ''),
(4111, 'Course name', '', '', NULL, NULL, NULL, NULL, ''),
(4112, 'Course name', '', '', NULL, NULL, NULL, NULL, ''),
(4113, 'Course name', '', '', NULL, NULL, NULL, NULL, ''),
(4114, 'Course name', '', '', NULL, NULL, NULL, NULL, ''),
(4115, 'Course name', '', '', NULL, NULL, NULL, NULL, ''),
(4116, 'Course name', '', '', NULL, NULL, NULL, NULL, ''),
(4117, 'Course name', '', '', NULL, NULL, NULL, NULL, ''),
(4118, 'Course name', '', '', NULL, NULL, NULL, NULL, ''),
(4119, 'Course name', '', '', NULL, NULL, NULL, NULL, ''),
(4120, 'Course name', '', '', NULL, NULL, NULL, NULL, ''),
(4121, 'Course name', '', '', NULL, NULL, NULL, NULL, ''),
(4122, 'Course name', '', '', NULL, NULL, NULL, NULL, ''),
(4123, 'Course name', '', '', NULL, NULL, NULL, NULL, ''),
(4124, 'Course name', '', '', NULL, NULL, NULL, NULL, ''),
(4125, 'Course name', '', '', NULL, NULL, NULL, NULL, ''),
(4126, 'Course name', '', '', NULL, NULL, NULL, NULL, ''),
(4127, 'Course name', '', '', NULL, NULL, NULL, NULL, ''),
(4128, 'Course name', '', '', NULL, NULL, NULL, NULL, ''),
(4129, 'Course name', '', '', NULL, NULL, NULL, NULL, ''),
(4130, 'Course name', '', '', NULL, NULL, NULL, NULL, ''),
(4131, 'Course name', '', '', NULL, NULL, NULL, NULL, ''),
(4132, 'Course name', '', '', NULL, NULL, NULL, NULL, ''),
(4133, 'Course name', '', '', NULL, NULL, NULL, NULL, ''),
(4134, 'Course name', '', '', NULL, NULL, NULL, NULL, ''),
(4135, 'Course name', '', '', NULL, NULL, NULL, NULL, ''),
(4136, 'Course name', '', '', NULL, NULL, NULL, NULL, ''),
(4137, 'Course name', '', '', NULL, NULL, NULL, NULL, ''),
(4138, 'Course name', '', '', NULL, NULL, NULL, NULL, ''),
(4139, 'Course name', '', '', NULL, NULL, NULL, NULL, ''),
(4140, 'Course name', '', '', NULL, NULL, NULL, NULL, ''),
(4141, 'Course name', '', '', NULL, NULL, NULL, NULL, ''),
(4142, 'Course name', '', '', NULL, NULL, NULL, NULL, ''),
(4143, 'Course name', '', '', NULL, NULL, NULL, NULL, ''),
(4144, 'Course name', '', '', NULL, NULL, NULL, NULL, ''),
(4145, 'Course name', '', '', NULL, NULL, NULL, NULL, ''),
(4146, 'Course name', '', '', NULL, NULL, NULL, NULL, ''),
(4147, 'Course name', '', '', NULL, NULL, NULL, NULL, ''),
(4148, 'Course name', '', '', NULL, NULL, NULL, NULL, ''),
(4149, 'Course name', '', '', NULL, NULL, NULL, NULL, ''),
(4150, 'Course name', '', '', NULL, NULL, NULL, NULL, ''),
(4151, 'Course name', '', '', NULL, NULL, NULL, NULL, ''),
(4152, 'Course name', '', '', NULL, NULL, NULL, NULL, ''),
(4153, 'Course name', '', '', NULL, NULL, NULL, NULL, ''),
(4154, 'Course name', '', '', NULL, NULL, NULL, NULL, ''),
(4155, 'Course name', '', '', NULL, NULL, NULL, NULL, ''),
(4156, 'Course name', '', '', NULL, NULL, NULL, NULL, ''),
(4157, 'Course name', '', '', NULL, NULL, NULL, NULL, ''),
(4158, 'Course name', '', '', NULL, NULL, NULL, NULL, ''),
(4159, 'Course name', '', '', NULL, NULL, NULL, NULL, ''),
(4160, 'Course name', '', '', NULL, NULL, NULL, NULL, ''),
(4161, 'Course name', '', '', NULL, NULL, NULL, NULL, ''),
(4162, 'Course name', '', '', NULL, NULL, NULL, NULL, ''),
(4163, 'Course name', '', '', NULL, NULL, NULL, NULL, ''),
(4164, 'Gender', '', '', NULL, NULL, NULL, NULL, ''),
(4165, 'parent', '', '', NULL, NULL, NULL, NULL, ''),
(4166, 'parent', '', '', NULL, NULL, NULL, NULL, ''),
(4167, 'parent', '', '', NULL, NULL, NULL, NULL, ''),
(4168, 'parent', '', '', NULL, NULL, NULL, NULL, ''),
(4169, 'parent', '', '', NULL, NULL, NULL, NULL, ''),
(4170, 'parent', '', '', NULL, NULL, NULL, NULL, ''),
(4171, 'parent', '', '', NULL, NULL, NULL, NULL, ''),
(4172, 'parent', '', '', NULL, NULL, NULL, NULL, ''),
(4173, 'parent', '', '', NULL, NULL, NULL, NULL, ''),
(4174, 'parent', '', '', NULL, NULL, NULL, NULL, ''),
(4175, 'parent', '', '', NULL, NULL, NULL, NULL, ''),
(4176, 'Manage-students', '', '', NULL, NULL, NULL, NULL, ''),
(4177, 'course Name', '', '', NULL, NULL, NULL, NULL, ''),
(4178, 'course Name', '', '', NULL, NULL, NULL, NULL, ''),
(4179, 'course Name', '', '', NULL, NULL, NULL, NULL, ''),
(4180, 'course Name', '', '', NULL, NULL, NULL, NULL, ''),
(4181, 'course Name', '', '', NULL, NULL, NULL, NULL, ''),
(4182, 'course Name', '', '', NULL, NULL, NULL, NULL, ''),
(4183, 'course Name', '', '', NULL, NULL, NULL, NULL, ''),
(4184, 'Course', '', '', NULL, NULL, NULL, NULL, ''),
(4185, 'course Name', '', '', NULL, NULL, NULL, NULL, ''),
(4186, 'course Name', '', '', NULL, NULL, NULL, NULL, ''),
(4187, 'course Name', '', '', NULL, NULL, NULL, NULL, ''),
(4188, 'course Name', '', '', NULL, NULL, NULL, NULL, ''),
(4189, 'course Name', '', '', NULL, NULL, NULL, NULL, ''),
(4190, 'course Name', '', '', NULL, NULL, NULL, NULL, ''),
(4191, 'course Name', '', '', NULL, NULL, NULL, NULL, ''),
(4192, 'course Name', '', '', NULL, NULL, NULL, NULL, ''),
(4193, 'course Name', '', '', NULL, NULL, NULL, NULL, ''),
(4194, 'course Name', '', '', NULL, NULL, NULL, NULL, ''),
(4195, 'course Name', '', '', NULL, NULL, NULL, NULL, ''),
(4196, 'course Name', '', '', NULL, NULL, NULL, NULL, ''),
(4197, 'course Name', '', '', NULL, NULL, NULL, NULL, ''),
(4198, 'course Name', '', '', NULL, NULL, NULL, NULL, ''),
(4199, 'course Name', '', '', NULL, NULL, NULL, NULL, ''),
(4200, 'course Name', '', '', NULL, NULL, NULL, NULL, ''),
(4201, 'course Name', '', '', NULL, NULL, NULL, NULL, ''),
(4202, 'course Name', '', '', NULL, NULL, NULL, NULL, ''),
(4203, 'course Name', '', '', NULL, NULL, NULL, NULL, ''),
(4204, 'course Name', '', '', NULL, NULL, NULL, NULL, ''),
(4205, 'course Name', '', '', NULL, NULL, NULL, NULL, ''),
(4206, 'course Name', '', '', NULL, NULL, NULL, NULL, ''),
(4207, 'course Name', '', '', NULL, NULL, NULL, NULL, ''),
(4208, 'course Name', '', '', NULL, NULL, NULL, NULL, ''),
(4209, 'course Name', '', '', NULL, NULL, NULL, NULL, ''),
(4210, 'Course name', '', '', NULL, NULL, NULL, NULL, ''),
(4211, 'Course name', '', '', NULL, NULL, NULL, NULL, ''),
(4212, 'course Name', '', '', NULL, NULL, NULL, NULL, ''),
(4213, 'course Name', '', '', NULL, NULL, NULL, NULL, ''),
(4214, 'course Name', '', '', NULL, NULL, NULL, NULL, ''),
(4215, 'course Name', '', '', NULL, NULL, NULL, NULL, ''),
(4216, 'course Name', '', '', NULL, NULL, NULL, NULL, ''),
(4217, 'course Name', '', '', NULL, NULL, NULL, NULL, ''),
(4218, 'course Name', '', '', NULL, NULL, NULL, NULL, ''),
(4219, 'course Name', '', '', NULL, NULL, NULL, NULL, ''),
(4220, 'course Name', '', '', NULL, NULL, NULL, NULL, ''),
(4221, 'course Name', '', '', NULL, NULL, NULL, NULL, ''),
(4222, 'course Name', '', '', NULL, NULL, NULL, NULL, ''),
(4223, 'course Name', '', '', NULL, NULL, NULL, NULL, ''),
(4224, 'course Name', '', '', NULL, NULL, NULL, NULL, ''),
(4225, 'course Name', '', '', NULL, NULL, NULL, NULL, ''),
(4226, 'course Name', '', '', NULL, NULL, NULL, NULL, ''),
(4227, 'course Name', '', '', NULL, NULL, NULL, NULL, ''),
(4228, 'course Name', '', '', NULL, NULL, NULL, NULL, ''),
(4229, 'course Name', '', '', NULL, NULL, NULL, NULL, ''),
(4230, 'course Name', '', '', NULL, NULL, NULL, NULL, ''),
(4231, 'course Name', '', '', NULL, NULL, NULL, NULL, ''),
(4232, 'course Name', '', '', NULL, NULL, NULL, NULL, ''),
(4233, 'course Name', '', '', NULL, NULL, NULL, NULL, ''),
(4234, 'course Name', '', '', NULL, NULL, NULL, NULL, ''),
(4235, 'course Name', '', '', NULL, NULL, NULL, NULL, ''),
(4236, 'course Name', '', '', NULL, NULL, NULL, NULL, ''),
(4237, 'course Name', '', '', NULL, NULL, NULL, NULL, ''),
(4238, 'course Name', '', '', NULL, NULL, NULL, NULL, ''),
(4239, 'course Name', '', '', NULL, NULL, NULL, NULL, ''),
(4240, 'course Name', '', '', NULL, NULL, NULL, NULL, ''),
(4241, 'course Name', '', '', NULL, NULL, NULL, NULL, ''),
(4242, 'course Name', '', '', NULL, NULL, NULL, NULL, ''),
(4243, 'course Name', '', '', NULL, NULL, NULL, NULL, ''),
(4244, 'course Name', '', '', NULL, NULL, NULL, NULL, ''),
(4245, 'course Name', '', '', NULL, NULL, NULL, NULL, ''),
(4246, 'course Name', '', '', NULL, NULL, NULL, NULL, ''),
(4247, 'course Name', '', '', NULL, NULL, NULL, NULL, ''),
(4248, 'course Name', '', '', NULL, NULL, NULL, NULL, ''),
(4249, 'course Name', '', '', NULL, NULL, NULL, NULL, ''),
(4250, 'Course name', '', '', NULL, NULL, NULL, NULL, ''),
(4251, 'Course name', '', '', NULL, NULL, NULL, NULL, ''),
(4252, 'course Name', '', '', NULL, NULL, NULL, NULL, ''),
(4253, 'course Name', '', '', NULL, NULL, NULL, NULL, ''),
(4254, 'course Name', '', '', NULL, NULL, NULL, NULL, ''),
(4255, 'course Name', '', '', NULL, NULL, NULL, NULL, ''),
(4256, 'course Name', '', '', NULL, NULL, NULL, NULL, ''),
(4257, 'course Name', '', '', NULL, NULL, NULL, NULL, ''),
(4258, 'course Name', '', '', NULL, NULL, NULL, NULL, ''),
(4259, 'course Name', '', '', NULL, NULL, NULL, NULL, ''),
(4260, 'course Name', '', '', NULL, NULL, NULL, NULL, ''),
(4261, 'course Name', '', '', NULL, NULL, NULL, NULL, ''),
(4262, 'course Name', '', '', NULL, NULL, NULL, NULL, ''),
(4263, 'course Name', '', '', NULL, NULL, NULL, NULL, ''),
(4264, 'course Name', '', '', NULL, NULL, NULL, NULL, ''),
(4265, 'course Name', '', '', NULL, NULL, NULL, NULL, ''),
(4266, 'course Name', '', '', NULL, NULL, NULL, NULL, ''),
(4267, 'course Name', '', '', NULL, NULL, NULL, NULL, ''),
(4268, 'course Name', '', '', NULL, NULL, NULL, NULL, ''),
(4269, 'course Name', '', '', NULL, NULL, NULL, NULL, ''),
(4270, 'course Name', '', '', NULL, NULL, NULL, NULL, ''),
(4271, 'course Name', '', '', NULL, NULL, NULL, NULL, ''),
(4272, 'course Name', '', '', NULL, NULL, NULL, NULL, ''),
(4273, 'course Name', '', '', NULL, NULL, NULL, NULL, ''),
(4274, 'course Name', '', '', NULL, NULL, NULL, NULL, ''),
(4275, 'course Name', '', '', NULL, NULL, NULL, NULL, ''),
(4276, 'course Name', '', '', NULL, NULL, NULL, NULL, ''),
(4277, 'course Name', '', '', NULL, NULL, NULL, NULL, ''),
(4278, 'course Name', '', '', NULL, NULL, NULL, NULL, ''),
(4279, 'course Name', '', '', NULL, NULL, NULL, NULL, ''),
(4280, 'course Name', '', '', NULL, NULL, NULL, NULL, ''),
(4281, 'course Name', '', '', NULL, NULL, NULL, NULL, ''),
(4282, 'course Name', '', '', NULL, NULL, NULL, NULL, ''),
(4283, 'course Name', '', '', NULL, NULL, NULL, NULL, ''),
(4284, 'course Name', '', '', NULL, NULL, NULL, NULL, ''),
(4285, 'course Name', '', '', NULL, NULL, NULL, NULL, ''),
(4286, 'Course name', '', '', NULL, NULL, NULL, NULL, ''),
(4287, 'Course name', '', '', NULL, NULL, NULL, NULL, ''),
(4288, 'Course name', '', '', NULL, NULL, NULL, NULL, ''),
(4289, 'course Name', '', '', NULL, NULL, NULL, NULL, ''),
(4290, 'course Name', '', '', NULL, NULL, NULL, NULL, ''),
(4291, 'course Name', '', '', NULL, NULL, NULL, NULL, ''),
(4292, 'course Name', '', '', NULL, NULL, NULL, NULL, ''),
(4293, 'course Name', '', '', NULL, NULL, NULL, NULL, ''),
(4294, 'course Name', '', '', NULL, NULL, NULL, NULL, ''),
(4295, 'course Name', '', '', NULL, NULL, NULL, NULL, ''),
(4296, 'Course name', '', '', NULL, NULL, NULL, NULL, ''),
(4297, 'Course name', '', '', NULL, NULL, NULL, NULL, ''),
(4298, 'Course name', '', '', NULL, NULL, NULL, NULL, ''),
(4299, 'Course name', '', '', NULL, NULL, NULL, NULL, ''),
(4300, 'course Name', '', '', NULL, NULL, NULL, NULL, ''),
(4301, 'course Name', '', '', NULL, NULL, NULL, NULL, ''),
(4302, 'course Name', '', '', NULL, NULL, NULL, NULL, ''),
(4303, 'Course name', '', '', NULL, NULL, NULL, NULL, ''),
(4304, 'Course name', '', '', NULL, NULL, NULL, NULL, ''),
(4305, 'Course name', '', '', NULL, NULL, NULL, NULL, ''),
(4306, 'Course name', '', '', NULL, NULL, NULL, NULL, ''),
(4307, 'Course name', '', '', NULL, NULL, NULL, NULL, ''),
(4308, 'Course name', '', '', NULL, NULL, NULL, NULL, ''),
(4309, 'Course name', '', '', NULL, NULL, NULL, NULL, ''),
(4310, 'Course name', '', '', NULL, NULL, NULL, NULL, ''),
(4311, 'Course name', '', '', NULL, NULL, NULL, NULL, ''),
(4312, 'Course name', '', '', NULL, NULL, NULL, NULL, ''),
(4313, 'Course name', '', '', NULL, NULL, NULL, NULL, ''),
(4314, 'Mapping', '', '', NULL, NULL, NULL, NULL, ''),
(4315, 'Course name', '', '', NULL, NULL, NULL, NULL, ''),
(4316, 'Course name', '', '', NULL, NULL, NULL, NULL, ''),
(4317, 'Course name', '', '', NULL, NULL, NULL, NULL, ''),
(4318, 'Course name', '', '', NULL, NULL, NULL, NULL, ''),
(4319, 'Course name', '', '', NULL, NULL, NULL, NULL, ''),
(4320, 'Course name', '', '', NULL, NULL, NULL, NULL, ''),
(4321, 'Course name', '', '', NULL, NULL, NULL, NULL, ''),
(4322, 'Course name', '', '', NULL, NULL, NULL, NULL, ''),
(4323, 'Course name', '', '', NULL, NULL, NULL, NULL, ''),
(4324, 'Course name', '', '', NULL, NULL, NULL, NULL, ''),
(4325, 'Course name', '', '', NULL, NULL, NULL, NULL, ''),
(4326, 'Course name', '', '', NULL, NULL, NULL, NULL, ''),
(4327, 'Course name', '', '', NULL, NULL, NULL, NULL, ''),
(4328, 'Course name', '', '', NULL, NULL, NULL, NULL, ''),
(4329, 'Course name', '', '', NULL, NULL, NULL, NULL, ''),
(4330, 'Course name', '', '', NULL, NULL, NULL, NULL, ''),
(4331, 'Course name', '', '', NULL, NULL, NULL, NULL, ''),
(4332, 'Course name', '', '', NULL, NULL, NULL, NULL, ''),
(4333, 'Course name', '', '', NULL, NULL, NULL, NULL, ''),
(4334, 'Course name', '', '', NULL, NULL, NULL, NULL, ''),
(4335, 'Course Mapping', '', '', NULL, NULL, NULL, NULL, ''),
(4336, 'Teacher - Course Mapping', '', '', NULL, NULL, NULL, NULL, ''),
(4337, 'course Name', '', '', NULL, NULL, NULL, NULL, ''),
(4338, 'course Name', '', '', NULL, NULL, NULL, NULL, ''),
(4339, 'Course name', '', '', NULL, NULL, NULL, NULL, ''),
(4340, 'Course name', '', '', NULL, NULL, NULL, NULL, ''),
(4341, 'Course name', '', '', NULL, NULL, NULL, NULL, ''),
(4342, 'Course name', '', '', NULL, NULL, NULL, NULL, ''),
(4343, 'Course name', '', '', NULL, NULL, NULL, NULL, ''),
(4344, 'Expected Pay', '', '', NULL, NULL, NULL, NULL, ''),
(4345, 'Available Slot', '', '', NULL, NULL, NULL, NULL, ''),
(4346, 'Course name', '', '', NULL, NULL, NULL, NULL, ''),
(4347, 'Course name', '', '', NULL, NULL, NULL, NULL, ''),
(4348, 'Course name', '', '', NULL, NULL, NULL, NULL, ''),
(4349, 'Course name', '', '', NULL, NULL, NULL, NULL, ''),
(4350, 'Expected Pay/Hour', '', '', NULL, NULL, NULL, NULL, ''),
(4351, 'Course name', '', '', NULL, NULL, NULL, NULL, ''),
(4352, 'Course-Mapping', '', '', NULL, NULL, NULL, NULL, ''),
(4353, 'Course name', '', '', NULL, NULL, NULL, NULL, ''),
(4354, 'Course name', '', '', NULL, NULL, NULL, NULL, ''),
(4355, 'Course name', '', '', NULL, NULL, NULL, NULL, ''),
(4356, 'Course name', '', '', NULL, NULL, NULL, NULL, ''),
(4357, 'Course name', '', '', NULL, NULL, NULL, NULL, ''),
(4358, 'Course name', '', '', NULL, NULL, NULL, NULL, ''),
(4359, 'Course name', '', '', NULL, NULL, NULL, NULL, ''),
(4360, 'Course name', '', '', NULL, NULL, NULL, NULL, ''),
(4361, 'Course name', '', '', NULL, NULL, NULL, NULL, ''),
(4362, 'Course name', '', '', NULL, NULL, NULL, NULL, ''),
(4363, 'Course name', '', '', NULL, NULL, NULL, NULL, ''),
(4364, 'Course name', '', '', NULL, NULL, NULL, NULL, ''),
(4365, 'Course name', '', '', NULL, NULL, NULL, NULL, ''),
(4366, 'Course name', '', '', NULL, NULL, NULL, NULL, ''),
(4367, 'Course name', '', '', NULL, NULL, NULL, NULL, ''),
(4368, 'Course name', '', '', NULL, NULL, NULL, NULL, ''),
(4369, 'Course name', '', '', NULL, NULL, NULL, NULL, ''),
(4370, 'Course name', '', '', NULL, NULL, NULL, NULL, ''),
(4371, 'Course name', '', '', NULL, NULL, NULL, NULL, ''),
(4372, 'Course name', '', '', NULL, NULL, NULL, NULL, ''),
(4373, 'Course name', '', '', NULL, NULL, NULL, NULL, ''),
(4374, 'Course name', '', '', NULL, NULL, NULL, NULL, ''),
(4375, 'Course name', '', '', NULL, NULL, NULL, NULL, ''),
(4376, 'Course name', '', '', NULL, NULL, NULL, NULL, ''),
(4377, 'Action', '', '', NULL, NULL, NULL, NULL, ''),
(4378, 'course Name', '', '', NULL, NULL, NULL, NULL, ''),
(4379, 'course Name', '', '', NULL, NULL, NULL, NULL, ''),
(4380, 'course Name', '', '', NULL, NULL, NULL, NULL, ''),
(4381, 'course Name', '', '', NULL, NULL, NULL, NULL, ''),
(4382, 'Course name', '', '', NULL, NULL, NULL, NULL, ''),
(4383, 'Course name', '', '', NULL, NULL, NULL, NULL, ''),
(4384, 'Course name', '', '', NULL, NULL, NULL, NULL, ''),
(4385, 'Course name', '', '', NULL, NULL, NULL, NULL, ''),
(4386, 'Course name', '', '', NULL, NULL, NULL, NULL, ''),
(4387, 'Course name', '', '', NULL, NULL, NULL, NULL, ''),
(4388, 'course Name', '', '', NULL, NULL, NULL, NULL, ''),
(4389, 'course Name', '', '', NULL, NULL, NULL, NULL, ''),
(4390, 'Parent Details', '', '', NULL, NULL, NULL, NULL, ''),
(4391, 'course Name', '', '', NULL, NULL, NULL, NULL, ''),
(4392, 'course Name', '', '', NULL, NULL, NULL, NULL, ''),
(4393, 'course Name', '', '', NULL, NULL, NULL, NULL, ''),
(4394, 'course Name', '', '', NULL, NULL, NULL, NULL, ''),
(4395, 'Student Info', '', '', NULL, NULL, NULL, NULL, ''),
(4396, 'course Name', '', '', NULL, NULL, NULL, NULL, ''),
(4397, 'course Name', '', '', NULL, NULL, NULL, NULL, ''),
(4398, 'course Name', '', '', NULL, NULL, NULL, NULL, ''),
(4399, 'course Name', '', '', NULL, NULL, NULL, NULL, ''),
(4400, 'course Name', '', '', NULL, NULL, NULL, NULL, ''),
(4401, 'course Name', '', '', NULL, NULL, NULL, NULL, ''),
(4402, 'course Name', '', '', NULL, NULL, NULL, NULL, ''),
(4403, 'course Name', '', '', NULL, NULL, NULL, NULL, ''),
(4404, 'course Name', '', '', NULL, NULL, NULL, NULL, ''),
(4405, 'course Name', '', '', NULL, NULL, NULL, NULL, ''),
(4406, 'course Name', '', '', NULL, NULL, NULL, NULL, ''),
(4407, 'Parent Name', '', '', NULL, NULL, NULL, NULL, ''),
(4408, 'course Name', '', '', NULL, NULL, NULL, NULL, ''),
(4409, 'Map the Parent', '', '', NULL, NULL, NULL, NULL, ''),
(4410, 'Course name', '', '', NULL, NULL, NULL, NULL, ''),
(4411, 'Course name', '', '', NULL, NULL, NULL, NULL, ''),
(4412, 'course Name', '', '', NULL, NULL, NULL, NULL, ''),
(4413, 'course Name', '', '', NULL, NULL, NULL, NULL, ''),
(4414, 'course Name', '', '', NULL, NULL, NULL, NULL, ''),
(4415, 'course Name', '', '', NULL, NULL, NULL, NULL, ''),
(4416, 'course Name', '', '', NULL, NULL, NULL, NULL, ''),
(4417, 'course Name', '', '', NULL, NULL, NULL, NULL, ''),
(4418, 'course Name', '', '', NULL, NULL, NULL, NULL, ''),
(4419, 'course Name', '', '', NULL, NULL, NULL, NULL, ''),
(4420, 'course Name', '', '', NULL, NULL, NULL, NULL, ''),
(4421, 'course Name', '', '', NULL, NULL, NULL, NULL, ''),
(4422, 'course Name', '', '', NULL, NULL, NULL, NULL, ''),
(4423, 'Course name', '', '', NULL, NULL, NULL, NULL, ''),
(4424, 'Course name', '', '', NULL, NULL, NULL, NULL, ''),
(4425, 'course Name', '', '', NULL, NULL, NULL, NULL, ''),
(4426, 'course Name', '', '', NULL, NULL, NULL, NULL, ''),
(4427, 'course Name', '', '', NULL, NULL, NULL, NULL, ''),
(4428, 'course Name', '', '', NULL, NULL, NULL, NULL, ''),
(4429, 'course Name', '', '', NULL, NULL, NULL, NULL, ''),
(4430, 'course Name', '', '', NULL, NULL, NULL, NULL, ''),
(4431, 'course Name', '', '', NULL, NULL, NULL, NULL, ''),
(4432, 'course Name', '', '', NULL, NULL, NULL, NULL, ''),
(4433, 'course Name', '', '', NULL, NULL, NULL, NULL, ''),
(4434, 'course Name', '', '', NULL, NULL, NULL, NULL, ''),
(4435, 'course Name', '', '', NULL, NULL, NULL, NULL, ''),
(4436, 'course Name', '', '', NULL, NULL, NULL, NULL, ''),
(4437, 'course Name', '', '', NULL, NULL, NULL, NULL, ''),
(4438, 'course Name', '', '', NULL, NULL, NULL, NULL, ''),
(4439, 'course Name', '', '', NULL, NULL, NULL, NULL, ''),
(4440, 'course Name', '', '', NULL, NULL, NULL, NULL, ''),
(4441, 'course Name', '', '', NULL, NULL, NULL, NULL, ''),
(4442, 'course Name', '', '', NULL, NULL, NULL, NULL, ''),
(4443, 'course Name', '', '', NULL, NULL, NULL, NULL, ''),
(4444, 'course Name', '', '', NULL, NULL, NULL, NULL, ''),
(4445, 'course Name', '', '', NULL, NULL, NULL, NULL, ''),
(4446, 'course Name', '', '', NULL, NULL, NULL, NULL, ''),
(4447, 'course Name', '', '', NULL, NULL, NULL, NULL, ''),
(4448, 'course Name', '', '', NULL, NULL, NULL, NULL, ''),
(4449, 'course Name', '', '', NULL, NULL, NULL, NULL, ''),
(4450, 'course Name', '', '', NULL, NULL, NULL, NULL, ''),
(4451, 'course Name', '', '', NULL, NULL, NULL, NULL, ''),
(4452, 'course Name', '', '', NULL, NULL, NULL, NULL, ''),
(4453, 'Course Status', '', '', NULL, NULL, NULL, NULL, ''),
(4454, 'Course name', '', '', NULL, NULL, NULL, NULL, ''),
(4455, 'Course name', '', '', NULL, NULL, NULL, NULL, ''),
(4456, 'Course name', '', '', NULL, NULL, NULL, NULL, ''),
(4457, 'Course name', '', '', NULL, NULL, NULL, NULL, ''),
(4458, 'Course name', '', '', NULL, NULL, NULL, NULL, ''),
(4459, 'Course name', '', '', NULL, NULL, NULL, NULL, ''),
(4460, 'Course name', '', '', NULL, NULL, NULL, NULL, ''),
(4461, 'Course name', '', '', NULL, NULL, NULL, NULL, ''),
(4462, 'Course name', '', '', NULL, NULL, NULL, NULL, ''),
(4463, 'Course name', '', '', NULL, NULL, NULL, NULL, ''),
(4464, 'Course name', '', '', NULL, NULL, NULL, NULL, ''),
(4465, 'Course name', '', '', NULL, NULL, NULL, NULL, ''),
(4466, 'Course name', '', '', NULL, NULL, NULL, NULL, ''),
(4467, 'Course name', '', '', NULL, NULL, NULL, NULL, ''),
(4468, 'Course name', '', '', NULL, NULL, NULL, NULL, ''),
(4469, 'Course name', '', '', NULL, NULL, NULL, NULL, ''),
(4470, 'Course name', '', '', NULL, NULL, NULL, NULL, ''),
(4471, 'Course name', '', '', NULL, NULL, NULL, NULL, ''),
(4472, 'Course name', '', '', NULL, NULL, NULL, NULL, ''),
(4473, 'Course name', '', '', NULL, NULL, NULL, NULL, ''),
(4474, 'Course name', '', '', NULL, NULL, NULL, NULL, ''),
(4475, 'Course name', '', '', NULL, NULL, NULL, NULL, ''),
(4476, 'Course name', '', '', NULL, NULL, NULL, NULL, ''),
(4477, 'Course name', '', '', NULL, NULL, NULL, NULL, ''),
(4478, 'Course name', '', '', NULL, NULL, NULL, NULL, ''),
(4479, 'Course name', '', '', NULL, NULL, NULL, NULL, ''),
(4480, 'Course name', '', '', NULL, NULL, NULL, NULL, ''),
(4481, 'Course name', '', '', NULL, NULL, NULL, NULL, ''),
(4482, 'Course name', '', '', NULL, NULL, NULL, NULL, ''),
(4483, 'Course name', '', '', NULL, NULL, NULL, NULL, ''),
(4484, 'Course name', '', '', NULL, NULL, NULL, NULL, ''),
(4485, 'Course name', '', '', NULL, NULL, NULL, NULL, ''),
(4486, 'Course name', '', '', NULL, NULL, NULL, NULL, ''),
(4487, 'Course name', '', '', NULL, NULL, NULL, NULL, ''),
(4488, 'Course name', '', '', NULL, NULL, NULL, NULL, ''),
(4489, 'Course name', '', '', NULL, NULL, NULL, NULL, ''),
(4490, 'Course name', '', '', NULL, NULL, NULL, NULL, ''),
(4491, 'Course name', '', '', NULL, NULL, NULL, NULL, ''),
(4492, 'Course name', '', '', NULL, NULL, NULL, NULL, ''),
(4493, 'Course name', '', '', NULL, NULL, NULL, NULL, ''),
(4494, 'Course name', '', '', NULL, NULL, NULL, NULL, ''),
(4495, 'Course name', '', '', NULL, NULL, NULL, NULL, ''),
(4496, 'Course name', '', '', NULL, NULL, NULL, NULL, ''),
(4497, 'Course name', '', '', NULL, NULL, NULL, NULL, ''),
(4498, 'Course name', '', '', NULL, NULL, NULL, NULL, ''),
(4499, 'Course name', '', '', NULL, NULL, NULL, NULL, ''),
(4500, 'Course name', '', '', NULL, NULL, NULL, NULL, ''),
(4501, 'Course name', '', '', NULL, NULL, NULL, NULL, ''),
(4502, 'Course name', '', '', NULL, NULL, NULL, NULL, ''),
(4503, 'Course name', '', '', NULL, NULL, NULL, NULL, ''),
(4504, 'Course name', '', '', NULL, NULL, NULL, NULL, ''),
(4505, 'Course name', '', '', NULL, NULL, NULL, NULL, ''),
(4506, 'Course name', '', '', NULL, NULL, NULL, NULL, ''),
(4507, 'Course name', '', '', NULL, NULL, NULL, NULL, ''),
(4508, 'Course name', '', '', NULL, NULL, NULL, NULL, ''),
(4509, 'Course name', '', '', NULL, NULL, NULL, NULL, ''),
(4510, 'Course name', '', '', NULL, NULL, NULL, NULL, ''),
(4511, 'course Name', '', '', NULL, NULL, NULL, NULL, ''),
(4512, 'course Name', '', '', NULL, NULL, NULL, NULL, ''),
(4513, 'Course name', '', '', NULL, NULL, NULL, NULL, ''),
(4514, 'Course name', '', '', NULL, NULL, NULL, NULL, ''),
(4515, 'Course name', '', '', NULL, NULL, NULL, NULL, ''),
(4516, 'Course name', '', '', NULL, NULL, NULL, NULL, ''),
(4517, 'Course name', '', '', NULL, NULL, NULL, NULL, ''),
(4518, 'Course name', '', '', NULL, NULL, NULL, NULL, ''),
(4519, 'Course name', '', '', NULL, NULL, NULL, NULL, ''),
(4520, 'Course name', '', '', NULL, NULL, NULL, NULL, ''),
(4521, 'Course name', '', '', NULL, NULL, NULL, NULL, ''),
(4522, 'Course name', '', '', NULL, NULL, NULL, NULL, ''),
(4523, 'Course name', '', '', NULL, NULL, NULL, NULL, ''),
(4524, 'Course name', '', '', NULL, NULL, NULL, NULL, ''),
(4525, 'Course name', '', '', NULL, NULL, NULL, NULL, ''),
(4526, 'Course name', '', '', NULL, NULL, NULL, NULL, ''),
(4527, 'Course name', '', '', NULL, NULL, NULL, NULL, ''),
(4528, 'Course name', '', '', NULL, NULL, NULL, NULL, ''),
(4529, 'Course name', '', '', NULL, NULL, NULL, NULL, ''),
(4530, 'Course name', '', '', NULL, NULL, NULL, NULL, ''),
(4531, 'Course name', '', '', NULL, NULL, NULL, NULL, ''),
(4532, 'Course name', '', '', NULL, NULL, NULL, NULL, ''),
(4533, 'Course name', '', '', NULL, NULL, NULL, NULL, ''),
(4534, 'Course name', '', '', NULL, NULL, NULL, NULL, ''),
(4535, 'Course name', '', '', NULL, NULL, NULL, NULL, ''),
(4536, 'Course name', '', '', NULL, NULL, NULL, NULL, ''),
(4537, 'Course name', '', '', NULL, NULL, NULL, NULL, ''),
(4538, 'Course name', '', '', NULL, NULL, NULL, NULL, ''),
(4539, 'Needs Approvement', '', '', NULL, NULL, NULL, NULL, ''),
(4540, 'VBC Theni', '', '', NULL, NULL, NULL, NULL, ''),
(4541, 'VBC Anupanadi', '', '', NULL, NULL, NULL, NULL, ''),
(4542, 'VBC Viraganoor', '', '', NULL, NULL, NULL, NULL, ''),
(4543, 'VBC Karur', '', '', NULL, NULL, NULL, NULL, ''),
(4544, 'School-Dashboard', '', '', NULL, NULL, NULL, NULL, ''),
(4545, 'Deadline for Activity', '', '', NULL, NULL, NULL, NULL, ''),
(4546, 'Latest Activity', '', '', NULL, NULL, NULL, NULL, ''),
(4547, 'course Name', '', '', NULL, NULL, NULL, NULL, ''),
(4548, 'course Name', '', '', NULL, NULL, NULL, NULL, ''),
(4549, 'Common Notes', '', '', NULL, NULL, NULL, NULL, ''),
(4550, 'Activity', '', '', NULL, NULL, NULL, NULL, ''),
(4551, 'Manage notes', '', '', NULL, NULL, NULL, NULL, ''),
(4552, 'notes', '', '', NULL, NULL, NULL, NULL, ''),
(4553, 'Course name', '', '', NULL, NULL, NULL, NULL, ''),
(4554, 'Notes', '', '', NULL, NULL, NULL, NULL, ''),
(4555, 'Worksheet', '', '', NULL, NULL, NULL, NULL, ''),
(4556, 'Olympaid Sheet', '', '', NULL, NULL, NULL, NULL, ''),
(4557, 'Question Bank', '', '', NULL, NULL, NULL, NULL, ''),
(4558, 'Notes', '', '', NULL, NULL, NULL, NULL, ''),
(4559, 'Notes', '', '', NULL, NULL, NULL, NULL, ''),
(4560, 'Notes', '', '', NULL, NULL, NULL, NULL, ''),
(4561, 'Notes', '', '', NULL, NULL, NULL, NULL, ''),
(4562, 'Notes', '', '', NULL, NULL, NULL, NULL, ''),
(4563, 'Notes', '', '', NULL, NULL, NULL, NULL, ''),
(4564, 'Notes', '', '', NULL, NULL, NULL, NULL, ''),
(4565, 'Notes', '', '', NULL, NULL, NULL, NULL, ''),
(4566, 'Notes', '', '', NULL, NULL, NULL, NULL, ''),
(4567, 'Notes', '', '', NULL, NULL, NULL, NULL, ''),
(4568, 'Notes', '', '', NULL, NULL, NULL, NULL, ''),
(4569, 'Notes', '', '', NULL, NULL, NULL, NULL, ''),
(4570, 'Notes', '', '', NULL, NULL, NULL, NULL, ''),
(4571, 'Notes', '', '', NULL, NULL, NULL, NULL, ''),
(4572, 'Notes', '', '', NULL, NULL, NULL, NULL, ''),
(4573, 'Notes', '', '', NULL, NULL, NULL, NULL, ''),
(4574, 'Notes', '', '', NULL, NULL, NULL, NULL, ''),
(4575, 'Notes', '', '', NULL, NULL, NULL, NULL, ''),
(4576, 'Notes', '', '', NULL, NULL, NULL, NULL, ''),
(4577, 'Notes', '', '', NULL, NULL, NULL, NULL, ''),
(4578, 'Notes', '', '', NULL, NULL, NULL, NULL, ''),
(4579, 'Notes', '', '', NULL, NULL, NULL, NULL, ''),
(4580, 'Notes', '', '', NULL, NULL, NULL, NULL, ''),
(4581, 'Notes', '', '', NULL, NULL, NULL, NULL, ''),
(4582, 'Notes', '', '', NULL, NULL, NULL, NULL, ''),
(4583, 'Notes', '', '', NULL, NULL, NULL, NULL, ''),
(4584, 'Notes', '', '', NULL, NULL, NULL, NULL, ''),
(4585, 'Notes', '', '', NULL, NULL, NULL, NULL, ''),
(4586, 'Notes', '', '', NULL, NULL, NULL, NULL, ''),
(4587, 'Notes', '', '', NULL, NULL, NULL, NULL, ''),
(4588, 'Notes', '', '', NULL, NULL, NULL, NULL, ''),
(4589, 'Notes', '', '', NULL, NULL, NULL, NULL, ''),
(4590, 'Notes', '', '', NULL, NULL, NULL, NULL, ''),
(4591, 'Notes', '', '', NULL, NULL, NULL, NULL, ''),
(4592, 'Notes', '', '', NULL, NULL, NULL, NULL, ''),
(4593, 'Notes', '', '', NULL, NULL, NULL, NULL, ''),
(4594, 'Notes', '', '', NULL, NULL, NULL, NULL, ''),
(4595, 'Notes', '', '', NULL, NULL, NULL, NULL, ''),
(4596, 'Notes', '', '', NULL, NULL, NULL, NULL, ''),
(4597, 'Notes', '', '', NULL, NULL, NULL, NULL, ''),
(4598, 'Notes', '', '', NULL, NULL, NULL, NULL, ''),
(4599, 'Notes', '', '', NULL, NULL, NULL, NULL, ''),
(4600, 'Notes', '', '', NULL, NULL, NULL, NULL, ''),
(4601, 'Notes', '', '', NULL, NULL, NULL, NULL, ''),
(4602, 'Notes', '', '', NULL, NULL, NULL, NULL, ''),
(4603, 'Notes', '', '', NULL, NULL, NULL, NULL, ''),
(4604, 'Notes', '', '', NULL, NULL, NULL, NULL, ''),
(4605, 'Notes', '', '', NULL, NULL, NULL, NULL, ''),
(4606, 'Notes', '', '', NULL, NULL, NULL, NULL, ''),
(4607, 'Notes', '', '', NULL, NULL, NULL, NULL, ''),
(4608, 'Notes', '', '', NULL, NULL, NULL, NULL, ''),
(4609, 'Notes', '', '', NULL, NULL, NULL, NULL, ''),
(4610, 'Notes', '', '', NULL, NULL, NULL, NULL, ''),
(4611, 'Notes', '', '', NULL, NULL, NULL, NULL, ''),
(4612, 'Notes', '', '', NULL, NULL, NULL, NULL, ''),
(4613, 'Notes', '', '', NULL, NULL, NULL, NULL, ''),
(4614, 'Notes', '', '', NULL, NULL, NULL, NULL, ''),
(4615, 'Notes', '', '', NULL, NULL, NULL, NULL, ''),
(4616, 'Notes', '', '', NULL, NULL, NULL, NULL, ''),
(4617, 'Notes', '', '', NULL, NULL, NULL, NULL, ''),
(4618, 'Notes', '', '', NULL, NULL, NULL, NULL, ''),
(4619, 'Notes', '', '', NULL, NULL, NULL, NULL, ''),
(4620, 'Notes', '', '', NULL, NULL, NULL, NULL, ''),
(4621, 'Notes', '', '', NULL, NULL, NULL, NULL, ''),
(4622, 'Notes', '', '', NULL, NULL, NULL, NULL, ''),
(4623, 'Notes', '', '', NULL, NULL, NULL, NULL, ''),
(4624, 'Notes', '', '', NULL, NULL, NULL, NULL, ''),
(4625, 'Notes', '', '', NULL, NULL, NULL, NULL, ''),
(4626, 'Notes', '', '', NULL, NULL, NULL, NULL, ''),
(4627, 'Notes', '', '', NULL, NULL, NULL, NULL, ''),
(4628, 'Notes', '', '', NULL, NULL, NULL, NULL, ''),
(4629, 'Notes', '', '', NULL, NULL, NULL, NULL, ''),
(4630, 'Notes', '', '', NULL, NULL, NULL, NULL, ''),
(4631, 'Notes', '', '', NULL, NULL, NULL, NULL, ''),
(4632, 'Notes', '', '', NULL, NULL, NULL, NULL, ''),
(4633, 'Notes', '', '', NULL, NULL, NULL, NULL, ''),
(4634, 'Notes', '', '', NULL, NULL, NULL, NULL, ''),
(4635, 'Notes', '', '', NULL, NULL, NULL, NULL, ''),
(4636, 'Notes', '', '', NULL, NULL, NULL, NULL, ''),
(4637, 'Notes', '', '', NULL, NULL, NULL, NULL, ''),
(4638, 'Notes', '', '', NULL, NULL, NULL, NULL, ''),
(4639, 'Notes', '', '', NULL, NULL, NULL, NULL, ''),
(4640, 'Notes', '', '', NULL, NULL, NULL, NULL, ''),
(4641, 'Notes', '', '', NULL, NULL, NULL, NULL, ''),
(4642, 'Notes', '', '', NULL, NULL, NULL, NULL, ''),
(4643, 'Notes', '', '', NULL, NULL, NULL, NULL, ''),
(4644, 'Document Type', '', '', NULL, NULL, NULL, NULL, ''),
(4645, 'Notes', '', '', NULL, NULL, NULL, NULL, ''),
(4646, 'Notes', '', '', NULL, NULL, NULL, NULL, ''),
(4647, 'Notes', '', '', NULL, NULL, NULL, NULL, ''),
(4648, 'Notes', '', '', NULL, NULL, NULL, NULL, ''),
(4649, 'Notes', '', '', NULL, NULL, NULL, NULL, ''),
(4650, 'Document', '', '', NULL, NULL, NULL, NULL, ''),
(4651, 'Notes', '', '', NULL, NULL, NULL, NULL, ''),
(4652, 'Notes', '', '', NULL, NULL, NULL, NULL, ''),
(4653, 'Notes', '', '', NULL, NULL, NULL, NULL, ''),
(4654, 'Notes', '', '', NULL, NULL, NULL, NULL, ''),
(4655, 'Notes', '', '', NULL, NULL, NULL, NULL, ''),
(4656, 'Notes', '', '', NULL, NULL, NULL, NULL, ''),
(4657, 'Notes', '', '', NULL, NULL, NULL, NULL, ''),
(4658, 'Notes', '', '', NULL, NULL, NULL, NULL, ''),
(4659, 'Notes', '', '', NULL, NULL, NULL, NULL, ''),
(4660, 'Notes', '', '', NULL, NULL, NULL, NULL, ''),
(4661, 'Notes', '', '', NULL, NULL, NULL, NULL, ''),
(4662, 'Notes', '', '', NULL, NULL, NULL, NULL, ''),
(4663, 'Notes', '', '', NULL, NULL, NULL, NULL, ''),
(4664, 'Notes', '', '', NULL, NULL, NULL, NULL, ''),
(4665, 'Notes', '', '', NULL, NULL, NULL, NULL, ''),
(4666, 'Notes', '', '', NULL, NULL, NULL, NULL, ''),
(4667, 'Notes', '', '', NULL, NULL, NULL, NULL, ''),
(4668, 'Notes', '', '', NULL, NULL, NULL, NULL, ''),
(4669, 'Notes', '', '', NULL, NULL, NULL, NULL, ''),
(4670, 'Notes', '', '', NULL, NULL, NULL, NULL, ''),
(4671, 'Notes', '', '', NULL, NULL, NULL, NULL, ''),
(4672, 'Notes', '', '', NULL, NULL, NULL, NULL, ''),
(4673, 'Notes', '', '', NULL, NULL, NULL, NULL, ''),
(4674, 'Notes', '', '', NULL, NULL, NULL, NULL, ''),
(4675, 'Notes', '', '', NULL, NULL, NULL, NULL, ''),
(4676, 'Notes', '', '', NULL, NULL, NULL, NULL, ''),
(4677, 'Notes', '', '', NULL, NULL, NULL, NULL, ''),
(4678, 'Notes', '', '', NULL, NULL, NULL, NULL, ''),
(4679, 'Notes', '', '', NULL, NULL, NULL, NULL, ''),
(4680, 'Notes', '', '', NULL, NULL, NULL, NULL, ''),
(4681, 'Notes', '', '', NULL, NULL, NULL, NULL, ''),
(4682, 'Notes', '', '', NULL, NULL, NULL, NULL, ''),
(4683, 'Notes', '', '', NULL, NULL, NULL, NULL, ''),
(4684, 'Notes', '', '', NULL, NULL, NULL, NULL, ''),
(4685, 'Upload Document', '', '', NULL, NULL, NULL, NULL, ''),
(4686, 'Notes', '', '', NULL, NULL, NULL, NULL, ''),
(4687, 'Notes', '', '', NULL, NULL, NULL, NULL, ''),
(4688, 'Notes', '', '', NULL, NULL, NULL, NULL, ''),
(4689, 'Notes', '', '', NULL, NULL, NULL, NULL, ''),
(4690, 'Notes', '', '', NULL, NULL, NULL, NULL, ''),
(4691, 'Notes', '', '', NULL, NULL, NULL, NULL, ''),
(4692, 'Notes', '', '', NULL, NULL, NULL, NULL, ''),
(4693, 'Closing Date', '', '', NULL, NULL, NULL, NULL, ''),
(4694, 'Notes', '', '', NULL, NULL, NULL, NULL, ''),
(4695, 'Notes', '', '', NULL, NULL, NULL, NULL, ''),
(4696, 'Notes', '', '', NULL, NULL, NULL, NULL, ''),
(4697, 'Notes', '', '', NULL, NULL, NULL, NULL, ''),
(4698, 'Notes', '', '', NULL, NULL, NULL, NULL, ''),
(4699, 'Notes', '', '', NULL, NULL, NULL, NULL, ''),
(4700, 'Notes', '', '', NULL, NULL, NULL, NULL, ''),
(4701, 'Notes', '', '', NULL, NULL, NULL, NULL, ''),
(4702, 'Notes', '', '', NULL, NULL, NULL, NULL, ''),
(4703, 'Notes', '', '', NULL, NULL, NULL, NULL, ''),
(4704, 'Notes', '', '', NULL, NULL, NULL, NULL, ''),
(4705, 'Notes', '', '', NULL, NULL, NULL, NULL, ''),
(4706, 'Notes', '', '', NULL, NULL, NULL, NULL, ''),
(4707, 'Co-ordinator Names', '', '', NULL, NULL, NULL, NULL, ''),
(4708, 'Notes', '', '', NULL, NULL, NULL, NULL, ''),
(4709, 'Notes', '', '', NULL, NULL, NULL, NULL, ''),
(4710, 'Notes', '', '', NULL, NULL, NULL, NULL, ''),
(4711, 'Notes', '', '', NULL, NULL, NULL, NULL, ''),
(4712, 'Notes', '', '', NULL, NULL, NULL, NULL, ''),
(4713, 'Notes', '', '', NULL, NULL, NULL, NULL, ''),
(4714, 'Notes', '', '', NULL, NULL, NULL, NULL, ''),
(4715, 'Notes', '', '', NULL, NULL, NULL, NULL, ''),
(4716, 'Notes', '', '', NULL, NULL, NULL, NULL, ''),
(4717, 'Notes', '', '', NULL, NULL, NULL, NULL, ''),
(4718, 'Notes', '', '', NULL, NULL, NULL, NULL, ''),
(4719, 'Notes', '', '', NULL, NULL, NULL, NULL, ''),
(4720, 'Notes', '', '', NULL, NULL, NULL, NULL, ''),
(4721, 'Notes', '', '', NULL, NULL, NULL, NULL, ''),
(4722, 'Notes', '', '', NULL, NULL, NULL, NULL, ''),
(4723, 'Notes', '', '', NULL, NULL, NULL, NULL, ''),
(4724, 'Notes', '', '', NULL, NULL, NULL, NULL, ''),
(4725, 'Notes', '', '', NULL, NULL, NULL, NULL, ''),
(4726, 'Notes', '', '', NULL, NULL, NULL, NULL, ''),
(4727, 'Notes', '', '', NULL, NULL, NULL, NULL, ''),
(4728, 'Notes', '', '', NULL, NULL, NULL, NULL, ''),
(4729, 'Notes', '', '', NULL, NULL, NULL, NULL, ''),
(4730, 'Notes', '', '', NULL, NULL, NULL, NULL, ''),
(4731, 'Course name', '', '', NULL, NULL, NULL, NULL, ''),
(4732, 'Notes', '', '', NULL, NULL, NULL, NULL, ''),
(4733, 'Option', '', '', NULL, NULL, NULL, NULL, ''),
(4734, 'Notes', '', '', NULL, NULL, NULL, NULL, ''),
(4735, 'Notes', '', '', NULL, NULL, NULL, NULL, ''),
(4736, 'Notes', '', '', NULL, NULL, NULL, NULL, ''),
(4737, 'Notes', '', '', NULL, NULL, NULL, NULL, ''),
(4738, 'Notes', '', '', NULL, NULL, NULL, NULL, ''),
(4739, 'Notes', '', '', NULL, NULL, NULL, NULL, ''),
(4740, 'Notes', '', '', NULL, NULL, NULL, NULL, ''),
(4741, 'Notes', '', '', NULL, NULL, NULL, NULL, ''),
(4742, 'Notes', '', '', NULL, NULL, NULL, NULL, ''),
(4743, 'Notes', '', '', NULL, NULL, NULL, NULL, ''),
(4744, 'Notes', '', '', NULL, NULL, NULL, NULL, ''),
(4745, 'Notes', '', '', NULL, NULL, NULL, NULL, ''),
(4746, 'Notes', '', '', NULL, NULL, NULL, NULL, ''),
(4747, 'Notes', '', '', NULL, NULL, NULL, NULL, ''),
(4748, 'Notes', '', '', NULL, NULL, NULL, NULL, ''),
(4749, 'Notes', '', '', NULL, NULL, NULL, NULL, ''),
(4750, 'Notes', '', '', NULL, NULL, NULL, NULL, ''),
(4751, 'Notes', '', '', NULL, NULL, NULL, NULL, ''),
(4752, 'Notes', '', '', NULL, NULL, NULL, NULL, ''),
(4753, 'Notes', '', '', NULL, NULL, NULL, NULL, ''),
(4754, 'Notes', '', '', NULL, NULL, NULL, NULL, ''),
(4755, 'Notes', '', '', NULL, NULL, NULL, NULL, ''),
(4756, 'Notes', '', '', NULL, NULL, NULL, NULL, ''),
(4757, 'Notes', '', '', NULL, NULL, NULL, NULL, ''),
(4758, 'Notes', '', '', NULL, NULL, NULL, NULL, ''),
(4759, 'Course name', '', '', NULL, NULL, NULL, NULL, ''),
(4760, 'Course name', '', '', NULL, NULL, NULL, NULL, ''),
(4761, 'Course name', '', '', NULL, NULL, NULL, NULL, ''),
(4762, 'Course name', '', '', NULL, NULL, NULL, NULL, ''),
(4763, 'Course name', '', '', NULL, NULL, NULL, NULL, ''),
(4764, 'Course name', '', '', NULL, NULL, NULL, NULL, ''),
(4765, 'Course name', '', '', NULL, NULL, NULL, NULL, ''),
(4766, 'Course name', '', '', NULL, NULL, NULL, NULL, ''),
(4767, 'Course name', '', '', NULL, NULL, NULL, NULL, ''),
(4768, 'Course name', '', '', NULL, NULL, NULL, NULL, ''),
(4769, 'Course name', '', '', NULL, NULL, NULL, NULL, ''),
(4770, 'Course name', '', '', NULL, NULL, NULL, NULL, ''),
(4771, 'Course name', '', '', NULL, NULL, NULL, NULL, ''),
(4772, 'Course name', '', '', NULL, NULL, NULL, NULL, ''),
(4773, 'Course name', '', '', NULL, NULL, NULL, NULL, ''),
(4774, 'Course name', '', '', NULL, NULL, NULL, NULL, ''),
(4775, 'Course name', '', '', NULL, NULL, NULL, NULL, ''),
(4776, 'Course name', '', '', NULL, NULL, NULL, NULL, ''),
(4777, 'Course name', '', '', NULL, NULL, NULL, NULL, ''),
(4778, 'Course name', '', '', NULL, NULL, NULL, NULL, ''),
(4779, 'Course name', '', '', NULL, NULL, NULL, NULL, ''),
(4780, 'Course name', '', '', NULL, NULL, NULL, NULL, ''),
(4781, 'Course name', '', '', NULL, NULL, NULL, NULL, ''),
(4782, 'Notes', '', '', NULL, NULL, NULL, NULL, ''),
(4783, 'Notes', '', '', NULL, NULL, NULL, NULL, ''),
(4784, 'Notes', '', '', NULL, NULL, NULL, NULL, ''),
(4785, 'Notes', '', '', NULL, NULL, NULL, NULL, ''),
(4786, 'Notes', '', '', NULL, NULL, NULL, NULL, ''),
(4787, 'Notes', '', '', NULL, NULL, NULL, NULL, ''),
(4788, 'Notes', '', '', NULL, NULL, NULL, NULL, ''),
(4789, 'Notes', '', '', NULL, NULL, NULL, NULL, ''),
(4790, 'Notes', '', '', NULL, NULL, NULL, NULL, ''),
(4791, 'Course name', '', '', NULL, NULL, NULL, NULL, ''),
(4792, 'Notes', '', '', NULL, NULL, NULL, NULL, ''),
(4793, 'Notes', '', '', NULL, NULL, NULL, NULL, ''),
(4794, 'Notes', '', '', NULL, NULL, NULL, NULL, ''),
(4795, 'Notes', '', '', NULL, NULL, NULL, NULL, ''),
(4796, 'Notes', '', '', NULL, NULL, NULL, NULL, ''),
(4797, 'Notes', '', '', NULL, NULL, NULL, NULL, ''),
(4798, 'Notes', '', '', NULL, NULL, NULL, NULL, ''),
(4799, 'Notes', '', '', NULL, NULL, NULL, NULL, ''),
(4800, 'Notes Details', '', '', NULL, NULL, NULL, NULL, ''),
(4801, 'Notes', '', '', NULL, NULL, NULL, NULL, ''),
(4802, 'Notes', '', '', NULL, NULL, NULL, NULL, ''),
(4803, 'Notes', '', '', NULL, NULL, NULL, NULL, ''),
(4804, 'Notes', '', '', NULL, NULL, NULL, NULL, ''),
(4805, 'Notes', '', '', NULL, NULL, NULL, NULL, ''),
(4806, 'Notes', '', '', NULL, NULL, NULL, NULL, ''),
(4807, 'Notes', '', '', NULL, NULL, NULL, NULL, ''),
(4808, 'Notes', '', '', NULL, NULL, NULL, NULL, ''),
(4809, 'Notes', '', '', NULL, NULL, NULL, NULL, ''),
(4810, 'Notes', '', '', NULL, NULL, NULL, NULL, ''),
(4811, 'Notes', '', '', NULL, NULL, NULL, NULL, ''),
(4812, 'Notes', '', '', NULL, NULL, NULL, NULL, ''),
(4813, 'Notes', '', '', NULL, NULL, NULL, NULL, ''),
(4814, 'Notes', '', '', NULL, NULL, NULL, NULL, ''),
(4815, 'Notes', '', '', NULL, NULL, NULL, NULL, ''),
(4816, 'Notes', '', '', NULL, NULL, NULL, NULL, ''),
(4817, 'Notes', '', '', NULL, NULL, NULL, NULL, ''),
(4818, 'Notes', '', '', NULL, NULL, NULL, NULL, ''),
(4819, 'Notes', '', '', NULL, NULL, NULL, NULL, ''),
(4820, 'Notes', '', '', NULL, NULL, NULL, NULL, ''),
(4821, 'Notes', '', '', NULL, NULL, NULL, NULL, ''),
(4822, 'Notes', '', '', NULL, NULL, NULL, NULL, ''),
(4823, 'Notes', '', '', NULL, NULL, NULL, NULL, ''),
(4824, 'Notes', '', '', NULL, NULL, NULL, NULL, ''),
(4825, 'Notes', '', '', NULL, NULL, NULL, NULL, ''),
(4826, 'Notes', '', '', NULL, NULL, NULL, NULL, ''),
(4827, 'Notes', '', '', NULL, NULL, NULL, NULL, ''),
(4828, 'Notes', '', '', NULL, NULL, NULL, NULL, ''),
(4829, 'Notes', '', '', NULL, NULL, NULL, NULL, ''),
(4830, 'Notes', '', '', NULL, NULL, NULL, NULL, ''),
(4831, 'Notes', '', '', NULL, NULL, NULL, NULL, ''),
(4832, 'Notes', '', '', NULL, NULL, NULL, NULL, ''),
(4833, 'Notes', '', '', NULL, NULL, NULL, NULL, ''),
(4834, 'Notes', '', '', NULL, NULL, NULL, NULL, ''),
(4835, 'Notes', '', '', NULL, NULL, NULL, NULL, ''),
(4836, 'Notes', '', '', NULL, NULL, NULL, NULL, ''),
(4837, 'Notes', '', '', NULL, NULL, NULL, NULL, ''),
(4838, 'Notes', '', '', NULL, NULL, NULL, NULL, ''),
(4839, 'Notes', '', '', NULL, NULL, NULL, NULL, ''),
(4840, 'Notes', '', '', NULL, NULL, NULL, NULL, ''),
(4841, 'Notes', '', '', NULL, NULL, NULL, NULL, ''),
(4842, 'Notes', '', '', NULL, NULL, NULL, NULL, ''),
(4843, 'Notes', '', '', NULL, NULL, NULL, NULL, ''),
(4844, 'Notes', '', '', NULL, NULL, NULL, NULL, ''),
(4845, 'Notes', '', '', NULL, NULL, NULL, NULL, ''),
(4846, 'Notes', '', '', NULL, NULL, NULL, NULL, ''),
(4847, 'Notes', '', '', NULL, NULL, NULL, NULL, ''),
(4848, 'Notes', '', '', NULL, NULL, NULL, NULL, ''),
(4849, 'Co-Ordinator - Dashboard', '', '', NULL, NULL, NULL, NULL, ''),
(4850, 'Notes', '', '', NULL, NULL, NULL, NULL, ''),
(4851, 'Notes', '', '', NULL, NULL, NULL, NULL, ''),
(4852, 'Notes', '', '', NULL, NULL, NULL, NULL, ''),
(4853, 'Notes', '', '', NULL, NULL, NULL, NULL, ''),
(4854, 'Notes', '', '', NULL, NULL, NULL, NULL, ''),
(4855, 'Notes', '', '', NULL, NULL, NULL, NULL, ''),
(4856, 'Notes', '', '', NULL, NULL, NULL, NULL, ''),
(4857, 'Notes', '', '', NULL, NULL, NULL, NULL, ''),
(4858, 'Notes', '', '', NULL, NULL, NULL, NULL, ''),
(4859, 'Notes', '', '', NULL, NULL, NULL, NULL, ''),
(4860, 'Notes', '', '', NULL, NULL, NULL, NULL, ''),
(4861, 'Notes', '', '', NULL, NULL, NULL, NULL, ''),
(4862, 'Notes', '', '', NULL, NULL, NULL, NULL, ''),
(4863, 'Notes', '', '', NULL, NULL, NULL, NULL, ''),
(4864, 'Notes', '', '', NULL, NULL, NULL, NULL, ''),
(4865, 'Notes', '', '', NULL, NULL, NULL, NULL, ''),
(4866, 'Notes', '', '', NULL, NULL, NULL, NULL, ''),
(4867, 'Notes', '', '', NULL, NULL, NULL, NULL, ''),
(4868, 'Notes', '', '', NULL, NULL, NULL, NULL, ''),
(4869, 'Notes', '', '', NULL, NULL, NULL, NULL, ''),
(4870, 'Notes', '', '', NULL, NULL, NULL, NULL, ''),
(4871, 'Notes', '', '', NULL, NULL, NULL, NULL, ''),
(4872, 'Notes', '', '', NULL, NULL, NULL, NULL, ''),
(4873, 'Notes', '', '', NULL, NULL, NULL, NULL, ''),
(4874, 'Notes', '', '', NULL, NULL, NULL, NULL, ''),
(4875, 'Notes', '', '', NULL, NULL, NULL, NULL, ''),
(4876, 'Notes of Lesson', '', '', NULL, NULL, NULL, NULL, ''),
(4877, 'Notes', '', '', NULL, NULL, NULL, NULL, ''),
(4878, 'Notes', '', '', NULL, NULL, NULL, NULL, ''),
(4879, 'Notes', '', '', NULL, NULL, NULL, NULL, ''),
(4880, 'Notes', '', '', NULL, NULL, NULL, NULL, ''),
(4881, 'Notes', '', '', NULL, NULL, NULL, NULL, ''),
(4882, 'Notes', '', '', NULL, NULL, NULL, NULL, ''),
(4883, 'Notes', '', '', NULL, NULL, NULL, NULL, ''),
(4884, 'Notes', '', '', NULL, NULL, NULL, NULL, ''),
(4885, 'Notes', '', '', NULL, NULL, NULL, NULL, ''),
(4886, 'Notes', '', '', NULL, NULL, NULL, NULL, ''),
(4887, 'Notes', '', '', NULL, NULL, NULL, NULL, ''),
(4888, 'Notes', '', '', NULL, NULL, NULL, NULL, ''),
(4889, 'Notes', '', '', NULL, NULL, NULL, NULL, ''),
(4890, 'Olympaid', '', '', NULL, NULL, NULL, NULL, ''),
(4891, 'Notes', '', '', NULL, NULL, NULL, NULL, ''),
(4892, 'Notes', '', '', NULL, NULL, NULL, NULL, ''),
(4893, 'Notes', '', '', NULL, NULL, NULL, NULL, ''),
(4894, 'Notes', '', '', NULL, NULL, NULL, NULL, '');
INSERT INTO `language` (`phrase_id`, `phrase`, `english`, `spanish`, `portuguse`, `hindi`, `french`, `serbian`, `arabic`) VALUES
(4895, 'Notes', '', '', NULL, NULL, NULL, NULL, ''),
(4896, 'Notes', '', '', NULL, NULL, NULL, NULL, ''),
(4897, 'Notes', '', '', NULL, NULL, NULL, NULL, ''),
(4898, 'Notes', '', '', NULL, NULL, NULL, NULL, ''),
(4899, 'Notes', '', '', NULL, NULL, NULL, NULL, ''),
(4900, 'Notes', '', '', NULL, NULL, NULL, NULL, ''),
(4901, 'Notes', '', '', NULL, NULL, NULL, NULL, ''),
(4902, 'Notes', '', '', NULL, NULL, NULL, NULL, ''),
(4903, 'Notes', '', '', NULL, NULL, NULL, NULL, ''),
(4904, 'Notes', '', '', NULL, NULL, NULL, NULL, ''),
(4905, 'Notes', '', '', NULL, NULL, NULL, NULL, ''),
(4906, 'Notes', '', '', NULL, NULL, NULL, NULL, ''),
(4907, 'Notes', '', '', NULL, NULL, NULL, NULL, ''),
(4908, 'Notes', '', '', NULL, NULL, NULL, NULL, ''),
(4909, 'Notes', '', '', NULL, NULL, NULL, NULL, ''),
(4910, 'Notes', '', '', NULL, NULL, NULL, NULL, ''),
(4911, 'Notes', '', '', NULL, NULL, NULL, NULL, ''),
(4912, 'Notes', '', '', NULL, NULL, NULL, NULL, ''),
(4913, 'Principal-Dashboard', '', '', NULL, NULL, NULL, NULL, ''),
(4914, 'principal-Dashboard', '', '', NULL, NULL, NULL, NULL, ''),
(4915, 'principal-Dashboard', '', '', NULL, NULL, NULL, NULL, ''),
(4916, 'principals', '', '', NULL, NULL, NULL, NULL, ''),
(4917, 'Notes', '', '', NULL, NULL, NULL, NULL, ''),
(4918, 'Notes', '', '', NULL, NULL, NULL, NULL, ''),
(4919, 'Notes', '', '', NULL, NULL, NULL, NULL, ''),
(4920, 'Notes', '', '', NULL, NULL, NULL, NULL, ''),
(4921, 'Notes', '', '', NULL, NULL, NULL, NULL, ''),
(4922, 'Notes', '', '', NULL, NULL, NULL, NULL, ''),
(4923, 'Notes', '', '', NULL, NULL, NULL, NULL, ''),
(4924, 'Notes', '', '', NULL, NULL, NULL, NULL, ''),
(4925, 'Notes', '', '', NULL, NULL, NULL, NULL, ''),
(4926, 'Notes', '', '', NULL, NULL, NULL, NULL, ''),
(4927, 'Notes', '', '', NULL, NULL, NULL, NULL, ''),
(4928, 'Notes', '', '', NULL, NULL, NULL, NULL, ''),
(4929, 'Notes', '', '', NULL, NULL, NULL, NULL, ''),
(4930, 'Notes', '', '', NULL, NULL, NULL, NULL, ''),
(4931, 'Notes', '', '', NULL, NULL, NULL, NULL, ''),
(4932, 'Notes', '', '', NULL, NULL, NULL, NULL, ''),
(4933, 'Notes', '', '', NULL, NULL, NULL, NULL, ''),
(4934, 'Notes', '', '', NULL, NULL, NULL, NULL, ''),
(4935, 'Notes', '', '', NULL, NULL, NULL, NULL, ''),
(4936, 'Notes', '', '', NULL, NULL, NULL, NULL, ''),
(4937, 'Notes', '', '', NULL, NULL, NULL, NULL, ''),
(4938, 'Notes', '', '', NULL, NULL, NULL, NULL, ''),
(4939, 'Notes', '', '', NULL, NULL, NULL, NULL, ''),
(4940, 'Notes', '', '', NULL, NULL, NULL, NULL, ''),
(4941, 'Notes', '', '', NULL, NULL, NULL, NULL, ''),
(4942, 'Notes', '', '', NULL, NULL, NULL, NULL, ''),
(4943, 'Notes', '', '', NULL, NULL, NULL, NULL, ''),
(4944, 'Notes', '', '', NULL, NULL, NULL, NULL, ''),
(4945, 'Notes', '', '', NULL, NULL, NULL, NULL, ''),
(4946, 'Notes', '', '', NULL, NULL, NULL, NULL, ''),
(4947, 'Notes', '', '', NULL, NULL, NULL, NULL, ''),
(4948, 'Notes', '', '', NULL, NULL, NULL, NULL, ''),
(4949, 'Notes', '', '', NULL, NULL, NULL, NULL, ''),
(4950, 'Notes', '', '', NULL, NULL, NULL, NULL, ''),
(4951, 'Notes', '', '', NULL, NULL, NULL, NULL, ''),
(4952, 'Notes', '', '', NULL, NULL, NULL, NULL, ''),
(4953, 'Notes', '', '', NULL, NULL, NULL, NULL, ''),
(4954, 'Notes', '', '', NULL, NULL, NULL, NULL, ''),
(4955, 'Notes', '', '', NULL, NULL, NULL, NULL, ''),
(4956, 'Notes', '', '', NULL, NULL, NULL, NULL, ''),
(4957, 'Notes', '', '', NULL, NULL, NULL, NULL, ''),
(4958, 'Notes', '', '', NULL, NULL, NULL, NULL, ''),
(4959, 'Notes', '', '', NULL, NULL, NULL, NULL, ''),
(4960, 'Notes', '', '', NULL, NULL, NULL, NULL, ''),
(4961, 'Notes', '', '', NULL, NULL, NULL, NULL, ''),
(4962, 'Notes', '', '', NULL, NULL, NULL, NULL, ''),
(4963, 'Notes', '', '', NULL, NULL, NULL, NULL, ''),
(4964, 'Notes', '', '', NULL, NULL, NULL, NULL, ''),
(4965, 'Notes', '', '', NULL, NULL, NULL, NULL, ''),
(4966, 'Notes', '', '', NULL, NULL, NULL, NULL, ''),
(4967, 'Notes', '', '', NULL, NULL, NULL, NULL, ''),
(4968, 'Notes', '', '', NULL, NULL, NULL, NULL, ''),
(4969, 'Notes', '', '', NULL, NULL, NULL, NULL, ''),
(4970, 'director-Dashboard', '', '', NULL, NULL, NULL, NULL, ''),
(4971, 'Notes', '', '', NULL, NULL, NULL, NULL, ''),
(4972, 'Notes', '', '', NULL, NULL, NULL, NULL, ''),
(4973, 'Notes', '', '', NULL, NULL, NULL, NULL, ''),
(4974, 'Notes', '', '', NULL, NULL, NULL, NULL, ''),
(4975, 'Notes', '', '', NULL, NULL, NULL, NULL, ''),
(4976, 'Notes', '', '', NULL, NULL, NULL, NULL, ''),
(4977, 'Notes', '', '', NULL, NULL, NULL, NULL, ''),
(4978, 'Notes', '', '', NULL, NULL, NULL, NULL, ''),
(4979, 'Notes', '', '', NULL, NULL, NULL, NULL, ''),
(4980, 'Notes', '', '', NULL, NULL, NULL, NULL, ''),
(4981, 'Notes', '', '', NULL, NULL, NULL, NULL, ''),
(4982, 'Notes', '', '', NULL, NULL, NULL, NULL, ''),
(4983, 'Notes', '', '', NULL, NULL, NULL, NULL, ''),
(4984, 'Notes', '', '', NULL, NULL, NULL, NULL, ''),
(4985, 'Notes', '', '', NULL, NULL, NULL, NULL, ''),
(4986, 'Notes', '', '', NULL, NULL, NULL, NULL, ''),
(4987, 'Notes', '', '', NULL, NULL, NULL, NULL, ''),
(4988, 'Notes', '', '', NULL, NULL, NULL, NULL, ''),
(4989, 'Notes', '', '', NULL, NULL, NULL, NULL, ''),
(4990, 'Notes', '', '', NULL, NULL, NULL, NULL, ''),
(4991, 'Notes', '', '', NULL, NULL, NULL, NULL, ''),
(4992, 'Notes', '', '', NULL, NULL, NULL, NULL, ''),
(4993, 'Notes', '', '', NULL, NULL, NULL, NULL, ''),
(4994, 'Notes', '', '', NULL, NULL, NULL, NULL, ''),
(4995, 'Notes', '', '', NULL, NULL, NULL, NULL, ''),
(4996, 'Notes', '', '', NULL, NULL, NULL, NULL, ''),
(4997, 'Notes', '', '', NULL, NULL, NULL, NULL, ''),
(4998, 'Notes', '', '', NULL, NULL, NULL, NULL, ''),
(4999, 'Notes', '', '', NULL, NULL, NULL, NULL, ''),
(5000, 'Notes', '', '', NULL, NULL, NULL, NULL, ''),
(5001, 'Notes', '', '', NULL, NULL, NULL, NULL, ''),
(5002, 'Notes', '', '', NULL, NULL, NULL, NULL, ''),
(5003, 'Notes', '', '', NULL, NULL, NULL, NULL, ''),
(5004, 'Notes', '', '', NULL, NULL, NULL, NULL, ''),
(5005, 'Notes', '', '', NULL, NULL, NULL, NULL, ''),
(5006, 'Notes', '', '', NULL, NULL, NULL, NULL, ''),
(5007, 'Notes', '', '', NULL, NULL, NULL, NULL, ''),
(5008, 'Notes', '', '', NULL, NULL, NULL, NULL, ''),
(5009, 'Notes', '', '', NULL, NULL, NULL, NULL, ''),
(5010, 'Notes', '', '', NULL, NULL, NULL, NULL, ''),
(5011, 'Notes', '', '', NULL, NULL, NULL, NULL, ''),
(5012, 'Notes', '', '', NULL, NULL, NULL, NULL, ''),
(5013, 'Notes', '', '', NULL, NULL, NULL, NULL, ''),
(5014, 'Notes', '', '', NULL, NULL, NULL, NULL, ''),
(5015, 'Notes', '', '', NULL, NULL, NULL, NULL, ''),
(5016, 'Notes', '', '', NULL, NULL, NULL, NULL, ''),
(5017, 'Notes', '', '', NULL, NULL, NULL, NULL, ''),
(5018, 'Notes', '', '', NULL, NULL, NULL, NULL, ''),
(5019, 'Notes', '', '', NULL, NULL, NULL, NULL, ''),
(5020, 'Notes', '', '', NULL, NULL, NULL, NULL, ''),
(5021, 'Notes', '', '', NULL, NULL, NULL, NULL, ''),
(5022, 'Notes', '', '', NULL, NULL, NULL, NULL, ''),
(5023, 'Notes', '', '', NULL, NULL, NULL, NULL, ''),
(5024, 'Notes', '', '', NULL, NULL, NULL, NULL, ''),
(5025, 'Notes', '', '', NULL, NULL, NULL, NULL, ''),
(5026, 'Notes', '', '', NULL, NULL, NULL, NULL, ''),
(5027, 'Notes', '', '', NULL, NULL, NULL, NULL, ''),
(5028, 'Notes', '', '', NULL, NULL, NULL, NULL, ''),
(5029, 'Notes', '', '', NULL, NULL, NULL, NULL, ''),
(5030, 'Notes', '', '', NULL, NULL, NULL, NULL, ''),
(5031, 'Notes', '', '', NULL, NULL, NULL, NULL, ''),
(5032, 'Notes', '', '', NULL, NULL, NULL, NULL, ''),
(5033, 'Notes', '', '', NULL, NULL, NULL, NULL, ''),
(5034, 'Notes', '', '', NULL, NULL, NULL, NULL, ''),
(5035, 'Notes', '', '', NULL, NULL, NULL, NULL, ''),
(5036, 'Notes', '', '', NULL, NULL, NULL, NULL, ''),
(5037, 'Notes', '', '', NULL, NULL, NULL, NULL, ''),
(5038, 'Notes', '', '', NULL, NULL, NULL, NULL, ''),
(5039, 'Notes', '', '', NULL, NULL, NULL, NULL, ''),
(5040, 'Notes', '', '', NULL, NULL, NULL, NULL, ''),
(5041, 'Notes', '', '', NULL, NULL, NULL, NULL, ''),
(5042, 'Notes', '', '', NULL, NULL, NULL, NULL, ''),
(5043, 'Notes', '', '', NULL, NULL, NULL, NULL, ''),
(5044, 'Notes', '', '', NULL, NULL, NULL, NULL, ''),
(5045, 'Notes', '', '', NULL, NULL, NULL, NULL, ''),
(5046, 'Notes', '', '', NULL, NULL, NULL, NULL, ''),
(5047, 'Notes', '', '', NULL, NULL, NULL, NULL, ''),
(5048, 'Notes', '', '', NULL, NULL, NULL, NULL, ''),
(5049, 'Notes', '', '', NULL, NULL, NULL, NULL, ''),
(5050, 'Notes', '', '', NULL, NULL, NULL, NULL, ''),
(5051, 'Notes', '', '', NULL, NULL, NULL, NULL, ''),
(5052, 'Notes', '', '', NULL, NULL, NULL, NULL, ''),
(5053, 'Notes', '', '', NULL, NULL, NULL, NULL, ''),
(5054, 'Notes', '', '', NULL, NULL, NULL, NULL, ''),
(5055, 'Notes', '', '', NULL, NULL, NULL, NULL, ''),
(5056, 'Notes', '', '', NULL, NULL, NULL, NULL, ''),
(5057, 'Notes', '', '', NULL, NULL, NULL, NULL, ''),
(5058, 'Notes', '', '', NULL, NULL, NULL, NULL, ''),
(5059, 'Notes', '', '', NULL, NULL, NULL, NULL, ''),
(5060, 'Notes', '', '', NULL, NULL, NULL, NULL, ''),
(5061, 'Notes', '', '', NULL, NULL, NULL, NULL, ''),
(5062, 'Notes', '', '', NULL, NULL, NULL, NULL, ''),
(5063, 'Notes', '', '', NULL, NULL, NULL, NULL, ''),
(5064, 'Notes', '', '', NULL, NULL, NULL, NULL, ''),
(5065, 'Notes', '', '', NULL, NULL, NULL, NULL, ''),
(5066, 'Notes', '', '', NULL, NULL, NULL, NULL, ''),
(5067, 'Notes', '', '', NULL, NULL, NULL, NULL, ''),
(5068, 'Notes', '', '', NULL, NULL, NULL, NULL, ''),
(5069, 'Notes', '', '', NULL, NULL, NULL, NULL, ''),
(5070, 'Notes', '', '', NULL, NULL, NULL, NULL, ''),
(5071, 'Notes', '', '', NULL, NULL, NULL, NULL, ''),
(5072, 'Notes', '', '', NULL, NULL, NULL, NULL, ''),
(5073, 'Notes', '', '', NULL, NULL, NULL, NULL, ''),
(5074, 'Notes', '', '', NULL, NULL, NULL, NULL, ''),
(5075, 'Notes', '', '', NULL, NULL, NULL, NULL, ''),
(5076, 'Notes', '', '', NULL, NULL, NULL, NULL, ''),
(5077, 'Notes', '', '', NULL, NULL, NULL, NULL, ''),
(5078, 'Notes', '', '', NULL, NULL, NULL, NULL, ''),
(5079, 'Notes', '', '', NULL, NULL, NULL, NULL, ''),
(5080, 'Notes', '', '', NULL, NULL, NULL, NULL, ''),
(5081, 'Notes', '', '', NULL, NULL, NULL, NULL, ''),
(5082, 'Notes', '', '', NULL, NULL, NULL, NULL, ''),
(5083, 'Notes', '', '', NULL, NULL, NULL, NULL, ''),
(5084, 'Notes', '', '', NULL, NULL, NULL, NULL, ''),
(5085, 'Notes', '', '', NULL, NULL, NULL, NULL, ''),
(5086, 'Notes', '', '', NULL, NULL, NULL, NULL, ''),
(5087, 'Notes', '', '', NULL, NULL, NULL, NULL, ''),
(5088, 'Notes', '', '', NULL, NULL, NULL, NULL, ''),
(5089, 'Notes', '', '', NULL, NULL, NULL, NULL, ''),
(5090, 'Notes', '', '', NULL, NULL, NULL, NULL, ''),
(5091, 'Notes', '', '', NULL, NULL, NULL, NULL, ''),
(5092, 'Notes', '', '', NULL, NULL, NULL, NULL, ''),
(5093, 'Notes', '', '', NULL, NULL, NULL, NULL, ''),
(5094, 'Notes', '', '', NULL, NULL, NULL, NULL, ''),
(5095, 'Notes', '', '', NULL, NULL, NULL, NULL, ''),
(5096, 'Notes', '', '', NULL, NULL, NULL, NULL, ''),
(5097, 'Notes', '', '', NULL, NULL, NULL, NULL, ''),
(5098, 'Notes', '', '', NULL, NULL, NULL, NULL, ''),
(5099, 'Notes', '', '', NULL, NULL, NULL, NULL, ''),
(5100, 'Notes', '', '', NULL, NULL, NULL, NULL, ''),
(5101, 'Notes', '', '', NULL, NULL, NULL, NULL, ''),
(5102, 'Notes', '', '', NULL, NULL, NULL, NULL, ''),
(5103, 'Notes', '', '', NULL, NULL, NULL, NULL, ''),
(5104, 'Notes', '', '', NULL, NULL, NULL, NULL, ''),
(5105, 'Notes', '', '', NULL, NULL, NULL, NULL, ''),
(5106, 'Notes', '', '', NULL, NULL, NULL, NULL, ''),
(5107, 'Notes', '', '', NULL, NULL, NULL, NULL, ''),
(5108, 'Notes', '', '', NULL, NULL, NULL, NULL, ''),
(5109, 'Notes', '', '', NULL, NULL, NULL, NULL, ''),
(5110, 'Notes', '', '', NULL, NULL, NULL, NULL, ''),
(5111, 'Notes', '', '', NULL, NULL, NULL, NULL, ''),
(5112, 'Notes', '', '', NULL, NULL, NULL, NULL, ''),
(5113, 'Notes', '', '', NULL, NULL, NULL, NULL, ''),
(5114, 'Notes', '', '', NULL, NULL, NULL, NULL, ''),
(5115, 'Notes', '', '', NULL, NULL, NULL, NULL, ''),
(5116, 'Notes', '', '', NULL, NULL, NULL, NULL, ''),
(5117, 'Notes', '', '', NULL, NULL, NULL, NULL, ''),
(5118, 'Notes', '', '', NULL, NULL, NULL, NULL, ''),
(5119, 'Notes', '', '', NULL, NULL, NULL, NULL, ''),
(5120, 'Notes', '', '', NULL, NULL, NULL, NULL, ''),
(5121, 'Notes', '', '', NULL, NULL, NULL, NULL, ''),
(5122, 'Notes', '', '', NULL, NULL, NULL, NULL, ''),
(5123, 'Notes', '', '', NULL, NULL, NULL, NULL, ''),
(5124, 'Notes', '', '', NULL, NULL, NULL, NULL, ''),
(5125, 'Notes', '', '', NULL, NULL, NULL, NULL, ''),
(5126, 'Notes', '', '', NULL, NULL, NULL, NULL, ''),
(5127, 'Notes', '', '', NULL, NULL, NULL, NULL, ''),
(5128, 'Notes', '', '', NULL, NULL, NULL, NULL, ''),
(5129, 'Notes', '', '', NULL, NULL, NULL, NULL, ''),
(5130, 'Notes', '', '', NULL, NULL, NULL, NULL, ''),
(5131, 'Notes', '', '', NULL, NULL, NULL, NULL, ''),
(5132, 'Notes', '', '', NULL, NULL, NULL, NULL, ''),
(5133, 'Notes', '', '', NULL, NULL, NULL, NULL, ''),
(5134, 'Notes', '', '', NULL, NULL, NULL, NULL, ''),
(5135, 'Notes', '', '', NULL, NULL, NULL, NULL, ''),
(5136, 'Notes', '', '', NULL, NULL, NULL, NULL, ''),
(5137, 'Notes', '', '', NULL, NULL, NULL, NULL, ''),
(5138, 'Notes', '', '', NULL, NULL, NULL, NULL, ''),
(5139, 'Notes', '', '', NULL, NULL, NULL, NULL, ''),
(5140, 'Notes', '', '', NULL, NULL, NULL, NULL, ''),
(5141, 'Notes', '', '', NULL, NULL, NULL, NULL, ''),
(5142, 'Notes', '', '', NULL, NULL, NULL, NULL, ''),
(5143, 'Notes', '', '', NULL, NULL, NULL, NULL, ''),
(5144, 'Notes', '', '', NULL, NULL, NULL, NULL, ''),
(5145, 'Notes', '', '', NULL, NULL, NULL, NULL, ''),
(5146, 'Notes', '', '', NULL, NULL, NULL, NULL, ''),
(5147, 'Notes', '', '', NULL, NULL, NULL, NULL, ''),
(5148, 'Notes', '', '', NULL, NULL, NULL, NULL, ''),
(5149, 'Notes', '', '', NULL, NULL, NULL, NULL, ''),
(5150, 'Notes', '', '', NULL, NULL, NULL, NULL, ''),
(5151, 'Notes', '', '', NULL, NULL, NULL, NULL, ''),
(5152, 'Notes', '', '', NULL, NULL, NULL, NULL, ''),
(5153, 'Notes', '', '', NULL, NULL, NULL, NULL, ''),
(5154, 'Notes', '', '', NULL, NULL, NULL, NULL, ''),
(5155, 'Notes', '', '', NULL, NULL, NULL, NULL, ''),
(5156, 'Notes', '', '', NULL, NULL, NULL, NULL, ''),
(5157, 'Notes', '', '', NULL, NULL, NULL, NULL, ''),
(5158, 'Notes', '', '', NULL, NULL, NULL, NULL, ''),
(5159, 'Notes', '', '', NULL, NULL, NULL, NULL, ''),
(5160, 'Notes', '', '', NULL, NULL, NULL, NULL, ''),
(5161, 'Notes', '', '', NULL, NULL, NULL, NULL, ''),
(5162, 'Notes', '', '', NULL, NULL, NULL, NULL, ''),
(5163, 'Notes', '', '', NULL, NULL, NULL, NULL, ''),
(5164, 'Notes', '', '', NULL, NULL, NULL, NULL, ''),
(5165, 'Notes', '', '', NULL, NULL, NULL, NULL, ''),
(5166, 'Notes', '', '', NULL, NULL, NULL, NULL, ''),
(5167, 'Notes', '', '', NULL, NULL, NULL, NULL, ''),
(5168, 'Notes', '', '', NULL, NULL, NULL, NULL, ''),
(5169, 'Notes', '', '', NULL, NULL, NULL, NULL, ''),
(5170, 'Notes', '', '', NULL, NULL, NULL, NULL, ''),
(5171, 'Notes', '', '', NULL, NULL, NULL, NULL, ''),
(5172, 'Notes', '', '', NULL, NULL, NULL, NULL, ''),
(5173, 'Notes', '', '', NULL, NULL, NULL, NULL, ''),
(5174, 'Notes', '', '', NULL, NULL, NULL, NULL, ''),
(5175, 'Notes', '', '', NULL, NULL, NULL, NULL, ''),
(5176, 'Notes', '', '', NULL, NULL, NULL, NULL, ''),
(5177, 'Notes', '', '', NULL, NULL, NULL, NULL, ''),
(5178, 'Notes', '', '', NULL, NULL, NULL, NULL, ''),
(5179, 'Notes', '', '', NULL, NULL, NULL, NULL, ''),
(5180, 'Notes', '', '', NULL, NULL, NULL, NULL, ''),
(5181, 'Notes', '', '', NULL, NULL, NULL, NULL, ''),
(5182, 'Notes', '', '', NULL, NULL, NULL, NULL, ''),
(5183, 'Notes', '', '', NULL, NULL, NULL, NULL, ''),
(5184, 'Notes', '', '', NULL, NULL, NULL, NULL, ''),
(5185, 'Notes', '', '', NULL, NULL, NULL, NULL, ''),
(5186, 'Notes', '', '', NULL, NULL, NULL, NULL, ''),
(5187, 'Notes', '', '', NULL, NULL, NULL, NULL, ''),
(5188, 'Notes', '', '', NULL, NULL, NULL, NULL, ''),
(5189, 'Notes', '', '', NULL, NULL, NULL, NULL, ''),
(5190, 'Notes', '', '', NULL, NULL, NULL, NULL, ''),
(5191, 'Notes', '', '', NULL, NULL, NULL, NULL, ''),
(5192, 'Notes', '', '', NULL, NULL, NULL, NULL, ''),
(5193, 'Notes', '', '', NULL, NULL, NULL, NULL, ''),
(5194, 'Notes', '', '', NULL, NULL, NULL, NULL, ''),
(5195, 'Notes', '', '', NULL, NULL, NULL, NULL, ''),
(5196, 'Notes', '', '', NULL, NULL, NULL, NULL, ''),
(5197, 'Notes', '', '', NULL, NULL, NULL, NULL, ''),
(5198, 'Notes', '', '', NULL, NULL, NULL, NULL, ''),
(5199, 'Notes', '', '', NULL, NULL, NULL, NULL, ''),
(5200, 'Notes', '', '', NULL, NULL, NULL, NULL, ''),
(5201, 'Notes', '', '', NULL, NULL, NULL, NULL, ''),
(5202, 'Notes', '', '', NULL, NULL, NULL, NULL, ''),
(5203, 'Notes', '', '', NULL, NULL, NULL, NULL, ''),
(5204, 'Notes', '', '', NULL, NULL, NULL, NULL, ''),
(5205, 'Notes', '', '', NULL, NULL, NULL, NULL, ''),
(5206, 'Notes', '', '', NULL, NULL, NULL, NULL, ''),
(5207, 'course Name', '', '', NULL, NULL, NULL, NULL, ''),
(5208, 'Course name', '', '', NULL, NULL, NULL, NULL, ''),
(5209, 'Course name', '', '', NULL, NULL, NULL, NULL, ''),
(5210, 'Schools', '', '', NULL, NULL, NULL, NULL, ''),
(5211, 'schools', '', '', NULL, NULL, NULL, NULL, ''),
(5212, 'schools', '', '', NULL, NULL, NULL, NULL, ''),
(5213, 'schools', '', '', NULL, NULL, NULL, NULL, ''),
(5214, 'schools', '', '', NULL, NULL, NULL, NULL, ''),
(5215, 'schools', '', '', NULL, NULL, NULL, NULL, ''),
(5216, 'schools', '', '', NULL, NULL, NULL, NULL, ''),
(5217, 'schools', '', '', NULL, NULL, NULL, NULL, ''),
(5218, 'schools', '', '', NULL, NULL, NULL, NULL, ''),
(5219, 'schools', '', '', NULL, NULL, NULL, NULL, ''),
(5220, 'schools', '', '', NULL, NULL, NULL, NULL, ''),
(5221, 'schools', '', '', NULL, NULL, NULL, NULL, ''),
(5222, 'schools', '', '', NULL, NULL, NULL, NULL, ''),
(5223, 'schools', '', '', NULL, NULL, NULL, NULL, ''),
(5224, 'schools', '', '', NULL, NULL, NULL, NULL, ''),
(5225, 'schools', '', '', NULL, NULL, NULL, NULL, ''),
(5226, 'schools', '', '', NULL, NULL, NULL, NULL, ''),
(5227, 'schools', '', '', NULL, NULL, NULL, NULL, ''),
(5228, 'schools', '', '', NULL, NULL, NULL, NULL, ''),
(5229, 'schools', '', '', NULL, NULL, NULL, NULL, ''),
(5230, 'schools', '', '', NULL, NULL, NULL, NULL, ''),
(5231, 'schools', '', '', NULL, NULL, NULL, NULL, ''),
(5232, 'schools', '', '', NULL, NULL, NULL, NULL, ''),
(5233, 'schools', '', '', NULL, NULL, NULL, NULL, ''),
(5234, 'schools', '', '', NULL, NULL, NULL, NULL, ''),
(5235, 'schools', '', '', NULL, NULL, NULL, NULL, ''),
(5236, 'schools', '', '', NULL, NULL, NULL, NULL, ''),
(5237, 'schools', '', '', NULL, NULL, NULL, NULL, ''),
(5238, 'schools', '', '', NULL, NULL, NULL, NULL, ''),
(5239, 'schools', '', '', NULL, NULL, NULL, NULL, ''),
(5240, 'schools', '', '', NULL, NULL, NULL, NULL, ''),
(5241, 'schools', '', '', NULL, NULL, NULL, NULL, ''),
(5242, 'schools', '', '', NULL, NULL, NULL, NULL, ''),
(5243, 'schools', '', '', NULL, NULL, NULL, NULL, ''),
(5244, 'schools', '', '', NULL, NULL, NULL, NULL, ''),
(5245, 'schools', '', '', NULL, NULL, NULL, NULL, ''),
(5246, 'schools', '', '', NULL, NULL, NULL, NULL, ''),
(5247, 'ID', '', '', NULL, NULL, NULL, NULL, ''),
(5248, 'NAME', '', '', NULL, NULL, NULL, NULL, ''),
(5249, 'PLACE', '', '', NULL, NULL, NULL, NULL, ''),
(5250, 'PRINCIPAL', '', '', NULL, NULL, NULL, NULL, ''),
(5251, 'schools', '', '', NULL, NULL, NULL, NULL, ''),
(5252, 'schools', '', '', NULL, NULL, NULL, NULL, ''),
(5253, 'NAME', '', '', NULL, NULL, NULL, NULL, ''),
(5254, 'schools', '', '', NULL, NULL, NULL, NULL, ''),
(5255, 'schools', '', '', NULL, NULL, NULL, NULL, ''),
(5256, 'NAME', '', '', NULL, NULL, NULL, NULL, ''),
(5257, 'schools', '', '', NULL, NULL, NULL, NULL, ''),
(5258, 'schools', '', '', NULL, NULL, NULL, NULL, ''),
(5259, 'NAME', '', '', NULL, NULL, NULL, NULL, ''),
(5260, 'schools', '', '', NULL, NULL, NULL, NULL, ''),
(5261, 'schools', '', '', NULL, NULL, NULL, NULL, ''),
(5262, 'NAME', '', '', NULL, NULL, NULL, NULL, ''),
(5263, 'schools', '', '', NULL, NULL, NULL, NULL, ''),
(5264, 'schools', '', '', NULL, NULL, NULL, NULL, ''),
(5265, 'NAME', '', '', NULL, NULL, NULL, NULL, ''),
(5266, 'Place', '', '', NULL, NULL, NULL, NULL, ''),
(5267, 'schools', '', '', NULL, NULL, NULL, NULL, ''),
(5268, 'schools', '', '', NULL, NULL, NULL, NULL, ''),
(5269, 'NAME', '', '', NULL, NULL, NULL, NULL, ''),
(5270, 'Place', '', '', NULL, NULL, NULL, NULL, ''),
(5271, 'schools', '', '', NULL, NULL, NULL, NULL, ''),
(5272, 'schools', '', '', NULL, NULL, NULL, NULL, ''),
(5273, 'NAME', '', '', NULL, NULL, NULL, NULL, ''),
(5274, 'Place', '', '', NULL, NULL, NULL, NULL, ''),
(5275, 'schools', '', '', NULL, NULL, NULL, NULL, ''),
(5276, 'schools', '', '', NULL, NULL, NULL, NULL, ''),
(5277, 'NAME', '', '', NULL, NULL, NULL, NULL, ''),
(5278, 'Place', '', '', NULL, NULL, NULL, NULL, ''),
(5279, 'schools', '', '', NULL, NULL, NULL, NULL, ''),
(5280, 'schools', '', '', NULL, NULL, NULL, NULL, ''),
(5281, 'NAME', '', '', NULL, NULL, NULL, NULL, ''),
(5282, 'Place', '', '', NULL, NULL, NULL, NULL, ''),
(5283, 'School', '', '', NULL, NULL, NULL, NULL, ''),
(5284, 'Place', '', '', NULL, NULL, NULL, NULL, ''),
(5285, 'schools', '', '', NULL, NULL, NULL, NULL, ''),
(5286, 'schools', '', '', NULL, NULL, NULL, NULL, ''),
(5287, 'NAME', '', '', NULL, NULL, NULL, NULL, ''),
(5288, 'Place', '', '', NULL, NULL, NULL, NULL, ''),
(5289, 'Place', '', '', NULL, NULL, NULL, NULL, ''),
(5290, 'schools', '', '', NULL, NULL, NULL, NULL, ''),
(5291, 'schools', '', '', NULL, NULL, NULL, NULL, ''),
(5292, 'NAME', '', '', NULL, NULL, NULL, NULL, ''),
(5293, 'Place', '', '', NULL, NULL, NULL, NULL, ''),
(5294, 'Place', '', '', NULL, NULL, NULL, NULL, ''),
(5295, 'schools', '', '', NULL, NULL, NULL, NULL, ''),
(5296, 'schools', '', '', NULL, NULL, NULL, NULL, ''),
(5297, 'NAME', '', '', NULL, NULL, NULL, NULL, ''),
(5298, 'Place', '', '', NULL, NULL, NULL, NULL, ''),
(5299, 'Place', '', '', NULL, NULL, NULL, NULL, ''),
(5300, 'Place', '', '', NULL, NULL, NULL, NULL, ''),
(5301, 'schools', '', '', NULL, NULL, NULL, NULL, ''),
(5302, 'schools', '', '', NULL, NULL, NULL, NULL, ''),
(5303, 'NAME', '', '', NULL, NULL, NULL, NULL, ''),
(5304, 'Place', '', '', NULL, NULL, NULL, NULL, ''),
(5305, 'Place', '', '', NULL, NULL, NULL, NULL, ''),
(5306, 'schools', '', '', NULL, NULL, NULL, NULL, ''),
(5307, 'schools', '', '', NULL, NULL, NULL, NULL, ''),
(5308, 'NAME', '', '', NULL, NULL, NULL, NULL, ''),
(5309, 'Place', '', '', NULL, NULL, NULL, NULL, ''),
(5310, 'schools', '', '', NULL, NULL, NULL, NULL, ''),
(5311, 'schools', '', '', NULL, NULL, NULL, NULL, ''),
(5312, 'NAME', '', '', NULL, NULL, NULL, NULL, ''),
(5313, 'Place', '', '', NULL, NULL, NULL, NULL, ''),
(5314, 'Place', '', '', NULL, NULL, NULL, NULL, ''),
(5315, 'schools', '', '', NULL, NULL, NULL, NULL, ''),
(5316, 'schools', '', '', NULL, NULL, NULL, NULL, ''),
(5317, 'NAME', '', '', NULL, NULL, NULL, NULL, ''),
(5318, 'Place', '', '', NULL, NULL, NULL, NULL, ''),
(5319, 'Place', '', '', NULL, NULL, NULL, NULL, ''),
(5320, 'schools', '', '', NULL, NULL, NULL, NULL, ''),
(5321, 'schools', '', '', NULL, NULL, NULL, NULL, ''),
(5322, 'NAME', '', '', NULL, NULL, NULL, NULL, ''),
(5323, 'Place', '', '', NULL, NULL, NULL, NULL, ''),
(5324, 'Place', '', '', NULL, NULL, NULL, NULL, ''),
(5325, 'schools', '', '', NULL, NULL, NULL, NULL, ''),
(5326, 'schools', '', '', NULL, NULL, NULL, NULL, ''),
(5327, 'NAME', '', '', NULL, NULL, NULL, NULL, ''),
(5328, 'Place', '', '', NULL, NULL, NULL, NULL, ''),
(5329, 'User', '', '', NULL, NULL, NULL, NULL, ''),
(5330, 'Principal', '', '', NULL, NULL, NULL, NULL, ''),
(5331, 'Principal', '', '', NULL, NULL, NULL, NULL, ''),
(5332, 'Principal', '', '', NULL, NULL, NULL, NULL, ''),
(5333, 'Principal', '', '', NULL, NULL, NULL, NULL, ''),
(5334, 'Principal', '', '', NULL, NULL, NULL, NULL, ''),
(5335, 'Principal', '', '', NULL, NULL, NULL, NULL, ''),
(5336, 'Principal', '', '', NULL, NULL, NULL, NULL, ''),
(5337, 'Principal', '', '', NULL, NULL, NULL, NULL, ''),
(5338, 'Principal', '', '', NULL, NULL, NULL, NULL, ''),
(5339, 'Principal', '', '', NULL, NULL, NULL, NULL, ''),
(5340, 'Principal', '', '', NULL, NULL, NULL, NULL, ''),
(5341, 'schools', '', '', NULL, NULL, NULL, NULL, ''),
(5342, 'schools', '', '', NULL, NULL, NULL, NULL, ''),
(5343, 'NAME', '', '', NULL, NULL, NULL, NULL, ''),
(5344, 'Place', '', '', NULL, NULL, NULL, NULL, ''),
(5345, 'Principal', '', '', NULL, NULL, NULL, NULL, ''),
(5346, 'schools', '', '', NULL, NULL, NULL, NULL, ''),
(5347, 'schools', '', '', NULL, NULL, NULL, NULL, ''),
(5348, 'NAME', '', '', NULL, NULL, NULL, NULL, ''),
(5349, 'Place', '', '', NULL, NULL, NULL, NULL, ''),
(5350, 'Principal', '', '', NULL, NULL, NULL, NULL, ''),
(5351, 'schools', '', '', NULL, NULL, NULL, NULL, ''),
(5352, 'schools', '', '', NULL, NULL, NULL, NULL, ''),
(5353, 'NAME', '', '', NULL, NULL, NULL, NULL, ''),
(5354, 'Place', '', '', NULL, NULL, NULL, NULL, ''),
(5355, 'Principal', '', '', NULL, NULL, NULL, NULL, ''),
(5356, 'schools', '', '', NULL, NULL, NULL, NULL, ''),
(5357, 'schools', '', '', NULL, NULL, NULL, NULL, ''),
(5358, 'NAME', '', '', NULL, NULL, NULL, NULL, ''),
(5359, 'Place', '', '', NULL, NULL, NULL, NULL, ''),
(5360, 'Principal', '', '', NULL, NULL, NULL, NULL, ''),
(5361, 'schools', '', '', NULL, NULL, NULL, NULL, ''),
(5362, 'schools', '', '', NULL, NULL, NULL, NULL, ''),
(5363, 'NAME', '', '', NULL, NULL, NULL, NULL, ''),
(5364, 'Place', '', '', NULL, NULL, NULL, NULL, ''),
(5365, 'Principal', '', '', NULL, NULL, NULL, NULL, ''),
(5366, 'schools', '', '', NULL, NULL, NULL, NULL, ''),
(5367, 'schools', '', '', NULL, NULL, NULL, NULL, ''),
(5368, 'NAME', '', '', NULL, NULL, NULL, NULL, ''),
(5369, 'Place', '', '', NULL, NULL, NULL, NULL, ''),
(5370, 'Principal', '', '', NULL, NULL, NULL, NULL, ''),
(5371, 'schools', '', '', NULL, NULL, NULL, NULL, ''),
(5372, 'schools', '', '', NULL, NULL, NULL, NULL, ''),
(5373, 'NAME', '', '', NULL, NULL, NULL, NULL, ''),
(5374, 'Place', '', '', NULL, NULL, NULL, NULL, ''),
(5375, 'Principal', '', '', NULL, NULL, NULL, NULL, ''),
(5376, 'Principal', '', '', NULL, NULL, NULL, NULL, ''),
(5377, 'Principal', '', '', NULL, NULL, NULL, NULL, ''),
(5378, 'Principal', '', '', NULL, NULL, NULL, NULL, ''),
(5379, 'Principal', '', '', NULL, NULL, NULL, NULL, ''),
(5380, 'Principal', '', '', NULL, NULL, NULL, NULL, ''),
(5381, 'Principal', '', '', NULL, NULL, NULL, NULL, ''),
(5382, 'Principal', '', '', NULL, NULL, NULL, NULL, ''),
(5383, 'Principal', '', '', NULL, NULL, NULL, NULL, ''),
(5384, 'Principal', '', '', NULL, NULL, NULL, NULL, ''),
(5385, 'Principal', '', '', NULL, NULL, NULL, NULL, ''),
(5386, 'Principal', '', '', NULL, NULL, NULL, NULL, ''),
(5387, 'Principal', '', '', NULL, NULL, NULL, NULL, ''),
(5388, 'Principal', '', '', NULL, NULL, NULL, NULL, ''),
(5389, 'Principal', '', '', NULL, NULL, NULL, NULL, ''),
(5390, 'Principal', '', '', NULL, NULL, NULL, NULL, ''),
(5391, 'Principal', '', '', NULL, NULL, NULL, NULL, ''),
(5392, 'Principal', '', '', NULL, NULL, NULL, NULL, ''),
(5393, 'Principal', '', '', NULL, NULL, NULL, NULL, ''),
(5394, 'Principal', '', '', NULL, NULL, NULL, NULL, ''),
(5395, 'Principal', '', '', NULL, NULL, NULL, NULL, ''),
(5396, 'Principal', '', '', NULL, NULL, NULL, NULL, ''),
(5397, 'Principal', '', '', NULL, NULL, NULL, NULL, ''),
(5398, 'Principal', '', '', NULL, NULL, NULL, NULL, ''),
(5399, 'Principal', '', '', NULL, NULL, NULL, NULL, ''),
(5400, 'Principal', '', '', NULL, NULL, NULL, NULL, ''),
(5401, 'Principal', '', '', NULL, NULL, NULL, NULL, ''),
(5402, 'NAME', '', '', NULL, NULL, NULL, NULL, ''),
(5403, 'Principal', '', '', NULL, NULL, NULL, NULL, ''),
(5404, 'Principal', '', '', NULL, NULL, NULL, NULL, ''),
(5405, 'NAME', '', '', NULL, NULL, NULL, NULL, ''),
(5406, 'User Name', '', '', NULL, NULL, NULL, NULL, ''),
(5407, 'Principal', '', '', NULL, NULL, NULL, NULL, ''),
(5408, 'Principal', '', '', NULL, NULL, NULL, NULL, ''),
(5409, 'NAME', '', '', NULL, NULL, NULL, NULL, ''),
(5410, 'Pass word', '', '', NULL, NULL, NULL, NULL, ''),
(5411, 'Principal', '', '', NULL, NULL, NULL, NULL, ''),
(5412, 'NAME', '', '', NULL, NULL, NULL, NULL, ''),
(5413, 'Principal', '', '', NULL, NULL, NULL, NULL, ''),
(5414, 'NAME', '', '', NULL, NULL, NULL, NULL, ''),
(5415, 'Principal', '', '', NULL, NULL, NULL, NULL, ''),
(5416, 'NAME', '', '', NULL, NULL, NULL, NULL, ''),
(5417, 'Principal', '', '', NULL, NULL, NULL, NULL, ''),
(5418, 'NAME', '', '', NULL, NULL, NULL, NULL, ''),
(5419, 'Principal', '', '', NULL, NULL, NULL, NULL, ''),
(5420, 'NAME', '', '', NULL, NULL, NULL, NULL, ''),
(5421, 'Principal', '', '', NULL, NULL, NULL, NULL, ''),
(5422, 'NAME', '', '', NULL, NULL, NULL, NULL, ''),
(5423, 'Principal', '', '', NULL, NULL, NULL, NULL, ''),
(5424, 'NAME', '', '', NULL, NULL, NULL, NULL, ''),
(5425, 'Principal', '', '', NULL, NULL, NULL, NULL, ''),
(5426, 'NAME', '', '', NULL, NULL, NULL, NULL, ''),
(5427, 'Principal', '', '', NULL, NULL, NULL, NULL, ''),
(5428, 'NAME', '', '', NULL, NULL, NULL, NULL, ''),
(5429, 'Principal', '', '', NULL, NULL, NULL, NULL, ''),
(5430, 'NAME', '', '', NULL, NULL, NULL, NULL, ''),
(5431, 'Principal', '', '', NULL, NULL, NULL, NULL, ''),
(5432, 'NAME', '', '', NULL, NULL, NULL, NULL, ''),
(5433, 'Principal', '', '', NULL, NULL, NULL, NULL, ''),
(5434, 'NAME', '', '', NULL, NULL, NULL, NULL, ''),
(5435, 'Principal', '', '', NULL, NULL, NULL, NULL, ''),
(5436, 'NAME', '', '', NULL, NULL, NULL, NULL, ''),
(5437, 'Principal', '', '', NULL, NULL, NULL, NULL, ''),
(5438, 'NAME', '', '', NULL, NULL, NULL, NULL, ''),
(5439, 'Principal', '', '', NULL, NULL, NULL, NULL, ''),
(5440, 'NAME', '', '', NULL, NULL, NULL, NULL, ''),
(5441, 'Principal', '', '', NULL, NULL, NULL, NULL, ''),
(5442, 'NAME', '', '', NULL, NULL, NULL, NULL, ''),
(5443, 'Principal', '', '', NULL, NULL, NULL, NULL, ''),
(5444, 'NAME', '', '', NULL, NULL, NULL, NULL, ''),
(5445, 'Principal', '', '', NULL, NULL, NULL, NULL, ''),
(5446, 'NAME', '', '', NULL, NULL, NULL, NULL, ''),
(5447, 'Principal', '', '', NULL, NULL, NULL, NULL, ''),
(5448, 'NAME', '', '', NULL, NULL, NULL, NULL, ''),
(5449, 'Principal', '', '', NULL, NULL, NULL, NULL, ''),
(5450, 'NAME', '', '', NULL, NULL, NULL, NULL, ''),
(5451, 'Principal', '', '', NULL, NULL, NULL, NULL, ''),
(5452, 'NAME', '', '', NULL, NULL, NULL, NULL, ''),
(5453, 'Principal', '', '', NULL, NULL, NULL, NULL, ''),
(5454, 'NAME', '', '', NULL, NULL, NULL, NULL, ''),
(5455, 'Principal', '', '', NULL, NULL, NULL, NULL, ''),
(5456, 'NAME', '', '', NULL, NULL, NULL, NULL, ''),
(5457, 'Principal', '', '', NULL, NULL, NULL, NULL, ''),
(5458, 'NAME', '', '', NULL, NULL, NULL, NULL, ''),
(5459, 'Principal', '', '', NULL, NULL, NULL, NULL, ''),
(5460, 'NAME', '', '', NULL, NULL, NULL, NULL, ''),
(5461, 'Principal', '', '', NULL, NULL, NULL, NULL, ''),
(5462, 'NAME', '', '', NULL, NULL, NULL, NULL, ''),
(5463, 'Principal', '', '', NULL, NULL, NULL, NULL, ''),
(5464, 'NAME', '', '', NULL, NULL, NULL, NULL, ''),
(5465, 'Principal', '', '', NULL, NULL, NULL, NULL, ''),
(5466, 'NAME', '', '', NULL, NULL, NULL, NULL, ''),
(5467, 'Principal', '', '', NULL, NULL, NULL, NULL, ''),
(5468, 'NAME', '', '', NULL, NULL, NULL, NULL, ''),
(5469, 'Principal', '', '', NULL, NULL, NULL, NULL, ''),
(5470, 'NAME', '', '', NULL, NULL, NULL, NULL, ''),
(5471, 'Principal', '', '', NULL, NULL, NULL, NULL, ''),
(5472, 'NAME', '', '', NULL, NULL, NULL, NULL, ''),
(5473, 'Principal', '', '', NULL, NULL, NULL, NULL, ''),
(5474, 'NAME', '', '', NULL, NULL, NULL, NULL, ''),
(5475, 'Principal', '', '', NULL, NULL, NULL, NULL, ''),
(5476, 'NAME', '', '', NULL, NULL, NULL, NULL, ''),
(5477, 'Principal', '', '', NULL, NULL, NULL, NULL, ''),
(5478, 'NAME', '', '', NULL, NULL, NULL, NULL, ''),
(5479, 'Principal', '', '', NULL, NULL, NULL, NULL, ''),
(5480, 'NAME', '', '', NULL, NULL, NULL, NULL, ''),
(5481, 'Principal', '', '', NULL, NULL, NULL, NULL, ''),
(5482, 'NAME', '', '', NULL, NULL, NULL, NULL, ''),
(5483, 'Principal', '', '', NULL, NULL, NULL, NULL, ''),
(5484, 'NAME', '', '', NULL, NULL, NULL, NULL, ''),
(5485, 'Principal', '', '', NULL, NULL, NULL, NULL, ''),
(5486, 'NAME', '', '', NULL, NULL, NULL, NULL, ''),
(5487, 'Principal', '', '', NULL, NULL, NULL, NULL, ''),
(5488, 'Principal', '', '', NULL, NULL, NULL, NULL, ''),
(5489, 'Principal', '', '', NULL, NULL, NULL, NULL, ''),
(5490, 'schools', '', '', NULL, NULL, NULL, NULL, ''),
(5491, 'schools', '', '', NULL, NULL, NULL, NULL, ''),
(5492, 'NAME', '', '', NULL, NULL, NULL, NULL, ''),
(5493, 'Place', '', '', NULL, NULL, NULL, NULL, ''),
(5494, 'Principal', '', '', NULL, NULL, NULL, NULL, ''),
(5495, 'NAME', '', '', NULL, NULL, NULL, NULL, ''),
(5496, 'Principal', '', '', NULL, NULL, NULL, NULL, ''),
(5497, 'NAME', '', '', NULL, NULL, NULL, NULL, ''),
(5498, 'Principal', '', '', NULL, NULL, NULL, NULL, ''),
(5499, 'NAME', '', '', NULL, NULL, NULL, NULL, ''),
(5500, 'Principal', '', '', NULL, NULL, NULL, NULL, ''),
(5501, 'NAME', '', '', NULL, NULL, NULL, NULL, ''),
(5502, 'Principal', '', '', NULL, NULL, NULL, NULL, ''),
(5503, 'NAME', '', '', NULL, NULL, NULL, NULL, ''),
(5504, 'Principal', '', '', NULL, NULL, NULL, NULL, ''),
(5505, 'NAME', '', '', NULL, NULL, NULL, NULL, ''),
(5506, 'Principal', '', '', NULL, NULL, NULL, NULL, ''),
(5507, 'NAME', '', '', NULL, NULL, NULL, NULL, ''),
(5508, 'Principal', '', '', NULL, NULL, NULL, NULL, ''),
(5509, 'NAME', '', '', NULL, NULL, NULL, NULL, ''),
(5510, 'Principal', '', '', NULL, NULL, NULL, NULL, ''),
(5511, 'NAME', '', '', NULL, NULL, NULL, NULL, ''),
(5512, 'Principal', '', '', NULL, NULL, NULL, NULL, ''),
(5513, 'schools', '', '', NULL, NULL, NULL, NULL, ''),
(5514, 'schools', '', '', NULL, NULL, NULL, NULL, ''),
(5515, 'NAME', '', '', NULL, NULL, NULL, NULL, ''),
(5516, 'Place', '', '', NULL, NULL, NULL, NULL, ''),
(5517, 'Place', '', '', NULL, NULL, NULL, NULL, ''),
(5518, 'Principal', '', '', NULL, NULL, NULL, NULL, ''),
(5519, 'schools', '', '', NULL, NULL, NULL, NULL, ''),
(5520, 'schools', '', '', NULL, NULL, NULL, NULL, ''),
(5521, 'NAME', '', '', NULL, NULL, NULL, NULL, ''),
(5522, 'Place', '', '', NULL, NULL, NULL, NULL, ''),
(5523, 'Principal', '', '', NULL, NULL, NULL, NULL, ''),
(5524, 'schools', '', '', NULL, NULL, NULL, NULL, ''),
(5525, 'schools', '', '', NULL, NULL, NULL, NULL, ''),
(5526, 'NAME', '', '', NULL, NULL, NULL, NULL, ''),
(5527, 'Place', '', '', NULL, NULL, NULL, NULL, ''),
(5528, 'Principal', '', '', NULL, NULL, NULL, NULL, ''),
(5529, 'NAME', '', '', NULL, NULL, NULL, NULL, ''),
(5530, 'Principal', '', '', NULL, NULL, NULL, NULL, ''),
(5531, 'NAME', '', '', NULL, NULL, NULL, NULL, ''),
(5532, 'Principal', '', '', NULL, NULL, NULL, NULL, ''),
(5533, 'NAME', '', '', NULL, NULL, NULL, NULL, ''),
(5534, 'Principal', '', '', NULL, NULL, NULL, NULL, ''),
(5535, 'Principal', '', '', NULL, NULL, NULL, NULL, ''),
(5536, 'Notes', '', '', NULL, NULL, NULL, NULL, ''),
(5537, 'Notes', '', '', NULL, NULL, NULL, NULL, ''),
(5538, 'Principal', '', '', NULL, NULL, NULL, NULL, ''),
(5539, 'Principal', '', '', NULL, NULL, NULL, NULL, ''),
(5540, 'Principal', '', '', NULL, NULL, NULL, NULL, ''),
(5541, 'schools', '', '', NULL, NULL, NULL, NULL, ''),
(5542, 'schools', '', '', NULL, NULL, NULL, NULL, ''),
(5543, 'NAME', '', '', NULL, NULL, NULL, NULL, ''),
(5544, 'Place', '', '', NULL, NULL, NULL, NULL, ''),
(5545, 'Principal', '', '', NULL, NULL, NULL, NULL, ''),
(5546, 'NAME', '', '', NULL, NULL, NULL, NULL, ''),
(5547, 'Principal', '', '', NULL, NULL, NULL, NULL, ''),
(5548, 'NAME', '', '', NULL, NULL, NULL, NULL, ''),
(5549, 'principal', '', '', NULL, NULL, NULL, NULL, ''),
(5550, 'Place', '', '', NULL, NULL, NULL, NULL, ''),
(5551, 'Principal', '', '', NULL, NULL, NULL, NULL, ''),
(5552, 'NAME', '', '', NULL, NULL, NULL, NULL, ''),
(5553, 'principal', '', '', NULL, NULL, NULL, NULL, ''),
(5554, 'password', '', '', NULL, NULL, NULL, NULL, ''),
(5555, 'Principal', '', '', NULL, NULL, NULL, NULL, ''),
(5556, 'NAME', '', '', NULL, NULL, NULL, NULL, ''),
(5557, 'principal', '', '', NULL, NULL, NULL, NULL, ''),
(5558, 'password', '', '', NULL, NULL, NULL, NULL, ''),
(5559, 'Principal', '', '', NULL, NULL, NULL, NULL, ''),
(5560, 'NAME', '', '', NULL, NULL, NULL, NULL, ''),
(5561, 'principal', '', '', NULL, NULL, NULL, NULL, ''),
(5562, 'password', '', '', NULL, NULL, NULL, NULL, ''),
(5563, 'principal', '', '', NULL, NULL, NULL, NULL, ''),
(5564, 'password', '', '', NULL, NULL, NULL, NULL, ''),
(5565, 'principal', '', '', NULL, NULL, NULL, NULL, ''),
(5566, 'password', '', '', NULL, NULL, NULL, NULL, ''),
(5567, 'principal', '', '', NULL, NULL, NULL, NULL, ''),
(5568, 'password', '', '', NULL, NULL, NULL, NULL, ''),
(5569, 'principal', '', '', NULL, NULL, NULL, NULL, ''),
(5570, 'password', '', '', NULL, NULL, NULL, NULL, ''),
(5571, 'Principal', '', '', NULL, NULL, NULL, NULL, ''),
(5572, 'NAME', '', '', NULL, NULL, NULL, NULL, ''),
(5573, 'principal', '', '', NULL, NULL, NULL, NULL, ''),
(5574, 'password', '', '', NULL, NULL, NULL, NULL, ''),
(5575, 'Principal', '', '', NULL, NULL, NULL, NULL, ''),
(5576, 'NAME', '', '', NULL, NULL, NULL, NULL, ''),
(5577, 'principal', '', '', NULL, NULL, NULL, NULL, ''),
(5578, 'password', '', '', NULL, NULL, NULL, NULL, ''),
(5579, 'principal', '', '', NULL, NULL, NULL, NULL, ''),
(5580, 'password', '', '', NULL, NULL, NULL, NULL, ''),
(5581, 'principal', '', '', NULL, NULL, NULL, NULL, ''),
(5582, 'password', '', '', NULL, NULL, NULL, NULL, ''),
(5583, 'Principal', '', '', NULL, NULL, NULL, NULL, ''),
(5584, 'NAME', '', '', NULL, NULL, NULL, NULL, ''),
(5585, 'principal', '', '', NULL, NULL, NULL, NULL, ''),
(5586, 'password', '', '', NULL, NULL, NULL, NULL, ''),
(5587, 'Principal', '', '', NULL, NULL, NULL, NULL, ''),
(5588, 'NAME', '', '', NULL, NULL, NULL, NULL, ''),
(5589, 'Principal', '', '', NULL, NULL, NULL, NULL, ''),
(5590, 'NAME', '', '', NULL, NULL, NULL, NULL, ''),
(5591, 'Principal', '', '', NULL, NULL, NULL, NULL, ''),
(5592, 'NAME', '', '', NULL, NULL, NULL, NULL, ''),
(5593, 'principal', '', '', NULL, NULL, NULL, NULL, ''),
(5594, 'password', '', '', NULL, NULL, NULL, NULL, ''),
(5595, 'Principal', '', '', NULL, NULL, NULL, NULL, ''),
(5596, 'NAME', '', '', NULL, NULL, NULL, NULL, ''),
(5597, 'Principal', '', '', NULL, NULL, NULL, NULL, ''),
(5598, 'NAME', '', '', NULL, NULL, NULL, NULL, ''),
(5599, 'Principal', '', '', NULL, NULL, NULL, NULL, ''),
(5600, 'NAME', '', '', NULL, NULL, NULL, NULL, ''),
(5601, 'Principal', '', '', NULL, NULL, NULL, NULL, ''),
(5602, 'NAME', '', '', NULL, NULL, NULL, NULL, ''),
(5603, 'Principal', '', '', NULL, NULL, NULL, NULL, ''),
(5604, 'NAME', '', '', NULL, NULL, NULL, NULL, ''),
(5605, 'Principal', '', '', NULL, NULL, NULL, NULL, ''),
(5606, 'NAME', '', '', NULL, NULL, NULL, NULL, ''),
(5607, 'Principal', '', '', NULL, NULL, NULL, NULL, ''),
(5608, 'NAME', '', '', NULL, NULL, NULL, NULL, ''),
(5609, 'Principal', '', '', NULL, NULL, NULL, NULL, ''),
(5610, 'NAME', '', '', NULL, NULL, NULL, NULL, ''),
(5611, 'Principal', '', '', NULL, NULL, NULL, NULL, ''),
(5612, 'NAME', '', '', NULL, NULL, NULL, NULL, ''),
(5613, 'Coordinator', '', '', NULL, NULL, NULL, NULL, ''),
(5614, 'NAME', '', '', NULL, NULL, NULL, NULL, ''),
(5615, 'NAME', '', '', NULL, NULL, NULL, NULL, ''),
(5616, 'NAME', '', '', NULL, NULL, NULL, NULL, ''),
(5617, 'coordinators', '', '', NULL, NULL, NULL, NULL, ''),
(5618, 'NAME', '', '', NULL, NULL, NULL, NULL, ''),
(5619, 'Principal', '', '', NULL, NULL, NULL, NULL, ''),
(5620, 'Principal', '', '', NULL, NULL, NULL, NULL, ''),
(5621, 'NAME', '', '', NULL, NULL, NULL, NULL, ''),
(5622, 'NAME', '', '', NULL, NULL, NULL, NULL, ''),
(5623, 'Compartment', '', '', NULL, NULL, NULL, NULL, ''),
(5624, 'NAME', '', '', NULL, NULL, NULL, NULL, ''),
(5625, 'NAME', '', '', NULL, NULL, NULL, NULL, ''),
(5626, 'NAME', '', '', NULL, NULL, NULL, NULL, ''),
(5627, 'NAME', '', '', NULL, NULL, NULL, NULL, ''),
(5628, 'NAME', '', '', NULL, NULL, NULL, NULL, ''),
(5629, 'NAME', '', '', NULL, NULL, NULL, NULL, ''),
(5630, 'Principal', '', '', NULL, NULL, NULL, NULL, ''),
(5631, 'Principal', '', '', NULL, NULL, NULL, NULL, ''),
(5632, 'Principal', '', '', NULL, NULL, NULL, NULL, ''),
(5633, 'NAME', '', '', NULL, NULL, NULL, NULL, ''),
(5634, 'NAME', '', '', NULL, NULL, NULL, NULL, ''),
(5635, 'NAME', '', '', NULL, NULL, NULL, NULL, ''),
(5636, 'NAME', '', '', NULL, NULL, NULL, NULL, ''),
(5637, 'NAME', '', '', NULL, NULL, NULL, NULL, ''),
(5638, 'NAME', '', '', NULL, NULL, NULL, NULL, ''),
(5639, 'Namea', '', '', NULL, NULL, NULL, NULL, ''),
(5640, 'NAME', '', '', NULL, NULL, NULL, NULL, ''),
(5641, 'NAME', '', '', NULL, NULL, NULL, NULL, ''),
(5642, 'NAME', '', '', NULL, NULL, NULL, NULL, ''),
(5643, 'NAME', '', '', NULL, NULL, NULL, NULL, ''),
(5644, 'NAME', '', '', NULL, NULL, NULL, NULL, ''),
(5645, 'NAME', '', '', NULL, NULL, NULL, NULL, ''),
(5646, 'NAME', '', '', NULL, NULL, NULL, NULL, ''),
(5647, 'NAME', '', '', NULL, NULL, NULL, NULL, ''),
(5648, 'NAME', '', '', NULL, NULL, NULL, NULL, ''),
(5649, 'NAME', '', '', NULL, NULL, NULL, NULL, ''),
(5650, 'NAME', '', '', NULL, NULL, NULL, NULL, ''),
(5651, 'NAME', '', '', NULL, NULL, NULL, NULL, ''),
(5652, 'NAME', '', '', NULL, NULL, NULL, NULL, ''),
(5653, 'NAME', '', '', NULL, NULL, NULL, NULL, ''),
(5654, 'NAME', '', '', NULL, NULL, NULL, NULL, ''),
(5655, 'NAME', '', '', NULL, NULL, NULL, NULL, ''),
(5656, 'NAME', '', '', NULL, NULL, NULL, NULL, ''),
(5657, 'NAME', '', '', NULL, NULL, NULL, NULL, ''),
(5658, 'NAME', '', '', NULL, NULL, NULL, NULL, ''),
(5659, 'NAME', '', '', NULL, NULL, NULL, NULL, ''),
(5660, 'NAME', '', '', NULL, NULL, NULL, NULL, ''),
(5661, 'NAME', '', '', NULL, NULL, NULL, NULL, ''),
(5662, 'NAME', '', '', NULL, NULL, NULL, NULL, ''),
(5663, 'NAME', '', '', NULL, NULL, NULL, NULL, ''),
(5664, 'NAME', '', '', NULL, NULL, NULL, NULL, ''),
(5665, 'NAME', '', '', NULL, NULL, NULL, NULL, ''),
(5666, 'NAME', '', '', NULL, NULL, NULL, NULL, ''),
(5667, 'NAME', '', '', NULL, NULL, NULL, NULL, ''),
(5668, 'NAME', '', '', NULL, NULL, NULL, NULL, ''),
(5669, 'NAME', '', '', NULL, NULL, NULL, NULL, ''),
(5670, 'NAME', '', '', NULL, NULL, NULL, NULL, ''),
(5671, 'NAME', '', '', NULL, NULL, NULL, NULL, ''),
(5672, 'NAME', '', '', NULL, NULL, NULL, NULL, ''),
(5673, 'NAME', '', '', NULL, NULL, NULL, NULL, ''),
(5674, 'NAME', '', '', NULL, NULL, NULL, NULL, ''),
(5675, 'NAME', '', '', NULL, NULL, NULL, NULL, ''),
(5676, 'NAME', '', '', NULL, NULL, NULL, NULL, ''),
(5677, 'NAME', '', '', NULL, NULL, NULL, NULL, ''),
(5678, 'NAME', '', '', NULL, NULL, NULL, NULL, ''),
(5679, 'NAME', '', '', NULL, NULL, NULL, NULL, ''),
(5680, 'NAME', '', '', NULL, NULL, NULL, NULL, ''),
(5681, 'NAME', '', '', NULL, NULL, NULL, NULL, ''),
(5682, 'Notes', '', '', NULL, NULL, NULL, NULL, ''),
(5683, 'Notes', '', '', NULL, NULL, NULL, NULL, ''),
(5684, 'NAME', '', '', NULL, NULL, NULL, NULL, ''),
(5685, 'NAME', '', '', NULL, NULL, NULL, NULL, ''),
(5686, 'NAME', '', '', NULL, NULL, NULL, NULL, ''),
(5687, 'NAME', '', '', NULL, NULL, NULL, NULL, ''),
(5688, 'NAME', '', '', NULL, NULL, NULL, NULL, ''),
(5689, 'NAME', '', '', NULL, NULL, NULL, NULL, ''),
(5690, 'NAME', '', '', NULL, NULL, NULL, NULL, ''),
(5691, 'NAME', '', '', NULL, NULL, NULL, NULL, ''),
(5692, 'coordinator', '', '', NULL, NULL, NULL, NULL, ''),
(5693, 'password', '', '', NULL, NULL, NULL, NULL, ''),
(5694, 'NAME', '', '', NULL, NULL, NULL, NULL, ''),
(5695, 'coordinator', '', '', NULL, NULL, NULL, NULL, ''),
(5696, 'password', '', '', NULL, NULL, NULL, NULL, ''),
(5697, 'coordinator', '', '', NULL, NULL, NULL, NULL, ''),
(5698, 'password', '', '', NULL, NULL, NULL, NULL, ''),
(5699, 'NAME', '', '', NULL, NULL, NULL, NULL, ''),
(5700, 'coordinator', '', '', NULL, NULL, NULL, NULL, ''),
(5701, 'password', '', '', NULL, NULL, NULL, NULL, ''),
(5702, 'NAME', '', '', NULL, NULL, NULL, NULL, ''),
(5703, 'NAME', '', '', NULL, NULL, NULL, NULL, ''),
(5704, 'NAME', '', '', NULL, NULL, NULL, NULL, ''),
(5705, 'coordinator', '', '', NULL, NULL, NULL, NULL, ''),
(5706, 'password', '', '', NULL, NULL, NULL, NULL, ''),
(5707, 'NAME', '', '', NULL, NULL, NULL, NULL, ''),
(5708, 'coordinator', '', '', NULL, NULL, NULL, NULL, ''),
(5709, 'password', '', '', NULL, NULL, NULL, NULL, ''),
(5710, 'NAME', '', '', NULL, NULL, NULL, NULL, ''),
(5711, 'NAME', '', '', NULL, NULL, NULL, NULL, ''),
(5712, 'NAME', '', '', NULL, NULL, NULL, NULL, ''),
(5713, 'Principal', '', '', NULL, NULL, NULL, NULL, ''),
(5714, 'schools', '', '', NULL, NULL, NULL, NULL, ''),
(5715, 'schools', '', '', NULL, NULL, NULL, NULL, ''),
(5716, 'NAME', '', '', NULL, NULL, NULL, NULL, ''),
(5717, 'Place', '', '', NULL, NULL, NULL, NULL, ''),
(5718, 'Principal', '', '', NULL, NULL, NULL, NULL, ''),
(5719, 'NAME', '', '', NULL, NULL, NULL, NULL, ''),
(5720, 'principal', '', '', NULL, NULL, NULL, NULL, ''),
(5721, 'password', '', '', NULL, NULL, NULL, NULL, ''),
(5722, 'principal', '', '', NULL, NULL, NULL, NULL, ''),
(5723, 'password', '', '', NULL, NULL, NULL, NULL, ''),
(5724, 'principal', '', '', NULL, NULL, NULL, NULL, ''),
(5725, 'password', '', '', NULL, NULL, NULL, NULL, ''),
(5726, 'NAME', '', '', NULL, NULL, NULL, NULL, ''),
(5727, 'coordinator', '', '', NULL, NULL, NULL, NULL, ''),
(5728, 'password', '', '', NULL, NULL, NULL, NULL, ''),
(5729, 'NAME', '', '', NULL, NULL, NULL, NULL, ''),
(5730, 'NAME', '', '', NULL, NULL, NULL, NULL, ''),
(5731, 'NAME', '', '', NULL, NULL, NULL, NULL, ''),
(5732, 'NAME', '', '', NULL, NULL, NULL, NULL, ''),
(5733, 'NAME', '', '', NULL, NULL, NULL, NULL, ''),
(5734, 'coordinator', '', '', NULL, NULL, NULL, NULL, ''),
(5735, 'password', '', '', NULL, NULL, NULL, NULL, ''),
(5736, 'NAME', '', '', NULL, NULL, NULL, NULL, ''),
(5737, 'coordinator', '', '', NULL, NULL, NULL, NULL, ''),
(5738, 'password', '', '', NULL, NULL, NULL, NULL, ''),
(5739, 'NAME', '', '', NULL, NULL, NULL, NULL, ''),
(5740, 'NAME', '', '', NULL, NULL, NULL, NULL, ''),
(5741, 'NAME', '', '', NULL, NULL, NULL, NULL, ''),
(5742, 'NAME', '', '', NULL, NULL, NULL, NULL, ''),
(5743, 'NAME', '', '', NULL, NULL, NULL, NULL, ''),
(5744, 'coordinator', '', '', NULL, NULL, NULL, NULL, ''),
(5745, 'password', '', '', NULL, NULL, NULL, NULL, ''),
(5746, 'NAME', '', '', NULL, NULL, NULL, NULL, ''),
(5747, 'NAME', '', '', NULL, NULL, NULL, NULL, ''),
(5748, 'NAME', '', '', NULL, NULL, NULL, NULL, ''),
(5749, 'coordinator', '', '', NULL, NULL, NULL, NULL, ''),
(5750, 'password', '', '', NULL, NULL, NULL, NULL, ''),
(5751, 'NAME', '', '', NULL, NULL, NULL, NULL, ''),
(5752, 'NAME', '', '', NULL, NULL, NULL, NULL, ''),
(5753, 'NAME', '', '', NULL, NULL, NULL, NULL, ''),
(5754, 'NAME', '', '', NULL, NULL, NULL, NULL, ''),
(5755, 'NAME', '', '', NULL, NULL, NULL, NULL, ''),
(5756, 'NAME', '', '', NULL, NULL, NULL, NULL, ''),
(5757, 'NAME', '', '', NULL, NULL, NULL, NULL, ''),
(5758, 'NAME', '', '', NULL, NULL, NULL, NULL, ''),
(5759, 'Principal', '', '', NULL, NULL, NULL, NULL, ''),
(5760, 'Notes', '', '', NULL, NULL, NULL, NULL, ''),
(5761, 'Notes', '', '', NULL, NULL, NULL, NULL, ''),
(5762, 'Notes', '', '', NULL, NULL, NULL, NULL, ''),
(5763, 'Notes', '', '', NULL, NULL, NULL, NULL, ''),
(5764, 'Notes', '', '', NULL, NULL, NULL, NULL, ''),
(5765, 'Notes', '', '', NULL, NULL, NULL, NULL, ''),
(5766, 'Notes', '', '', NULL, NULL, NULL, NULL, ''),
(5767, 'NAME', '', '', NULL, NULL, NULL, NULL, ''),
(5768, 'coordinator', '', '', NULL, NULL, NULL, NULL, ''),
(5769, 'password', '', '', NULL, NULL, NULL, NULL, ''),
(5770, 'NAME', '', '', NULL, NULL, NULL, NULL, ''),
(5771, 'NAME', '', '', NULL, NULL, NULL, NULL, ''),
(5772, 'Notes', '', '', NULL, NULL, NULL, NULL, ''),
(5773, 'Notes', '', '', NULL, NULL, NULL, NULL, ''),
(5774, 'Notes', '', '', NULL, NULL, NULL, NULL, ''),
(5775, 'Notes', '', '', NULL, NULL, NULL, NULL, ''),
(5776, 'Notes', '', '', NULL, NULL, NULL, NULL, ''),
(5777, 'Notes', '', '', NULL, NULL, NULL, NULL, ''),
(5778, 'Notes', '', '', NULL, NULL, NULL, NULL, ''),
(5779, 'Notes', '', '', NULL, NULL, NULL, NULL, ''),
(5780, 'Notes', '', '', NULL, NULL, NULL, NULL, ''),
(5781, 'Notes', '', '', NULL, NULL, NULL, NULL, ''),
(5782, 'Notes', '', '', NULL, NULL, NULL, NULL, ''),
(5783, 'Notes', '', '', NULL, NULL, NULL, NULL, ''),
(5784, 'Notes', '', '', NULL, NULL, NULL, NULL, ''),
(5785, 'Notes', '', '', NULL, NULL, NULL, NULL, ''),
(5786, 'Notes', '', '', NULL, NULL, NULL, NULL, ''),
(5787, 'Notes', '', '', NULL, NULL, NULL, NULL, ''),
(5788, 'Notes', '', '', NULL, NULL, NULL, NULL, ''),
(5789, 'Notes', '', '', NULL, NULL, NULL, NULL, ''),
(5790, 'Notes', '', '', NULL, NULL, NULL, NULL, ''),
(5791, 'Notes', '', '', NULL, NULL, NULL, NULL, ''),
(5792, 'Notes', '', '', NULL, NULL, NULL, NULL, ''),
(5793, 'Notes', '', '', NULL, NULL, NULL, NULL, ''),
(5794, 'Notes', '', '', NULL, NULL, NULL, NULL, ''),
(5795, 'Notes', '', '', NULL, NULL, NULL, NULL, ''),
(5796, 'Notes', '', '', NULL, NULL, NULL, NULL, ''),
(5797, 'HOD', '', '', NULL, NULL, NULL, NULL, ''),
(5798, 'Principal', '', '', NULL, NULL, NULL, NULL, ''),
(5799, 'hods', '', '', NULL, NULL, NULL, NULL, ''),
(5800, 'Principal', '', '', NULL, NULL, NULL, NULL, ''),
(5801, 'NAME', '', '', NULL, NULL, NULL, NULL, ''),
(5802, 'Principal', '', '', NULL, NULL, NULL, NULL, ''),
(5803, 'NAME', '', '', NULL, NULL, NULL, NULL, ''),
(5804, 'Principal', '', '', NULL, NULL, NULL, NULL, ''),
(5805, 'NAME', '', '', NULL, NULL, NULL, NULL, ''),
(5806, 'Principal', '', '', NULL, NULL, NULL, NULL, ''),
(5807, 'NAME', '', '', NULL, NULL, NULL, NULL, ''),
(5808, 'Principal', '', '', NULL, NULL, NULL, NULL, ''),
(5809, 'NAME', '', '', NULL, NULL, NULL, NULL, ''),
(5810, 'Principal', '', '', NULL, NULL, NULL, NULL, ''),
(5811, 'NAME', '', '', NULL, NULL, NULL, NULL, ''),
(5812, 'Principal', '', '', NULL, NULL, NULL, NULL, ''),
(5813, 'NAME', '', '', NULL, NULL, NULL, NULL, ''),
(5814, 'Principal', '', '', NULL, NULL, NULL, NULL, ''),
(5815, 'NAME', '', '', NULL, NULL, NULL, NULL, ''),
(5816, 'Principal', '', '', NULL, NULL, NULL, NULL, ''),
(5817, 'NAME', '', '', NULL, NULL, NULL, NULL, ''),
(5818, 'Principal', '', '', NULL, NULL, NULL, NULL, ''),
(5819, 'NAME', '', '', NULL, NULL, NULL, NULL, ''),
(5820, 'hod', '', '', NULL, NULL, NULL, NULL, ''),
(5821, 'password', '', '', NULL, NULL, NULL, NULL, ''),
(5822, 'hod', '', '', NULL, NULL, NULL, NULL, ''),
(5823, 'password', '', '', NULL, NULL, NULL, NULL, ''),
(5824, 'Principal', '', '', NULL, NULL, NULL, NULL, ''),
(5825, 'NAME', '', '', NULL, NULL, NULL, NULL, ''),
(5826, 'hod', '', '', NULL, NULL, NULL, NULL, ''),
(5827, 'password', '', '', NULL, NULL, NULL, NULL, ''),
(5828, 'Principal', '', '', NULL, NULL, NULL, NULL, ''),
(5829, 'NAME', '', '', NULL, NULL, NULL, NULL, ''),
(5830, 'hod', '', '', NULL, NULL, NULL, NULL, ''),
(5831, 'password', '', '', NULL, NULL, NULL, NULL, ''),
(5832, 'Principal', '', '', NULL, NULL, NULL, NULL, ''),
(5833, 'NAME', '', '', NULL, NULL, NULL, NULL, ''),
(5834, 'Principal', '', '', NULL, NULL, NULL, NULL, ''),
(5835, 'NAME', '', '', NULL, NULL, NULL, NULL, ''),
(5836, 'hod', '', '', NULL, NULL, NULL, NULL, ''),
(5837, 'password', '', '', NULL, NULL, NULL, NULL, ''),
(5838, 'hod', '', '', NULL, NULL, NULL, NULL, ''),
(5839, 'password', '', '', NULL, NULL, NULL, NULL, ''),
(5840, 'hod', '', '', NULL, NULL, NULL, NULL, ''),
(5841, 'password', '', '', NULL, NULL, NULL, NULL, ''),
(5842, 'Principal', '', '', NULL, NULL, NULL, NULL, ''),
(5843, 'NAME', '', '', NULL, NULL, NULL, NULL, ''),
(5844, 'hod', '', '', NULL, NULL, NULL, NULL, ''),
(5845, 'password', '', '', NULL, NULL, NULL, NULL, ''),
(5846, 'hod', '', '', NULL, NULL, NULL, NULL, ''),
(5847, 'password', '', '', NULL, NULL, NULL, NULL, ''),
(5848, 'hod', '', '', NULL, NULL, NULL, NULL, ''),
(5849, 'password', '', '', NULL, NULL, NULL, NULL, ''),
(5850, 'Principal', '', '', NULL, NULL, NULL, NULL, ''),
(5851, 'NAME', '', '', NULL, NULL, NULL, NULL, ''),
(5852, 'hod', '', '', NULL, NULL, NULL, NULL, ''),
(5853, 'password', '', '', NULL, NULL, NULL, NULL, '');
INSERT INTO `language` (`phrase_id`, `phrase`, `english`, `spanish`, `portuguse`, `hindi`, `french`, `serbian`, `arabic`) VALUES
(5854, 'Principal', '', '', NULL, NULL, NULL, NULL, ''),
(5855, 'NAME', '', '', NULL, NULL, NULL, NULL, ''),
(5856, 'hod', '', '', NULL, NULL, NULL, NULL, ''),
(5857, 'password', '', '', NULL, NULL, NULL, NULL, ''),
(5858, 'hod-Dashboard', '', '', NULL, NULL, NULL, NULL, ''),
(5859, 'Notes', '', '', NULL, NULL, NULL, NULL, ''),
(5860, 'Notes', '', '', NULL, NULL, NULL, NULL, ''),
(5861, 'Notes', '', '', NULL, NULL, NULL, NULL, ''),
(5862, 'Notes', '', '', NULL, NULL, NULL, NULL, ''),
(5863, 'Notes', '', '', NULL, NULL, NULL, NULL, ''),
(5864, 'Notes', '', '', NULL, NULL, NULL, NULL, ''),
(5865, 'Notes', '', '', NULL, NULL, NULL, NULL, ''),
(5866, 'Notes', '', '', NULL, NULL, NULL, NULL, ''),
(5867, 'Notes', '', '', NULL, NULL, NULL, NULL, ''),
(5868, 'Notes', '', '', NULL, NULL, NULL, NULL, ''),
(5869, 'Notes', '', '', NULL, NULL, NULL, NULL, ''),
(5870, 'Notes', '', '', NULL, NULL, NULL, NULL, ''),
(5871, 'Notes', '', '', NULL, NULL, NULL, NULL, ''),
(5872, 'Notes', '', '', NULL, NULL, NULL, NULL, ''),
(5873, 'Notes', '', '', NULL, NULL, NULL, NULL, ''),
(5874, 'Notes', '', '', NULL, NULL, NULL, NULL, ''),
(5875, 'Notes', '', '', NULL, NULL, NULL, NULL, ''),
(5876, 'Notes', '', '', NULL, NULL, NULL, NULL, ''),
(5877, 'Notes', '', '', NULL, NULL, NULL, NULL, ''),
(5878, 'Notes', '', '', NULL, NULL, NULL, NULL, ''),
(5879, 'Notes', '', '', NULL, NULL, NULL, NULL, ''),
(5880, 'Notes', '', '', NULL, NULL, NULL, NULL, ''),
(5881, 'Notes', '', '', NULL, NULL, NULL, NULL, ''),
(5882, 'Notes', '', '', NULL, NULL, NULL, NULL, ''),
(5883, 'Notes', '', '', NULL, NULL, NULL, NULL, ''),
(5884, 'Notes', '', '', NULL, NULL, NULL, NULL, ''),
(5885, 'Notes', '', '', NULL, NULL, NULL, NULL, ''),
(5886, 'Notes', '', '', NULL, NULL, NULL, NULL, ''),
(5887, 'Notes', '', '', NULL, NULL, NULL, NULL, ''),
(5888, 'Notes', '', '', NULL, NULL, NULL, NULL, ''),
(5889, 'Notes', '', '', NULL, NULL, NULL, NULL, ''),
(5890, 'Notes', '', '', NULL, NULL, NULL, NULL, ''),
(5891, 'Notes', '', '', NULL, NULL, NULL, NULL, ''),
(5892, 'Notes', '', '', NULL, NULL, NULL, NULL, ''),
(5893, 'Notes', '', '', NULL, NULL, NULL, NULL, ''),
(5894, 'Notes', '', '', NULL, NULL, NULL, NULL, ''),
(5895, 'Notes', '', '', NULL, NULL, NULL, NULL, ''),
(5896, 'Notes', '', '', NULL, NULL, NULL, NULL, ''),
(5897, 'Notes', '', '', NULL, NULL, NULL, NULL, ''),
(5898, 'Notes', '', '', NULL, NULL, NULL, NULL, ''),
(5899, 'Notes', '', '', NULL, NULL, NULL, NULL, ''),
(5900, 'Notes', '', '', NULL, NULL, NULL, NULL, ''),
(5901, 'Notes', '', '', NULL, NULL, NULL, NULL, ''),
(5902, 'Notes', '', '', NULL, NULL, NULL, NULL, ''),
(5903, 'Notes', '', '', NULL, NULL, NULL, NULL, ''),
(5904, 'Notes', '', '', NULL, NULL, NULL, NULL, ''),
(5905, 'Notes', '', '', NULL, NULL, NULL, NULL, ''),
(5906, 'Notes', '', '', NULL, NULL, NULL, NULL, ''),
(5907, 'Notes', '', '', NULL, NULL, NULL, NULL, ''),
(5908, 'Notes', '', '', NULL, NULL, NULL, NULL, ''),
(5909, 'Notes', '', '', NULL, NULL, NULL, NULL, ''),
(5910, 'Notes', '', '', NULL, NULL, NULL, NULL, ''),
(5911, 'Notes', '', '', NULL, NULL, NULL, NULL, ''),
(5912, 'Notes', '', '', NULL, NULL, NULL, NULL, ''),
(5913, 'Notes', '', '', NULL, NULL, NULL, NULL, ''),
(5914, 'Notes', '', '', NULL, NULL, NULL, NULL, ''),
(5915, 'Notes', '', '', NULL, NULL, NULL, NULL, ''),
(5916, 'Notes', '', '', NULL, NULL, NULL, NULL, ''),
(5917, 'Notes', '', '', NULL, NULL, NULL, NULL, ''),
(5918, 'Notes', '', '', NULL, NULL, NULL, NULL, ''),
(5919, 'Notes', '', '', NULL, NULL, NULL, NULL, ''),
(5920, 'Notes', '', '', NULL, NULL, NULL, NULL, ''),
(5921, 'Notes', '', '', NULL, NULL, NULL, NULL, ''),
(5922, 'Notes', '', '', NULL, NULL, NULL, NULL, ''),
(5923, 'Notes', '', '', NULL, NULL, NULL, NULL, ''),
(5924, 'Notes', '', '', NULL, NULL, NULL, NULL, ''),
(5925, 'NAME', '', '', NULL, NULL, NULL, NULL, ''),
(5926, 'coordinator', '', '', NULL, NULL, NULL, NULL, ''),
(5927, 'password', '', '', NULL, NULL, NULL, NULL, ''),
(5928, 'NAME', '', '', NULL, NULL, NULL, NULL, ''),
(5929, 'NAME', '', '', NULL, NULL, NULL, NULL, ''),
(5930, 'NAME', '', '', NULL, NULL, NULL, NULL, ''),
(5931, 'NAME', '', '', NULL, NULL, NULL, NULL, ''),
(5932, 'NAME', '', '', NULL, NULL, NULL, NULL, ''),
(5933, 'NAME', '', '', NULL, NULL, NULL, NULL, ''),
(5934, 'NAME', '', '', NULL, NULL, NULL, NULL, ''),
(5935, 'NAME', '', '', NULL, NULL, NULL, NULL, ''),
(5936, 'NAME', '', '', NULL, NULL, NULL, NULL, ''),
(5937, 'NAME', '', '', NULL, NULL, NULL, NULL, ''),
(5938, 'NAME', '', '', NULL, NULL, NULL, NULL, ''),
(5939, 'NAME', '', '', NULL, NULL, NULL, NULL, ''),
(5940, 'NAME', '', '', NULL, NULL, NULL, NULL, ''),
(5941, 'NAME', '', '', NULL, NULL, NULL, NULL, ''),
(5942, 'NAME', '', '', NULL, NULL, NULL, NULL, ''),
(5943, 'NAME', '', '', NULL, NULL, NULL, NULL, ''),
(5944, 'NAME', '', '', NULL, NULL, NULL, NULL, ''),
(5945, 'NAME', '', '', NULL, NULL, NULL, NULL, ''),
(5946, 'NAME', '', '', NULL, NULL, NULL, NULL, ''),
(5947, 'NAME', '', '', NULL, NULL, NULL, NULL, ''),
(5948, 'NAME', '', '', NULL, NULL, NULL, NULL, ''),
(5949, 'NAME', '', '', NULL, NULL, NULL, NULL, ''),
(5950, 'coordinator', '', '', NULL, NULL, NULL, NULL, ''),
(5951, 'password', '', '', NULL, NULL, NULL, NULL, ''),
(5952, 'Notes', '', '', NULL, NULL, NULL, NULL, ''),
(5953, 'Notes', '', '', NULL, NULL, NULL, NULL, ''),
(5954, 'Notes', '', '', NULL, NULL, NULL, NULL, ''),
(5955, 'Notes', '', '', NULL, NULL, NULL, NULL, ''),
(5956, 'Notes', '', '', NULL, NULL, NULL, NULL, ''),
(5957, 'Notes', '', '', NULL, NULL, NULL, NULL, ''),
(5958, 'Notes', '', '', NULL, NULL, NULL, NULL, ''),
(5959, 'Notes', '', '', NULL, NULL, NULL, NULL, ''),
(5960, 'Notes', '', '', NULL, NULL, NULL, NULL, ''),
(5961, 'Notes', '', '', NULL, NULL, NULL, NULL, ''),
(5962, 'Notes', '', '', NULL, NULL, NULL, NULL, ''),
(5963, 'Notes', '', '', NULL, NULL, NULL, NULL, ''),
(5964, 'Notes', '', '', NULL, NULL, NULL, NULL, ''),
(5965, 'Notes', '', '', NULL, NULL, NULL, NULL, ''),
(5966, 'Notes', '', '', NULL, NULL, NULL, NULL, ''),
(5967, 'Notes', '', '', NULL, NULL, NULL, NULL, ''),
(5968, 'Notes', '', '', NULL, NULL, NULL, NULL, ''),
(5969, 'Notes', '', '', NULL, NULL, NULL, NULL, ''),
(5970, 'Notes', '', '', NULL, NULL, NULL, NULL, ''),
(5971, 'Notes', '', '', NULL, NULL, NULL, NULL, ''),
(5972, 'Notes', '', '', NULL, NULL, NULL, NULL, ''),
(5973, 'Notes', '', '', NULL, NULL, NULL, NULL, ''),
(5974, 'Notes', '', '', NULL, NULL, NULL, NULL, ''),
(5975, 'Notes', '', '', NULL, NULL, NULL, NULL, ''),
(5976, 'Notes', '', '', NULL, NULL, NULL, NULL, ''),
(5977, 'Notes', '', '', NULL, NULL, NULL, NULL, ''),
(5978, 'Notes', '', '', NULL, NULL, NULL, NULL, ''),
(5979, 'Notes', '', '', NULL, NULL, NULL, NULL, ''),
(5980, 'Notes', '', '', NULL, NULL, NULL, NULL, ''),
(5981, 'Notes', '', '', NULL, NULL, NULL, NULL, ''),
(5982, 'Notes', '', '', NULL, NULL, NULL, NULL, ''),
(5983, 'Notes', '', '', NULL, NULL, NULL, NULL, ''),
(5984, 'Notes', '', '', NULL, NULL, NULL, NULL, ''),
(5985, 'Notes', '', '', NULL, NULL, NULL, NULL, ''),
(5986, 'Notes', '', '', NULL, NULL, NULL, NULL, ''),
(5987, 'Notes', '', '', NULL, NULL, NULL, NULL, ''),
(5988, 'Notes', '', '', NULL, NULL, NULL, NULL, ''),
(5989, 'Notes', '', '', NULL, NULL, NULL, NULL, ''),
(5990, 'Notes', '', '', NULL, NULL, NULL, NULL, ''),
(5991, 'Notes', '', '', NULL, NULL, NULL, NULL, ''),
(5992, 'Notes', '', '', NULL, NULL, NULL, NULL, ''),
(5993, 'Notes', '', '', NULL, NULL, NULL, NULL, ''),
(5994, 'Notes', '', '', NULL, NULL, NULL, NULL, ''),
(5995, 'Notes', '', '', NULL, NULL, NULL, NULL, ''),
(5996, 'Notes', '', '', NULL, NULL, NULL, NULL, ''),
(5997, 'Notes', '', '', NULL, NULL, NULL, NULL, ''),
(5998, 'Notes', '', '', NULL, NULL, NULL, NULL, ''),
(5999, 'Notes', '', '', NULL, NULL, NULL, NULL, ''),
(6000, 'Notes', '', '', NULL, NULL, NULL, NULL, ''),
(6001, 'Notes', '', '', NULL, NULL, NULL, NULL, ''),
(6002, 'Notes', '', '', NULL, NULL, NULL, NULL, ''),
(6003, 'Notes', '', '', NULL, NULL, NULL, NULL, ''),
(6004, 'Notes', '', '', NULL, NULL, NULL, NULL, ''),
(6005, 'Notes', '', '', NULL, NULL, NULL, NULL, ''),
(6006, 'Notes', '', '', NULL, NULL, NULL, NULL, ''),
(6007, 'Notes', '', '', NULL, NULL, NULL, NULL, ''),
(6008, 'Notes', '', '', NULL, NULL, NULL, NULL, ''),
(6009, 'Notes', '', '', NULL, NULL, NULL, NULL, ''),
(6010, 'Notes', '', '', NULL, NULL, NULL, NULL, ''),
(6011, 'Notes', '', '', NULL, NULL, NULL, NULL, ''),
(6012, 'Notes', '', '', NULL, NULL, NULL, NULL, ''),
(6013, 'Notes', '', '', NULL, NULL, NULL, NULL, ''),
(6014, 'Notes', '', '', NULL, NULL, NULL, NULL, ''),
(6015, 'Notes', '', '', NULL, NULL, NULL, NULL, ''),
(6016, 'Notes', '', '', NULL, NULL, NULL, NULL, ''),
(6017, 'Notes', '', '', NULL, NULL, NULL, NULL, ''),
(6018, 'Notes', '', '', NULL, NULL, NULL, NULL, ''),
(6019, 'Notes', '', '', NULL, NULL, NULL, NULL, ''),
(6020, 'Notes', '', '', NULL, NULL, NULL, NULL, ''),
(6021, 'Notes', '', '', NULL, NULL, NULL, NULL, ''),
(6022, 'Notes', '', '', NULL, NULL, NULL, NULL, ''),
(6023, 'Notes', '', '', NULL, NULL, NULL, NULL, ''),
(6024, 'Notes', '', '', NULL, NULL, NULL, NULL, ''),
(6025, 'Notes', '', '', NULL, NULL, NULL, NULL, ''),
(6026, 'Notes', '', '', NULL, NULL, NULL, NULL, ''),
(6027, 'Notes', '', '', NULL, NULL, NULL, NULL, ''),
(6028, 'Notes', '', '', NULL, NULL, NULL, NULL, ''),
(6029, 'Notes', '', '', NULL, NULL, NULL, NULL, ''),
(6030, 'Notes', '', '', NULL, NULL, NULL, NULL, ''),
(6031, 'Notes', '', '', NULL, NULL, NULL, NULL, ''),
(6032, 'Notes', '', '', NULL, NULL, NULL, NULL, ''),
(6033, 'Notes', '', '', NULL, NULL, NULL, NULL, ''),
(6034, 'Notes', '', '', NULL, NULL, NULL, NULL, ''),
(6035, 'Notes', '', '', NULL, NULL, NULL, NULL, ''),
(6036, 'Notes', '', '', NULL, NULL, NULL, NULL, ''),
(6037, 'Notes', '', '', NULL, NULL, NULL, NULL, ''),
(6038, 'Notes', '', '', NULL, NULL, NULL, NULL, ''),
(6039, 'Notes', '', '', NULL, NULL, NULL, NULL, ''),
(6040, 'Notes', '', '', NULL, NULL, NULL, NULL, ''),
(6041, 'Notes', '', '', NULL, NULL, NULL, NULL, ''),
(6042, 'Notes', '', '', NULL, NULL, NULL, NULL, ''),
(6043, 'Notes', '', '', NULL, NULL, NULL, NULL, ''),
(6044, 'Notes', '', '', NULL, NULL, NULL, NULL, ''),
(6045, 'Notes', '', '', NULL, NULL, NULL, NULL, ''),
(6046, 'Notes', '', '', NULL, NULL, NULL, NULL, ''),
(6047, 'Notes', '', '', NULL, NULL, NULL, NULL, ''),
(6048, 'Notes', '', '', NULL, NULL, NULL, NULL, ''),
(6049, 'Notes', '', '', NULL, NULL, NULL, NULL, ''),
(6050, 'Notes', '', '', NULL, NULL, NULL, NULL, ''),
(6051, 'Notes', '', '', NULL, NULL, NULL, NULL, ''),
(6052, 'Notes', '', '', NULL, NULL, NULL, NULL, ''),
(6053, 'Notes', '', '', NULL, NULL, NULL, NULL, ''),
(6054, 'Notes', '', '', NULL, NULL, NULL, NULL, ''),
(6055, 'Approve', '', '', NULL, NULL, NULL, NULL, ''),
(6056, 'Notes', '', '', NULL, NULL, NULL, NULL, ''),
(6057, 'Notes', '', '', NULL, NULL, NULL, NULL, ''),
(6058, 'Notes', '', '', NULL, NULL, NULL, NULL, ''),
(6059, 'Notes', '', '', NULL, NULL, NULL, NULL, ''),
(6060, 'Notes', '', '', NULL, NULL, NULL, NULL, ''),
(6061, 'Approve Note', '', '', NULL, NULL, NULL, NULL, ''),
(6062, 'Notes', '', '', NULL, NULL, NULL, NULL, ''),
(6063, 'Notes', '', '', NULL, NULL, NULL, NULL, ''),
(6064, 'Notes', '', '', NULL, NULL, NULL, NULL, ''),
(6065, 'Notes', '', '', NULL, NULL, NULL, NULL, ''),
(6066, 'Notes', '', '', NULL, NULL, NULL, NULL, ''),
(6067, 'Notes', '', '', NULL, NULL, NULL, NULL, ''),
(6068, 'Notes', '', '', NULL, NULL, NULL, NULL, ''),
(6069, 'Notes', '', '', NULL, NULL, NULL, NULL, ''),
(6070, 'Notes', '', '', NULL, NULL, NULL, NULL, ''),
(6071, 'Notes', '', '', NULL, NULL, NULL, NULL, ''),
(6072, 'Notes', '', '', NULL, NULL, NULL, NULL, ''),
(6073, 'Notes', '', '', NULL, NULL, NULL, NULL, ''),
(6074, 'Notes', '', '', NULL, NULL, NULL, NULL, ''),
(6075, 'Notes', '', '', NULL, NULL, NULL, NULL, ''),
(6076, 'Notes', '', '', NULL, NULL, NULL, NULL, ''),
(6077, 'Notes', '', '', NULL, NULL, NULL, NULL, ''),
(6078, 'Notes', '', '', NULL, NULL, NULL, NULL, ''),
(6079, 'Notes', '', '', NULL, NULL, NULL, NULL, ''),
(6080, 'Notes', '', '', NULL, NULL, NULL, NULL, ''),
(6081, 'Notes', '', '', NULL, NULL, NULL, NULL, ''),
(6082, 'Notes', '', '', NULL, NULL, NULL, NULL, ''),
(6083, 'Notes', '', '', NULL, NULL, NULL, NULL, ''),
(6084, 'Notes', '', '', NULL, NULL, NULL, NULL, ''),
(6085, 'Notes', '', '', NULL, NULL, NULL, NULL, ''),
(6086, 'Notes', '', '', NULL, NULL, NULL, NULL, ''),
(6087, 'Notes', '', '', NULL, NULL, NULL, NULL, ''),
(6088, 'Notes', '', '', NULL, NULL, NULL, NULL, ''),
(6089, 'Notes', '', '', NULL, NULL, NULL, NULL, ''),
(6090, 'Notes', '', '', NULL, NULL, NULL, NULL, ''),
(6091, 'Notes', '', '', NULL, NULL, NULL, NULL, ''),
(6092, 'Notes', '', '', NULL, NULL, NULL, NULL, ''),
(6093, 'Principal', '', '', NULL, NULL, NULL, NULL, ''),
(6094, 'Principal', '', '', NULL, NULL, NULL, NULL, ''),
(6095, 'Principal', '', '', NULL, NULL, NULL, NULL, ''),
(6096, 'Principal', '', '', NULL, NULL, NULL, NULL, ''),
(6097, 'Principal', '', '', NULL, NULL, NULL, NULL, ''),
(6098, 'Principal', '', '', NULL, NULL, NULL, NULL, ''),
(6099, 'Principal', '', '', NULL, NULL, NULL, NULL, ''),
(6100, 'Principal', '', '', NULL, NULL, NULL, NULL, ''),
(6101, 'Principal', '', '', NULL, NULL, NULL, NULL, ''),
(6102, 'Principal', '', '', NULL, NULL, NULL, NULL, ''),
(6103, 'Principal', '', '', NULL, NULL, NULL, NULL, ''),
(6104, 'Principal', '', '', NULL, NULL, NULL, NULL, ''),
(6105, 'Principal', '', '', NULL, NULL, NULL, NULL, ''),
(6106, 'Principal', '', '', NULL, NULL, NULL, NULL, ''),
(6107, 'Principal', '', '', NULL, NULL, NULL, NULL, ''),
(6108, 'Principal', '', '', NULL, NULL, NULL, NULL, ''),
(6109, 'Principal', '', '', NULL, NULL, NULL, NULL, ''),
(6110, 'Principal', '', '', NULL, NULL, NULL, NULL, ''),
(6111, 'Principal', '', '', NULL, NULL, NULL, NULL, ''),
(6112, 'Principal', '', '', NULL, NULL, NULL, NULL, ''),
(6113, 'Principal', '', '', NULL, NULL, NULL, NULL, ''),
(6114, 'Principal', '', '', NULL, NULL, NULL, NULL, ''),
(6115, 'Principal', '', '', NULL, NULL, NULL, NULL, ''),
(6116, 'Principal', '', '', NULL, NULL, NULL, NULL, ''),
(6117, 'Principal', '', '', NULL, NULL, NULL, NULL, ''),
(6118, 'Principal', '', '', NULL, NULL, NULL, NULL, ''),
(6119, 'Principal', '', '', NULL, NULL, NULL, NULL, ''),
(6120, 'Principal', '', '', NULL, NULL, NULL, NULL, ''),
(6121, 'Principal', '', '', NULL, NULL, NULL, NULL, ''),
(6122, 'Principal', '', '', NULL, NULL, NULL, NULL, ''),
(6123, 'Principal', '', '', NULL, NULL, NULL, NULL, ''),
(6124, 'Principal', '', '', NULL, NULL, NULL, NULL, ''),
(6125, 'Principal', '', '', NULL, NULL, NULL, NULL, ''),
(6126, 'Principal', '', '', NULL, NULL, NULL, NULL, ''),
(6127, 'Principal', '', '', NULL, NULL, NULL, NULL, ''),
(6128, 'Principal', '', '', NULL, NULL, NULL, NULL, ''),
(6129, 'Principal', '', '', NULL, NULL, NULL, NULL, ''),
(6130, 'Principal', '', '', NULL, NULL, NULL, NULL, ''),
(6131, 'Principal', '', '', NULL, NULL, NULL, NULL, ''),
(6132, 'Principal', '', '', NULL, NULL, NULL, NULL, ''),
(6133, 'Principal', '', '', NULL, NULL, NULL, NULL, ''),
(6134, 'Principal', '', '', NULL, NULL, NULL, NULL, ''),
(6135, 'Principal', '', '', NULL, NULL, NULL, NULL, ''),
(6136, 'Principal', '', '', NULL, NULL, NULL, NULL, ''),
(6137, 'Principal', '', '', NULL, NULL, NULL, NULL, ''),
(6138, 'Principal', '', '', NULL, NULL, NULL, NULL, ''),
(6139, 'Principal', '', '', NULL, NULL, NULL, NULL, ''),
(6140, 'Principal', '', '', NULL, NULL, NULL, NULL, ''),
(6141, 'Principal', '', '', NULL, NULL, NULL, NULL, ''),
(6142, 'Principal', '', '', NULL, NULL, NULL, NULL, ''),
(6143, 'Principal', '', '', NULL, NULL, NULL, NULL, ''),
(6144, 'Principal', '', '', NULL, NULL, NULL, NULL, ''),
(6145, 'Principal', '', '', NULL, NULL, NULL, NULL, ''),
(6146, 'Principal', '', '', NULL, NULL, NULL, NULL, ''),
(6147, 'Principal', '', '', NULL, NULL, NULL, NULL, ''),
(6148, 'Principal', '', '', NULL, NULL, NULL, NULL, ''),
(6149, 'Principal', '', '', NULL, NULL, NULL, NULL, ''),
(6150, 'Principal', '', '', NULL, NULL, NULL, NULL, ''),
(6151, 'Principal', '', '', NULL, NULL, NULL, NULL, ''),
(6152, 'Principal', '', '', NULL, NULL, NULL, NULL, ''),
(6153, 'Principal', '', '', NULL, NULL, NULL, NULL, ''),
(6154, 'Principal', '', '', NULL, NULL, NULL, NULL, ''),
(6155, 'Principal', '', '', NULL, NULL, NULL, NULL, ''),
(6156, 'Principal', '', '', NULL, NULL, NULL, NULL, ''),
(6157, 'Principal', '', '', NULL, NULL, NULL, NULL, ''),
(6158, 'Principal', '', '', NULL, NULL, NULL, NULL, ''),
(6159, 'Principal', '', '', NULL, NULL, NULL, NULL, ''),
(6160, 'Principal', '', '', NULL, NULL, NULL, NULL, ''),
(6161, 'Principal', '', '', NULL, NULL, NULL, NULL, ''),
(6162, 'Principal', '', '', NULL, NULL, NULL, NULL, ''),
(6163, 'Principal', '', '', NULL, NULL, NULL, NULL, ''),
(6164, 'Principal', '', '', NULL, NULL, NULL, NULL, ''),
(6165, 'Principal', '', '', NULL, NULL, NULL, NULL, ''),
(6166, 'Principal', '', '', NULL, NULL, NULL, NULL, ''),
(6167, 'Principal', '', '', NULL, NULL, NULL, NULL, ''),
(6168, 'Principal', '', '', NULL, NULL, NULL, NULL, ''),
(6169, 'Principal', '', '', NULL, NULL, NULL, NULL, ''),
(6170, 'Academic-Report', '', '', NULL, NULL, NULL, NULL, ''),
(6171, 'Principal', '', '', NULL, NULL, NULL, NULL, ''),
(6172, 'Principal', '', '', NULL, NULL, NULL, NULL, ''),
(6173, 'Document-Type', '', '', NULL, NULL, NULL, NULL, ''),
(6174, 'Completed', '', '', NULL, NULL, NULL, NULL, ''),
(6175, 'School Name', '', '', NULL, NULL, NULL, NULL, ''),
(6176, 'Notes', '', '', NULL, NULL, NULL, NULL, ''),
(6177, 'Notes', '', '', NULL, NULL, NULL, NULL, ''),
(6178, 'Notes', '', '', NULL, NULL, NULL, NULL, ''),
(6179, 'Notes', '', '', NULL, NULL, NULL, NULL, ''),
(6180, 'Notes', '', '', NULL, NULL, NULL, NULL, ''),
(6181, 'Notes', '', '', NULL, NULL, NULL, NULL, ''),
(6182, 'Notes', '', '', NULL, NULL, NULL, NULL, ''),
(6183, 'Notes', '', '', NULL, NULL, NULL, NULL, ''),
(6184, 'Notes', '', '', NULL, NULL, NULL, NULL, ''),
(6185, 'Notes', '', '', NULL, NULL, NULL, NULL, ''),
(6186, 'Notes', '', '', NULL, NULL, NULL, NULL, ''),
(6187, 'Notes', '', '', NULL, NULL, NULL, NULL, ''),
(6188, 'Notes', '', '', NULL, NULL, NULL, NULL, ''),
(6189, 'Notes', '', '', NULL, NULL, NULL, NULL, ''),
(6190, 'Notes', '', '', NULL, NULL, NULL, NULL, ''),
(6191, 'NAME', '', '', NULL, NULL, NULL, NULL, ''),
(6192, 'NAME', '', '', NULL, NULL, NULL, NULL, ''),
(6193, 'NAME', '', '', NULL, NULL, NULL, NULL, ''),
(6194, 'NAME', '', '', NULL, NULL, NULL, NULL, ''),
(6195, 'NAME', '', '', NULL, NULL, NULL, NULL, ''),
(6196, 'NAME', '', '', NULL, NULL, NULL, NULL, ''),
(6197, 'NAME', '', '', NULL, NULL, NULL, NULL, ''),
(6198, 'coordinator', '', '', NULL, NULL, NULL, NULL, ''),
(6199, 'password', '', '', NULL, NULL, NULL, NULL, ''),
(6200, 'NAME', '', '', NULL, NULL, NULL, NULL, ''),
(6201, 'coordinator', '', '', NULL, NULL, NULL, NULL, ''),
(6202, 'password', '', '', NULL, NULL, NULL, NULL, ''),
(6203, 'NAME', '', '', NULL, NULL, NULL, NULL, ''),
(6204, 'NAME', '', '', NULL, NULL, NULL, NULL, ''),
(6205, 'Notes', '', '', NULL, NULL, NULL, NULL, ''),
(6206, 'Notes', '', '', NULL, NULL, NULL, NULL, ''),
(6207, 'Notes', '', '', NULL, NULL, NULL, NULL, ''),
(6208, 'Notes', '', '', NULL, NULL, NULL, NULL, ''),
(6209, 'NAME', '', '', NULL, NULL, NULL, NULL, ''),
(6210, 'NAME', '', '', NULL, NULL, NULL, NULL, ''),
(6211, 'NAME', '', '', NULL, NULL, NULL, NULL, ''),
(6212, 'NAME', '', '', NULL, NULL, NULL, NULL, ''),
(6213, 'NAME', '', '', NULL, NULL, NULL, NULL, ''),
(6214, 'NAME', '', '', NULL, NULL, NULL, NULL, ''),
(6215, 'NAME', '', '', NULL, NULL, NULL, NULL, ''),
(6216, 'NAME', '', '', NULL, NULL, NULL, NULL, ''),
(6217, 'NAME', '', '', NULL, NULL, NULL, NULL, ''),
(6218, 'Notes', '', '', NULL, NULL, NULL, NULL, ''),
(6219, 'Notes', '', '', NULL, NULL, NULL, NULL, ''),
(6220, 'Notes', '', '', NULL, NULL, NULL, NULL, ''),
(6221, 'Notes', '', '', NULL, NULL, NULL, NULL, ''),
(6222, 'Notes', '', '', NULL, NULL, NULL, NULL, ''),
(6223, 'Notes', '', '', NULL, NULL, NULL, NULL, ''),
(6224, 'Notes', '', '', NULL, NULL, NULL, NULL, ''),
(6225, 'Notes', '', '', NULL, NULL, NULL, NULL, ''),
(6226, 'Notes', '', '', NULL, NULL, NULL, NULL, ''),
(6227, 'NAME', '', '', NULL, NULL, NULL, NULL, ''),
(6228, 'Notes', '', '', NULL, NULL, NULL, NULL, ''),
(6229, 'Notes', '', '', NULL, NULL, NULL, NULL, ''),
(6230, 'Notes', '', '', NULL, NULL, NULL, NULL, ''),
(6231, 'Notes', '', '', NULL, NULL, NULL, NULL, ''),
(6232, 'Notes', '', '', NULL, NULL, NULL, NULL, ''),
(6233, 'NAME', '', '', NULL, NULL, NULL, NULL, ''),
(6234, 'Notes', '', '', NULL, NULL, NULL, NULL, ''),
(6235, 'Notes', '', '', NULL, NULL, NULL, NULL, ''),
(6236, 'Notes', '', '', NULL, NULL, NULL, NULL, ''),
(6237, 'Notes', '', '', NULL, NULL, NULL, NULL, ''),
(6238, 'Notes', '', '', NULL, NULL, NULL, NULL, ''),
(6239, 'Notes', '', '', NULL, NULL, NULL, NULL, ''),
(6240, 'Notes', '', '', NULL, NULL, NULL, NULL, ''),
(6241, 'Notes', '', '', NULL, NULL, NULL, NULL, ''),
(6242, 'Notes', '', '', NULL, NULL, NULL, NULL, ''),
(6243, 'Notes', '', '', NULL, NULL, NULL, NULL, ''),
(6244, 'Notes', '', '', NULL, NULL, NULL, NULL, ''),
(6245, 'Notes', '', '', NULL, NULL, NULL, NULL, ''),
(6246, 'Principal', '', '', NULL, NULL, NULL, NULL, ''),
(6247, 'Principal', '', '', NULL, NULL, NULL, NULL, ''),
(6248, 'Notes', '', '', NULL, NULL, NULL, NULL, ''),
(6249, 'Notes', '', '', NULL, NULL, NULL, NULL, ''),
(6250, 'Notes', '', '', NULL, NULL, NULL, NULL, ''),
(6251, 'Notes', '', '', NULL, NULL, NULL, NULL, ''),
(6252, 'Notes', '', '', NULL, NULL, NULL, NULL, ''),
(6253, 'Notes', '', '', NULL, NULL, NULL, NULL, ''),
(6254, 'Notes', '', '', NULL, NULL, NULL, NULL, ''),
(6255, 'Notes', '', '', NULL, NULL, NULL, NULL, ''),
(6256, 'Notes', '', '', NULL, NULL, NULL, NULL, ''),
(6257, 'Notes', '', '', NULL, NULL, NULL, NULL, ''),
(6258, 'Notes', '', '', NULL, NULL, NULL, NULL, ''),
(6259, 'Notes', '', '', NULL, NULL, NULL, NULL, ''),
(6260, 'Notes', '', '', NULL, NULL, NULL, NULL, ''),
(6261, 'Notes', '', '', NULL, NULL, NULL, NULL, ''),
(6262, 'Notes', '', '', NULL, NULL, NULL, NULL, ''),
(6263, 'Notes', '', '', NULL, NULL, NULL, NULL, ''),
(6264, 'Notes', '', '', NULL, NULL, NULL, NULL, ''),
(6265, 'Notes', '', '', NULL, NULL, NULL, NULL, ''),
(6266, 'Notes', '', '', NULL, NULL, NULL, NULL, ''),
(6267, 'Notes', '', '', NULL, NULL, NULL, NULL, ''),
(6268, 'Notes', '', '', NULL, NULL, NULL, NULL, ''),
(6269, 'Notes', '', '', NULL, NULL, NULL, NULL, ''),
(6270, 'Course name', '', '', NULL, NULL, NULL, NULL, ''),
(6271, 'English', '', '', NULL, NULL, NULL, NULL, ''),
(6272, 'II-LAN - Hindi', '', '', NULL, NULL, NULL, NULL, ''),
(6273, 'II-LAN - Tamil', '', '', NULL, NULL, NULL, NULL, ''),
(6274, 'Maths', '', '', NULL, NULL, NULL, NULL, ''),
(6275, 'Scicence', '', '', NULL, NULL, NULL, NULL, ''),
(6276, 'Social', '', '', NULL, NULL, NULL, NULL, ''),
(6277, 'Course name', '', '', NULL, NULL, NULL, NULL, ''),
(6278, 'Course name', '', '', NULL, NULL, NULL, NULL, ''),
(6279, 'Course name', '', '', NULL, NULL, NULL, NULL, ''),
(6280, 'Notes', '', '', NULL, NULL, NULL, NULL, ''),
(6281, 'Notes', '', '', NULL, NULL, NULL, NULL, ''),
(6282, 'Notes', '', '', NULL, NULL, NULL, NULL, ''),
(6283, 'Notes', '', '', NULL, NULL, NULL, NULL, ''),
(6284, 'Notes', '', '', NULL, NULL, NULL, NULL, ''),
(6285, 'Notes', '', '', NULL, NULL, NULL, NULL, ''),
(6286, 'Notes', '', '', NULL, NULL, NULL, NULL, ''),
(6287, 'Notes', '', '', NULL, NULL, NULL, NULL, ''),
(6288, 'Notes', '', '', NULL, NULL, NULL, NULL, ''),
(6289, 'Notes', '', '', NULL, NULL, NULL, NULL, ''),
(6290, 'Notes', '', '', NULL, NULL, NULL, NULL, ''),
(6291, 'Notes', '', '', NULL, NULL, NULL, NULL, ''),
(6292, 'Notes', '', '', NULL, NULL, NULL, NULL, ''),
(6293, 'Notes', '', '', NULL, NULL, NULL, NULL, ''),
(6294, 'Notes', '', '', NULL, NULL, NULL, NULL, ''),
(6295, 'Notes', '', '', NULL, NULL, NULL, NULL, ''),
(6296, 'Notes', '', '', NULL, NULL, NULL, NULL, ''),
(6297, 'Notes', '', '', NULL, NULL, NULL, NULL, ''),
(6298, 'Notes', '', '', NULL, NULL, NULL, NULL, ''),
(6299, 'Notes', '', '', NULL, NULL, NULL, NULL, ''),
(6300, 'Notes', '', '', NULL, NULL, NULL, NULL, ''),
(6301, 'Notes', '', '', NULL, NULL, NULL, NULL, ''),
(6302, 'Notes', '', '', NULL, NULL, NULL, NULL, ''),
(6303, 'Notes', '', '', NULL, NULL, NULL, NULL, ''),
(6304, 'Notes', '', '', NULL, NULL, NULL, NULL, ''),
(6305, 'Notes', '', '', NULL, NULL, NULL, NULL, ''),
(6306, 'Notes', '', '', NULL, NULL, NULL, NULL, ''),
(6307, 'Notes', '', '', NULL, NULL, NULL, NULL, ''),
(6308, 'Notes', '', '', NULL, NULL, NULL, NULL, ''),
(6309, 'Notes', '', '', NULL, NULL, NULL, NULL, ''),
(6310, 'Notes', '', '', NULL, NULL, NULL, NULL, ''),
(6311, 'Notes', '', '', NULL, NULL, NULL, NULL, ''),
(6312, 'Notes', '', '', NULL, NULL, NULL, NULL, ''),
(6313, 'Notes', '', '', NULL, NULL, NULL, NULL, ''),
(6314, 'Notes', '', '', NULL, NULL, NULL, NULL, ''),
(6315, 'Notes', '', '', NULL, NULL, NULL, NULL, ''),
(6316, 'Notes', '', '', NULL, NULL, NULL, NULL, ''),
(6317, 'Notes', '', '', NULL, NULL, NULL, NULL, ''),
(6318, 'Notes', '', '', NULL, NULL, NULL, NULL, ''),
(6319, 'Notes', '', '', NULL, NULL, NULL, NULL, ''),
(6320, 'Notes', '', '', NULL, NULL, NULL, NULL, ''),
(6321, 'Notes', '', '', NULL, NULL, NULL, NULL, ''),
(6322, 'Notes', '', '', NULL, NULL, NULL, NULL, ''),
(6323, 'Notes', '', '', NULL, NULL, NULL, NULL, ''),
(6324, 'Notes', '', '', NULL, NULL, NULL, NULL, ''),
(6325, 'Notes', '', '', NULL, NULL, NULL, NULL, ''),
(6326, 'Notes', '', '', NULL, NULL, NULL, NULL, ''),
(6327, 'Notes', '', '', NULL, NULL, NULL, NULL, ''),
(6328, 'Notes', '', '', NULL, NULL, NULL, NULL, ''),
(6329, 'Notes', '', '', NULL, NULL, NULL, NULL, ''),
(6330, 'Notes', '', '', NULL, NULL, NULL, NULL, ''),
(6331, 'Notes', '', '', NULL, NULL, NULL, NULL, ''),
(6332, 'Not yet upload', '', '', NULL, NULL, NULL, NULL, ''),
(6333, 'Under Principal Review', '', '', NULL, NULL, NULL, NULL, ''),
(6334, 'Under Hod', '', '', NULL, NULL, NULL, NULL, ''),
(6335, 'Notes', '', '', NULL, NULL, NULL, NULL, ''),
(6336, 'Notes', '', '', NULL, NULL, NULL, NULL, ''),
(6337, 'Notes', '', '', NULL, NULL, NULL, NULL, ''),
(6338, 'Notes', '', '', NULL, NULL, NULL, NULL, ''),
(6339, 'Notes', '', '', NULL, NULL, NULL, NULL, ''),
(6340, 'Notes', '', '', NULL, NULL, NULL, NULL, ''),
(6341, 'Notes', '', '', NULL, NULL, NULL, NULL, ''),
(6342, 'Notes', '', '', NULL, NULL, NULL, NULL, ''),
(6343, 'Notes', '', '', NULL, NULL, NULL, NULL, ''),
(6344, 'Notes', '', '', NULL, NULL, NULL, NULL, ''),
(6345, 'Notes', '', '', NULL, NULL, NULL, NULL, ''),
(6346, 'Notes', '', '', NULL, NULL, NULL, NULL, ''),
(6347, 'Notes', '', '', NULL, NULL, NULL, NULL, ''),
(6348, 'Notes', '', '', NULL, NULL, NULL, NULL, ''),
(6349, 'Notes', '', '', NULL, NULL, NULL, NULL, ''),
(6350, 'Notes', '', '', NULL, NULL, NULL, NULL, ''),
(6351, 'Notes', '', '', NULL, NULL, NULL, NULL, ''),
(6352, 'Notes', '', '', NULL, NULL, NULL, NULL, ''),
(6353, 'Notes', '', '', NULL, NULL, NULL, NULL, ''),
(6354, 'Notes', '', '', NULL, NULL, NULL, NULL, ''),
(6355, 'Notes', '', '', NULL, NULL, NULL, NULL, ''),
(6356, 'Notes', '', '', NULL, NULL, NULL, NULL, ''),
(6357, 'Notes', '', '', NULL, NULL, NULL, NULL, ''),
(6358, 'Notes', '', '', NULL, NULL, NULL, NULL, ''),
(6359, 'Notes', '', '', NULL, NULL, NULL, NULL, ''),
(6360, 'Notes', '', '', NULL, NULL, NULL, NULL, ''),
(6361, 'Notes', '', '', NULL, NULL, NULL, NULL, ''),
(6362, 'Notes', '', '', NULL, NULL, NULL, NULL, ''),
(6363, 'Notes', '', '', NULL, NULL, NULL, NULL, ''),
(6364, 'Notes', '', '', NULL, NULL, NULL, NULL, ''),
(6365, 'Notes', '', '', NULL, NULL, NULL, NULL, ''),
(6366, 'Notes', '', '', NULL, NULL, NULL, NULL, ''),
(6367, 'Notes', '', '', NULL, NULL, NULL, NULL, ''),
(6368, 'Notes', '', '', NULL, NULL, NULL, NULL, ''),
(6369, 'Notes', '', '', NULL, NULL, NULL, NULL, ''),
(6370, 'Notes', '', '', NULL, NULL, NULL, NULL, ''),
(6371, 'Notes', '', '', NULL, NULL, NULL, NULL, ''),
(6372, 'Notes', '', '', NULL, NULL, NULL, NULL, ''),
(6373, 'Notes', '', '', NULL, NULL, NULL, NULL, ''),
(6374, 'Notes', '', '', NULL, NULL, NULL, NULL, ''),
(6375, 'Notes', '', '', NULL, NULL, NULL, NULL, ''),
(6376, 'Notes', '', '', NULL, NULL, NULL, NULL, ''),
(6377, 'Notes', '', '', NULL, NULL, NULL, NULL, ''),
(6378, 'Notes', '', '', NULL, NULL, NULL, NULL, ''),
(6379, 'Notes', '', '', NULL, NULL, NULL, NULL, ''),
(6380, 'Notes', '', '', NULL, NULL, NULL, NULL, ''),
(6381, 'Notes', '', '', NULL, NULL, NULL, NULL, ''),
(6382, 'School Report', '', '', NULL, NULL, NULL, NULL, ''),
(6383, 'Notes', '', '', NULL, NULL, NULL, NULL, ''),
(6384, 'Notes', '', '', NULL, NULL, NULL, NULL, ''),
(6385, 'Notes', '', '', NULL, NULL, NULL, NULL, ''),
(6386, 'Notes', '', '', NULL, NULL, NULL, NULL, ''),
(6387, 'Notes', '', '', NULL, NULL, NULL, NULL, ''),
(6388, 'Notes', '', '', NULL, NULL, NULL, NULL, ''),
(6389, 'Notes', '', '', NULL, NULL, NULL, NULL, ''),
(6390, 'Notes', '', '', NULL, NULL, NULL, NULL, ''),
(6391, 'Notes', '', '', NULL, NULL, NULL, NULL, ''),
(6392, 'Notes', '', '', NULL, NULL, NULL, NULL, ''),
(6393, 'Notes', '', '', NULL, NULL, NULL, NULL, ''),
(6394, 'Notes', '', '', NULL, NULL, NULL, NULL, ''),
(6395, '<?php echo $school[\"name\"].\",\".$school[\"place\"]; ?>', '', '', NULL, NULL, NULL, NULL, ''),
(6396, '<?php echo $school_name; ?>', '', '', NULL, NULL, NULL, NULL, ''),
(6397, 'VBC,Theni', '', '', NULL, NULL, NULL, NULL, ''),
(6398, 'vbc,Madurai', '', '', NULL, NULL, NULL, NULL, ''),
(6399, 'VBC,Veeraganoor', '', '', NULL, NULL, NULL, NULL, ''),
(6400, 'VBC-Theni', '', '', NULL, NULL, NULL, NULL, ''),
(6401, 'vbc-Madurai', '', '', NULL, NULL, NULL, NULL, ''),
(6402, 'VBC-Veeraganoor', '', '', NULL, NULL, NULL, NULL, ''),
(6403, 'common_user-Dashboard', '', '', NULL, NULL, NULL, NULL, ''),
(6404, 'Notes', '', '', NULL, NULL, NULL, NULL, ''),
(6405, 'Notes', '', '', NULL, NULL, NULL, NULL, ''),
(6406, 'Notes', '', '', NULL, NULL, NULL, NULL, ''),
(6407, 'Notes', '', '', NULL, NULL, NULL, NULL, ''),
(6408, 'Notes', '', '', NULL, NULL, NULL, NULL, ''),
(6409, 'Notes', '', '', NULL, NULL, NULL, NULL, ''),
(6410, 'Notes', '', '', NULL, NULL, NULL, NULL, ''),
(6411, 'Notes', '', '', NULL, NULL, NULL, NULL, ''),
(6412, 'Notes', '', '', NULL, NULL, NULL, NULL, ''),
(6413, 'Notes', '', '', NULL, NULL, NULL, NULL, ''),
(6414, 'Notes', '', '', NULL, NULL, NULL, NULL, ''),
(6415, 'Download materials', '', '', NULL, NULL, NULL, NULL, ''),
(6416, 'Notes', '', '', NULL, NULL, NULL, NULL, ''),
(6417, 'Notes', '', '', NULL, NULL, NULL, NULL, ''),
(6418, 'Notes', '', '', NULL, NULL, NULL, NULL, ''),
(6419, 'Notes', '', '', NULL, NULL, NULL, NULL, ''),
(6420, 'Notes', '', '', NULL, NULL, NULL, NULL, ''),
(6421, 'Notes', '', '', NULL, NULL, NULL, NULL, ''),
(6422, 'Notes', '', '', NULL, NULL, NULL, NULL, ''),
(6423, 'Notes', '', '', NULL, NULL, NULL, NULL, ''),
(6424, 'Notes', '', '', NULL, NULL, NULL, NULL, ''),
(6425, 'Notes', '', '', NULL, NULL, NULL, NULL, ''),
(6426, 'Notes', '', '', NULL, NULL, NULL, NULL, ''),
(6427, 'Notes', '', '', NULL, NULL, NULL, NULL, ''),
(6428, 'Notes', '', '', NULL, NULL, NULL, NULL, ''),
(6429, 'Notes', '', '', NULL, NULL, NULL, NULL, ''),
(6430, 'Notes', '', '', NULL, NULL, NULL, NULL, ''),
(6431, 'Notes', '', '', NULL, NULL, NULL, NULL, ''),
(6432, 'Notes', '', '', NULL, NULL, NULL, NULL, ''),
(6433, 'Notes', '', '', NULL, NULL, NULL, NULL, ''),
(6434, 'Notes', '', '', NULL, NULL, NULL, NULL, ''),
(6435, 'Notes', '', '', NULL, NULL, NULL, NULL, ''),
(6436, 'Notes', '', '', NULL, NULL, NULL, NULL, ''),
(6437, 'Reference Notes', '', '', NULL, NULL, NULL, NULL, ''),
(6438, 'Notes', '', '', NULL, NULL, NULL, NULL, ''),
(6439, 'Notes', '', '', NULL, NULL, NULL, NULL, ''),
(6440, 'Notes', '', '', NULL, NULL, NULL, NULL, ''),
(6441, 'Notes', '', '', NULL, NULL, NULL, NULL, ''),
(6442, 'Notes', '', '', NULL, NULL, NULL, NULL, ''),
(6443, 'Notes', '', '', NULL, NULL, NULL, NULL, ''),
(6444, 'Notes', '', '', NULL, NULL, NULL, NULL, ''),
(6445, 'Notes', '', '', NULL, NULL, NULL, NULL, ''),
(6446, 'Notes', '', '', NULL, NULL, NULL, NULL, ''),
(6447, 'Notes', '', '', NULL, NULL, NULL, NULL, ''),
(6448, 'Notes', '', '', NULL, NULL, NULL, NULL, ''),
(6449, 'Notes', '', '', NULL, NULL, NULL, NULL, ''),
(6450, 'Notes', '', '', NULL, NULL, NULL, NULL, ''),
(6451, 'Notes', '', '', NULL, NULL, NULL, NULL, ''),
(6452, 'Notes', '', '', NULL, NULL, NULL, NULL, ''),
(6453, 'Notes', '', '', NULL, NULL, NULL, NULL, ''),
(6454, 'Notes', '', '', NULL, NULL, NULL, NULL, ''),
(6455, 'Notes', '', '', NULL, NULL, NULL, NULL, ''),
(6456, 'Notes', '', '', NULL, NULL, NULL, NULL, ''),
(6457, 'Notes', '', '', NULL, NULL, NULL, NULL, ''),
(6458, 'Notes', '', '', NULL, NULL, NULL, NULL, ''),
(6459, 'Notes', '', '', NULL, NULL, NULL, NULL, ''),
(6460, 'Notes', '', '', NULL, NULL, NULL, NULL, ''),
(6461, 'Notes', '', '', NULL, NULL, NULL, NULL, ''),
(6462, 'Notes', '', '', NULL, NULL, NULL, NULL, ''),
(6463, 'Notes', '', '', NULL, NULL, NULL, NULL, ''),
(6464, 'Notes', '', '', NULL, NULL, NULL, NULL, ''),
(6465, 'Notes', '', '', NULL, NULL, NULL, NULL, ''),
(6466, 'Notes', '', '', NULL, NULL, NULL, NULL, ''),
(6467, 'Notes', '', '', NULL, NULL, NULL, NULL, ''),
(6468, 'Notes', '', '', NULL, NULL, NULL, NULL, ''),
(6469, 'Notes', '', '', NULL, NULL, NULL, NULL, ''),
(6470, 'Notes', '', '', NULL, NULL, NULL, NULL, ''),
(6471, 'Notes', '', '', NULL, NULL, NULL, NULL, ''),
(6472, 'Notes', '', '', NULL, NULL, NULL, NULL, ''),
(6473, 'Notes', '', '', NULL, NULL, NULL, NULL, ''),
(6474, 'Notes', '', '', NULL, NULL, NULL, NULL, ''),
(6475, 'Notes', '', '', NULL, NULL, NULL, NULL, ''),
(6476, 'Notes', '', '', NULL, NULL, NULL, NULL, ''),
(6477, 'Notes', '', '', NULL, NULL, NULL, NULL, ''),
(6478, 'Notes', '', '', NULL, NULL, NULL, NULL, ''),
(6479, 'Notes', '', '', NULL, NULL, NULL, NULL, ''),
(6480, 'Notes', '', '', NULL, NULL, NULL, NULL, ''),
(6481, 'Notes', '', '', NULL, NULL, NULL, NULL, ''),
(6482, 'Notes', '', '', NULL, NULL, NULL, NULL, ''),
(6483, 'Notes', '', '', NULL, NULL, NULL, NULL, ''),
(6484, 'Notes', '', '', NULL, NULL, NULL, NULL, ''),
(6485, 'Notes', '', '', NULL, NULL, NULL, NULL, ''),
(6486, 'Notes', '', '', NULL, NULL, NULL, NULL, ''),
(6487, 'Notes', '', '', NULL, NULL, NULL, NULL, ''),
(6488, 'Notes', '', '', NULL, NULL, NULL, NULL, ''),
(6489, 'Notes', '', '', NULL, NULL, NULL, NULL, ''),
(6490, 'Notes', '', '', NULL, NULL, NULL, NULL, ''),
(6491, 'Notes', '', '', NULL, NULL, NULL, NULL, ''),
(6492, 'Notes', '', '', NULL, NULL, NULL, NULL, ''),
(6493, 'Notes', '', '', NULL, NULL, NULL, NULL, ''),
(6494, 'Notes', '', '', NULL, NULL, NULL, NULL, ''),
(6495, 'Notes', '', '', NULL, NULL, NULL, NULL, ''),
(6496, 'Notes', '', '', NULL, NULL, NULL, NULL, ''),
(6497, 'Notes', '', '', NULL, NULL, NULL, NULL, ''),
(6498, 'Notes', '', '', NULL, NULL, NULL, NULL, ''),
(6499, 'Notes', '', '', NULL, NULL, NULL, NULL, ''),
(6500, 'Notes', '', '', NULL, NULL, NULL, NULL, ''),
(6501, 'Notes', '', '', NULL, NULL, NULL, NULL, ''),
(6502, 'Notes', '', '', NULL, NULL, NULL, NULL, ''),
(6503, 'Notes', '', '', NULL, NULL, NULL, NULL, ''),
(6504, 'Notes', '', '', NULL, NULL, NULL, NULL, ''),
(6505, 'Notes', '', '', NULL, NULL, NULL, NULL, ''),
(6506, 'Notes', '', '', NULL, NULL, NULL, NULL, ''),
(6507, 'Notes', '', '', NULL, NULL, NULL, NULL, ''),
(6508, 'Notes', '', '', NULL, NULL, NULL, NULL, ''),
(6509, 'Notes', '', '', NULL, NULL, NULL, NULL, ''),
(6510, 'Notes', '', '', NULL, NULL, NULL, NULL, ''),
(6511, 'Notes', '', '', NULL, NULL, NULL, NULL, ''),
(6512, 'Notes', '', '', NULL, NULL, NULL, NULL, ''),
(6513, 'Notes', '', '', NULL, NULL, NULL, NULL, ''),
(6514, 'Notes', '', '', NULL, NULL, NULL, NULL, ''),
(6515, 'Notes', '', '', NULL, NULL, NULL, NULL, ''),
(6516, 'Notes', '', '', NULL, NULL, NULL, NULL, ''),
(6517, 'Notes', '', '', NULL, NULL, NULL, NULL, ''),
(6518, 'Notes', '', '', NULL, NULL, NULL, NULL, ''),
(6519, 'Notes', '', '', NULL, NULL, NULL, NULL, ''),
(6520, 'Notes', '', '', NULL, NULL, NULL, NULL, ''),
(6521, 'Notes', '', '', NULL, NULL, NULL, NULL, ''),
(6522, 'Notes', '', '', NULL, NULL, NULL, NULL, ''),
(6523, 'Notes', '', '', NULL, NULL, NULL, NULL, ''),
(6524, 'Notes', '', '', NULL, NULL, NULL, NULL, ''),
(6525, 'Notes', '', '', NULL, NULL, NULL, NULL, ''),
(6526, 'Notes', '', '', NULL, NULL, NULL, NULL, ''),
(6527, 'Notes', '', '', NULL, NULL, NULL, NULL, ''),
(6528, 'Notes', '', '', NULL, NULL, NULL, NULL, ''),
(6529, 'Notes', '', '', NULL, NULL, NULL, NULL, ''),
(6530, 'Notes', '', '', NULL, NULL, NULL, NULL, ''),
(6531, 'Notes', '', '', NULL, NULL, NULL, NULL, ''),
(6532, 'Notes', '', '', NULL, NULL, NULL, NULL, ''),
(6533, 'Notes', '', '', NULL, NULL, NULL, NULL, ''),
(6534, 'Notes', '', '', NULL, NULL, NULL, NULL, ''),
(6535, 'Notes', '', '', NULL, NULL, NULL, NULL, ''),
(6536, 'Notes', '', '', NULL, NULL, NULL, NULL, ''),
(6537, 'Notes', '', '', NULL, NULL, NULL, NULL, ''),
(6538, 'Notes', '', '', NULL, NULL, NULL, NULL, ''),
(6539, 'Notes', '', '', NULL, NULL, NULL, NULL, ''),
(6540, 'Notes', '', '', NULL, NULL, NULL, NULL, ''),
(6541, 'Notes', '', '', NULL, NULL, NULL, NULL, ''),
(6542, 'Notes', '', '', NULL, NULL, NULL, NULL, ''),
(6543, 'Notes', '', '', NULL, NULL, NULL, NULL, ''),
(6544, 'Notes', '', '', NULL, NULL, NULL, NULL, ''),
(6545, 'Notes', '', '', NULL, NULL, NULL, NULL, ''),
(6546, 'Notes', '', '', NULL, NULL, NULL, NULL, ''),
(6547, 'Notes', '', '', NULL, NULL, NULL, NULL, ''),
(6548, 'Notes', '', '', NULL, NULL, NULL, NULL, ''),
(6549, 'Notes', '', '', NULL, NULL, NULL, NULL, ''),
(6550, 'Notes', '', '', NULL, NULL, NULL, NULL, ''),
(6551, 'Notes', '', '', NULL, NULL, NULL, NULL, ''),
(6552, 'Notes', '', '', NULL, NULL, NULL, NULL, ''),
(6553, 'Notes', '', '', NULL, NULL, NULL, NULL, ''),
(6554, 'Notes', '', '', NULL, NULL, NULL, NULL, ''),
(6555, 'Notes', '', '', NULL, NULL, NULL, NULL, ''),
(6556, 'Notes', '', '', NULL, NULL, NULL, NULL, ''),
(6557, 'Notes', '', '', NULL, NULL, NULL, NULL, ''),
(6558, 'Notes', '', '', NULL, NULL, NULL, NULL, ''),
(6559, 'Notes', '', '', NULL, NULL, NULL, NULL, ''),
(6560, 'Notes', '', '', NULL, NULL, NULL, NULL, ''),
(6561, 'Notes', '', '', NULL, NULL, NULL, NULL, ''),
(6562, 'Notes', '', '', NULL, NULL, NULL, NULL, ''),
(6563, 'Notes', '', '', NULL, NULL, NULL, NULL, ''),
(6564, 'Notes', '', '', NULL, NULL, NULL, NULL, ''),
(6565, 'Notes', '', '', NULL, NULL, NULL, NULL, ''),
(6566, 'Notes', '', '', NULL, NULL, NULL, NULL, ''),
(6567, 'Notes', '', '', NULL, NULL, NULL, NULL, ''),
(6568, 'Notes', '', '', NULL, NULL, NULL, NULL, ''),
(6569, 'Notes', '', '', NULL, NULL, NULL, NULL, ''),
(6570, 'Notes', '', '', NULL, NULL, NULL, NULL, ''),
(6571, 'Notes', '', '', NULL, NULL, NULL, NULL, ''),
(6572, 'Notes', '', '', NULL, NULL, NULL, NULL, ''),
(6573, 'Notes', '', '', NULL, NULL, NULL, NULL, ''),
(6574, 'Notes', '', '', NULL, NULL, NULL, NULL, ''),
(6575, 'Notes', '', '', NULL, NULL, NULL, NULL, ''),
(6576, 'Notes', '', '', NULL, NULL, NULL, NULL, ''),
(6577, 'Notes', '', '', NULL, NULL, NULL, NULL, ''),
(6578, 'Notes', '', '', NULL, NULL, NULL, NULL, ''),
(6579, 'Notes', '', '', NULL, NULL, NULL, NULL, ''),
(6580, 'Notes', '', '', NULL, NULL, NULL, NULL, ''),
(6581, 'Notes', '', '', NULL, NULL, NULL, NULL, ''),
(6582, 'Notes', '', '', NULL, NULL, NULL, NULL, ''),
(6583, 'Notes', '', '', NULL, NULL, NULL, NULL, ''),
(6584, 'Notes', '', '', NULL, NULL, NULL, NULL, ''),
(6585, 'Notes', '', '', NULL, NULL, NULL, NULL, ''),
(6586, 'Notes', '', '', NULL, NULL, NULL, NULL, ''),
(6587, 'Notes', '', '', NULL, NULL, NULL, NULL, ''),
(6588, 'Notes', '', '', NULL, NULL, NULL, NULL, ''),
(6589, 'Notes', '', '', NULL, NULL, NULL, NULL, ''),
(6590, 'Notes', '', '', NULL, NULL, NULL, NULL, ''),
(6591, 'Notes', '', '', NULL, NULL, NULL, NULL, ''),
(6592, 'Notes', '', '', NULL, NULL, NULL, NULL, ''),
(6593, 'Notes', '', '', NULL, NULL, NULL, NULL, ''),
(6594, 'Notes', '', '', NULL, NULL, NULL, NULL, ''),
(6595, 'Reference Name', '', '', NULL, NULL, NULL, NULL, ''),
(6596, 'Reference Materials', '', '', NULL, NULL, NULL, NULL, ''),
(6597, 'Notes', '', '', NULL, NULL, NULL, NULL, ''),
(6598, 'Notes', '', '', NULL, NULL, NULL, NULL, ''),
(6599, 'Notes', '', '', NULL, NULL, NULL, NULL, ''),
(6600, 'Principal', '', '', NULL, NULL, NULL, NULL, ''),
(6601, 'Principal', '', '', NULL, NULL, NULL, NULL, ''),
(6602, 'Principal', '', '', NULL, NULL, NULL, NULL, ''),
(6603, 'Principal', '', '', NULL, NULL, NULL, NULL, ''),
(6604, 'schools', '', '', NULL, NULL, NULL, NULL, ''),
(6605, 'schools', '', '', NULL, NULL, NULL, NULL, ''),
(6606, 'NAME', '', '', NULL, NULL, NULL, NULL, ''),
(6607, 'Place', '', '', NULL, NULL, NULL, NULL, ''),
(6608, 'Principal', '', '', NULL, NULL, NULL, NULL, ''),
(6609, 'schools', '', '', NULL, NULL, NULL, NULL, ''),
(6610, 'schools', '', '', NULL, NULL, NULL, NULL, ''),
(6611, 'NAME', '', '', NULL, NULL, NULL, NULL, ''),
(6612, 'Place', '', '', NULL, NULL, NULL, NULL, ''),
(6613, 'Principal', '', '', NULL, NULL, NULL, NULL, ''),
(6614, 'schools', '', '', NULL, NULL, NULL, NULL, ''),
(6615, 'schools', '', '', NULL, NULL, NULL, NULL, ''),
(6616, 'NAME', '', '', NULL, NULL, NULL, NULL, ''),
(6617, 'Place', '', '', NULL, NULL, NULL, NULL, ''),
(6618, 'Principal', '', '', NULL, NULL, NULL, NULL, ''),
(6619, 'schools', '', '', NULL, NULL, NULL, NULL, ''),
(6620, 'schools', '', '', NULL, NULL, NULL, NULL, ''),
(6621, 'NAME', '', '', NULL, NULL, NULL, NULL, ''),
(6622, 'Place', '', '', NULL, NULL, NULL, NULL, ''),
(6623, 'Principal', '', '', NULL, NULL, NULL, NULL, ''),
(6624, 'schools', '', '', NULL, NULL, NULL, NULL, ''),
(6625, 'schools', '', '', NULL, NULL, NULL, NULL, ''),
(6626, 'NAME', '', '', NULL, NULL, NULL, NULL, ''),
(6627, 'Place', '', '', NULL, NULL, NULL, NULL, ''),
(6628, 'Principal', '', '', NULL, NULL, NULL, NULL, ''),
(6629, 'schools', '', '', NULL, NULL, NULL, NULL, ''),
(6630, 'schools', '', '', NULL, NULL, NULL, NULL, ''),
(6631, 'NAME', '', '', NULL, NULL, NULL, NULL, ''),
(6632, 'Place', '', '', NULL, NULL, NULL, NULL, ''),
(6633, 'Principal', '', '', NULL, NULL, NULL, NULL, ''),
(6634, 'schools', '', '', NULL, NULL, NULL, NULL, ''),
(6635, 'schools', '', '', NULL, NULL, NULL, NULL, ''),
(6636, 'NAME', '', '', NULL, NULL, NULL, NULL, ''),
(6637, 'Place', '', '', NULL, NULL, NULL, NULL, ''),
(6638, 'Principal', '', '', NULL, NULL, NULL, NULL, ''),
(6639, 'schools', '', '', NULL, NULL, NULL, NULL, ''),
(6640, 'Dashboarddddd', '', '', NULL, NULL, NULL, NULL, ''),
(6641, 'schools123', '', '', NULL, NULL, NULL, NULL, ''),
(6642, 'Schoolsssss', '', '', NULL, NULL, NULL, NULL, ''),
(6643, 'NAME', '', '', NULL, NULL, NULL, NULL, ''),
(6644, 'Place', '', '', NULL, NULL, NULL, NULL, ''),
(6645, 'Principal', '', '', NULL, NULL, NULL, NULL, ''),
(6646, 'schools', '', '', NULL, NULL, NULL, NULL, ''),
(6647, 'NAME', '', '', NULL, NULL, NULL, NULL, ''),
(6648, 'Place', '', '', NULL, NULL, NULL, NULL, ''),
(6649, 'Principal', '', '', NULL, NULL, NULL, NULL, ''),
(6650, 'schools', '', '', NULL, NULL, NULL, NULL, ''),
(6651, 'NAME', '', '', NULL, NULL, NULL, NULL, ''),
(6652, 'Place', '', '', NULL, NULL, NULL, NULL, ''),
(6653, 'Principal', '', '', NULL, NULL, NULL, NULL, ''),
(6654, 'schools', '', '', NULL, NULL, NULL, NULL, ''),
(6655, 'NAME', '', '', NULL, NULL, NULL, NULL, ''),
(6656, 'Place', '', '', NULL, NULL, NULL, NULL, ''),
(6657, 'Principal', '', '', NULL, NULL, NULL, NULL, ''),
(6658, 'schools', '', '', NULL, NULL, NULL, NULL, ''),
(6659, 'NAME', '', '', NULL, NULL, NULL, NULL, ''),
(6660, 'Place', '', '', NULL, NULL, NULL, NULL, ''),
(6661, 'Principal', '', '', NULL, NULL, NULL, NULL, ''),
(6662, 'schools', '', '', NULL, NULL, NULL, NULL, ''),
(6663, 'NAME', '', '', NULL, NULL, NULL, NULL, ''),
(6664, 'Place', '', '', NULL, NULL, NULL, NULL, ''),
(6665, 'Principal', '', '', NULL, NULL, NULL, NULL, ''),
(6666, 'schools', '', '', NULL, NULL, NULL, NULL, ''),
(6667, 'NAME', '', '', NULL, NULL, NULL, NULL, ''),
(6668, 'Place', '', '', NULL, NULL, NULL, NULL, ''),
(6669, 'Principal', '', '', NULL, NULL, NULL, NULL, ''),
(6670, 'schools', '', '', NULL, NULL, NULL, NULL, ''),
(6671, 'NAME', '', '', NULL, NULL, NULL, NULL, ''),
(6672, 'Place', '', '', NULL, NULL, NULL, NULL, ''),
(6673, 'Principal', '', '', NULL, NULL, NULL, NULL, ''),
(6674, 'schools', '', '', NULL, NULL, NULL, NULL, ''),
(6675, 'NAME', '', '', NULL, NULL, NULL, NULL, ''),
(6676, 'Place', '', '', NULL, NULL, NULL, NULL, ''),
(6677, 'Principal', '', '', NULL, NULL, NULL, NULL, ''),
(6678, 'Principal', '', '', NULL, NULL, NULL, NULL, ''),
(6679, 'Principal', '', '', NULL, NULL, NULL, NULL, ''),
(6680, 'Principal', '', '', NULL, NULL, NULL, NULL, ''),
(6681, 'Principal', '', '', NULL, NULL, NULL, NULL, ''),
(6682, 'Principal', '', '', NULL, NULL, NULL, NULL, ''),
(6683, 'Principal', '', '', NULL, NULL, NULL, NULL, ''),
(6684, 'Principal', '', '', NULL, NULL, NULL, NULL, ''),
(6685, 'Principal', '', '', NULL, NULL, NULL, NULL, ''),
(6686, 'Principal', '', '', NULL, NULL, NULL, NULL, ''),
(6687, 'Principal', '', '', NULL, NULL, NULL, NULL, ''),
(6688, 'Principal', '', '', NULL, NULL, NULL, NULL, ''),
(6689, 'Principal', '', '', NULL, NULL, NULL, NULL, ''),
(6690, 'Principal', '', '', NULL, NULL, NULL, NULL, ''),
(6691, 'Principal', '', '', NULL, NULL, NULL, NULL, ''),
(6692, 'Principal', '', '', NULL, NULL, NULL, NULL, ''),
(6693, 'Principal', '', '', NULL, NULL, NULL, NULL, ''),
(6694, 'Principal', '', '', NULL, NULL, NULL, NULL, ''),
(6695, 'Principal', '', '', NULL, NULL, NULL, NULL, ''),
(6696, 'Principal', '', '', NULL, NULL, NULL, NULL, ''),
(6697, 'Principal', '', '', NULL, NULL, NULL, NULL, ''),
(6698, 'Principal', '', '', NULL, NULL, NULL, NULL, ''),
(6699, 'Principal', '', '', NULL, NULL, NULL, NULL, ''),
(6700, 'Principal', '', '', NULL, NULL, NULL, NULL, ''),
(6701, 'Principal', '', '', NULL, NULL, NULL, NULL, ''),
(6702, 'Principal', '', '', NULL, NULL, NULL, NULL, ''),
(6703, 'Principal', '', '', NULL, NULL, NULL, NULL, ''),
(6704, 'NAME', '', '', NULL, NULL, NULL, NULL, ''),
(6705, 'Principal', '', '', NULL, NULL, NULL, NULL, ''),
(6706, 'Principal', '', '', NULL, NULL, NULL, NULL, ''),
(6707, 'Principal', '', '', NULL, NULL, NULL, NULL, ''),
(6708, 'Principal', '', '', NULL, NULL, NULL, NULL, ''),
(6709, 'Principal', '', '', NULL, NULL, NULL, NULL, ''),
(6710, 'NAME', '', '', NULL, NULL, NULL, NULL, ''),
(6711, 'Principal', '', '', NULL, NULL, NULL, NULL, ''),
(6712, 'NAME', '', '', NULL, NULL, NULL, NULL, ''),
(6713, 'Principal', '', '', NULL, NULL, NULL, NULL, ''),
(6714, 'Principal', '', '', NULL, NULL, NULL, NULL, ''),
(6715, 'Principal', '', '', NULL, NULL, NULL, NULL, ''),
(6716, 'Principal', '', '', NULL, NULL, NULL, NULL, ''),
(6717, 'Principal', '', '', NULL, NULL, NULL, NULL, ''),
(6718, 'NAME', '', '', NULL, NULL, NULL, NULL, ''),
(6719, 'hod', '', '', NULL, NULL, NULL, NULL, ''),
(6720, 'password', '', '', NULL, NULL, NULL, NULL, ''),
(6721, 'hod', '', '', NULL, NULL, NULL, NULL, ''),
(6722, 'password', '', '', NULL, NULL, NULL, NULL, ''),
(6723, 'hod', '', '', NULL, NULL, NULL, NULL, ''),
(6724, 'password', '', '', NULL, NULL, NULL, NULL, ''),
(6725, 'Principal', '', '', NULL, NULL, NULL, NULL, ''),
(6726, 'Principal', '', '', NULL, NULL, NULL, NULL, ''),
(6727, 'Principal', '', '', NULL, NULL, NULL, NULL, ''),
(6728, 'Principal', '', '', NULL, NULL, NULL, NULL, ''),
(6729, 'Principal', '', '', NULL, NULL, NULL, NULL, ''),
(6730, 'Principal', '', '', NULL, NULL, NULL, NULL, ''),
(6731, 'Principal', '', '', NULL, NULL, NULL, NULL, ''),
(6732, 'Principal', '', '', NULL, NULL, NULL, NULL, ''),
(6733, 'Principal', '', '', NULL, NULL, NULL, NULL, ''),
(6734, 'Principal', '', '', NULL, NULL, NULL, NULL, ''),
(6735, 'Principal', '', '', NULL, NULL, NULL, NULL, ''),
(6736, 'NAME', '', '', NULL, NULL, NULL, NULL, ''),
(6737, 'hod', '', '', NULL, NULL, NULL, NULL, ''),
(6738, 'password', '', '', NULL, NULL, NULL, NULL, ''),
(6739, 'Principal', '', '', NULL, NULL, NULL, NULL, ''),
(6740, 'Principal', '', '', NULL, NULL, NULL, NULL, ''),
(6741, 'Principal', '', '', NULL, NULL, NULL, NULL, ''),
(6742, 'NAME', '', '', NULL, NULL, NULL, NULL, ''),
(6743, 'Principal', '', '', NULL, NULL, NULL, NULL, ''),
(6744, 'NAME', '', '', NULL, NULL, NULL, NULL, ''),
(6745, 'hod', '', '', NULL, NULL, NULL, NULL, ''),
(6746, 'password', '', '', NULL, NULL, NULL, NULL, ''),
(6747, 'Principal', '', '', NULL, NULL, NULL, NULL, ''),
(6748, 'schools', '', '', NULL, NULL, NULL, NULL, ''),
(6749, 'schools', '', '', NULL, NULL, NULL, NULL, ''),
(6750, 'NAME', '', '', NULL, NULL, NULL, NULL, ''),
(6751, 'Place', '', '', NULL, NULL, NULL, NULL, ''),
(6752, 'Principal', '', '', NULL, NULL, NULL, NULL, ''),
(6753, 'NAME', '', '', NULL, NULL, NULL, NULL, ''),
(6754, 'hod', '', '', NULL, NULL, NULL, NULL, ''),
(6755, 'password', '', '', NULL, NULL, NULL, NULL, ''),
(6756, 'Notes', '', '', NULL, NULL, NULL, NULL, ''),
(6757, 'Notes', '', '', NULL, NULL, NULL, NULL, ''),
(6758, 'Notes', '', '', NULL, NULL, NULL, NULL, ''),
(6759, 'Notes', '', '', NULL, NULL, NULL, NULL, ''),
(6760, 'Principal', '', '', NULL, NULL, NULL, NULL, ''),
(6761, 'Principal', '', '', NULL, NULL, NULL, NULL, ''),
(6762, 'Principal', '', '', NULL, NULL, NULL, NULL, ''),
(6763, 'Principal', '', '', NULL, NULL, NULL, NULL, ''),
(6764, 'Principal', '', '', NULL, NULL, NULL, NULL, ''),
(6765, 'NAME', '', '', NULL, NULL, NULL, NULL, ''),
(6766, 'principal', '', '', NULL, NULL, NULL, NULL, ''),
(6767, 'password', '', '', NULL, NULL, NULL, NULL, ''),
(6768, 'NAME', '', '', NULL, NULL, NULL, NULL, ''),
(6769, 'Notes', '', '', NULL, NULL, NULL, NULL, ''),
(6770, 'Notes', '', '', NULL, NULL, NULL, NULL, ''),
(6771, 'Notes', '', '', NULL, NULL, NULL, NULL, ''),
(6772, 'Notes', '', '', NULL, NULL, NULL, NULL, ''),
(6773, 'Notes', '', '', NULL, NULL, NULL, NULL, ''),
(6774, 'Notes', '', '', NULL, NULL, NULL, NULL, ''),
(6775, 'Notes', '', '', NULL, NULL, NULL, NULL, ''),
(6776, 'Notes', '', '', NULL, NULL, NULL, NULL, '');

-- --------------------------------------------------------

--
-- Table structure for table `libreria`
--

CREATE TABLE `libreria` (
  `libro_id` int(11) NOT NULL,
  `libro_code` longtext CHARACTER SET utf8 COLLATE utf8_unicode_ci NOT NULL,
  `title` longtext CHARACTER SET utf8 COLLATE utf8_unicode_ci NOT NULL,
  `description` longtext CHARACTER SET utf8 COLLATE utf8_unicode_ci NOT NULL,
  `class_id` int(11) NOT NULL,
  `uploader_type` longtext CHARACTER SET utf8 COLLATE utf8_unicode_ci NOT NULL,
  `uploader_id` int(11) NOT NULL,
  `year` longtext CHARACTER SET utf8 COLLATE utf8_unicode_ci NOT NULL,
  `timestamp` longtext CHARACTER SET utf8 COLLATE utf8_unicode_ci NOT NULL,
  `file_name` longtext CHARACTER SET utf8 COLLATE utf8_unicode_ci NOT NULL,
  `subject_id` int(11) DEFAULT NULL,
  `nombre` longtext CHARACTER SET utf8 COLLATE utf8_unicode_ci NOT NULL,
  `autor` longtext CHARACTER SET utf8 COLLATE utf8_unicode_ci NOT NULL
) ENGINE=InnoDB DEFAULT CHARSET=latin1;

-- --------------------------------------------------------

--
-- Table structure for table `mark`
--

CREATE TABLE `mark` (
  `mark_id` int(11) NOT NULL,
  `student_id` int(11) NOT NULL,
  `subject_id` int(11) NOT NULL,
  `class_id` int(11) NOT NULL,
  `section_id` int(11) NOT NULL,
  `exam_id` int(11) NOT NULL,
  `mark_obtained` int(11) NOT NULL DEFAULT '0',
  `mark_total` int(11) NOT NULL DEFAULT '100',
  `comment` longtext COLLATE utf8_unicode_ci,
  `year` longtext COLLATE utf8_unicode_ci NOT NULL,
  `labuno` int(11) NOT NULL DEFAULT '0',
  `labdos` int(11) NOT NULL DEFAULT '0',
  `labtres` int(11) NOT NULL DEFAULT '0',
  `labcuatro` int(11) NOT NULL DEFAULT '0',
  `labcinco` int(11) NOT NULL DEFAULT '0',
  `labseis` int(11) NOT NULL DEFAULT '0',
  `labsiete` int(11) NOT NULL DEFAULT '0',
  `labocho` int(11) NOT NULL DEFAULT '0',
  `labnueve` int(11) NOT NULL DEFAULT '0',
  `labtotal` int(11) NOT NULL DEFAULT '0',
  `final` int(11) NOT NULL DEFAULT '0'
) ENGINE=InnoDB DEFAULT CHARSET=utf8 COLLATE=utf8_unicode_ci;

--
-- Dumping data for table `mark`
--

INSERT INTO `mark` (`mark_id`, `student_id`, `subject_id`, `class_id`, `section_id`, `exam_id`, `mark_obtained`, `mark_total`, `comment`, `year`, `labuno`, `labdos`, `labtres`, `labcuatro`, `labcinco`, `labseis`, `labsiete`, `labocho`, `labnueve`, `labtotal`, `final`) VALUES
(1, 1, 1, 1, 38, 1, 10, 100, 'A+', '2016-2017', 1, 0, 10, 10, 10, 10, 10, 0, 5, 66, 0);

-- --------------------------------------------------------

--
-- Table structure for table `mensaje_reporte`
--

CREATE TABLE `mensaje_reporte` (
  `news_message_id` int(11) NOT NULL,
  `message` longtext COLLATE utf8_unicode_ci NOT NULL,
  `news_id` int(11) NOT NULL,
  `date` longtext COLLATE utf8_unicode_ci NOT NULL,
  `user_type` longtext COLLATE utf8_unicode_ci NOT NULL,
  `user_id` int(11) NOT NULL,
  `message_file_name` longtext COLLATE utf8_unicode_ci NOT NULL
) ENGINE=InnoDB DEFAULT CHARSET=utf8 COLLATE=utf8_unicode_ci;

-- --------------------------------------------------------

--
-- Table structure for table `message`
--

CREATE TABLE `message` (
  `message_id` int(11) NOT NULL,
  `message_thread_code` longtext NOT NULL,
  `message` longtext NOT NULL,
  `sender` longtext NOT NULL,
  `timestamp` longtext NOT NULL,
  `read_status` int(11) NOT NULL DEFAULT '0' COMMENT '0 unread 1 read'
) ENGINE=MyISAM DEFAULT CHARSET=latin1;

--
-- Dumping data for table `message`
--

INSERT INTO `message` (`message_id`, `message_thread_code`, `message`, `sender`, `timestamp`, `read_status`) VALUES
(65, '3130e4eafbbf2a2', 'hi<br>', 'teacher-27', '1525250831', 0),
(66, '27dc1b5fa20c185', 'She is mischievous in the class<br>', 'teacher-1', '1525332010', 1),
(67, '1bbea05a9eff0c3', 'Do the h/w without fail<br>', 'teacher-1', '1525332057', 0),
(68, '27dc1b5fa20c185', 'ok mam i ll take care<br>', 'parent-31', '1525332182', 0),
(69, '5675a36f78d3346', 'ASP<br>', 'parent-31', '1525332207', 1),
(70, '172b905e54901bb', 'hi sir<br>', 'parent-32', '1525332316', 1);

-- --------------------------------------------------------

--
-- Table structure for table `message_thread`
--

CREATE TABLE `message_thread` (
  `message_thread_id` int(11) NOT NULL,
  `message_thread_code` longtext COLLATE utf8_unicode_ci NOT NULL,
  `sender` longtext COLLATE utf8_unicode_ci NOT NULL,
  `reciever` longtext COLLATE utf8_unicode_ci NOT NULL,
  `last_message_timestamp` longtext COLLATE utf8_unicode_ci NOT NULL
) ENGINE=InnoDB DEFAULT CHARSET=utf8 COLLATE=utf8_unicode_ci;

--
-- Dumping data for table `message_thread`
--

INSERT INTO `message_thread` (`message_thread_id`, `message_thread_code`, `sender`, `reciever`, `last_message_timestamp`) VALUES
(30, '3130e4eafbbf2a2', 'teacher-27', 'parent-28', ''),
(31, '27dc1b5fa20c185', 'teacher-1', 'parent-31', ''),
(32, '1bbea05a9eff0c3', 'teacher-1', 'student-1', ''),
(33, '5675a36f78d3346', 'parent-31', 'admin-1', ''),
(34, '172b905e54901bb', 'parent-32', 'admin-1', '');

-- --------------------------------------------------------

--
-- Table structure for table `news`
--

CREATE TABLE `news` (
  `news_id` int(11) NOT NULL,
  `news_code` longtext COLLATE utf8_unicode_ci NOT NULL,
  `title` longtext COLLATE utf8_unicode_ci NOT NULL,
  `description` longtext COLLATE utf8_unicode_ci NOT NULL,
  `news_status` int(11) NOT NULL DEFAULT '1' COMMENT '1 for running, 0 for archived'
) ENGINE=MyISAM DEFAULT CHARSET=utf8 COLLATE=utf8_unicode_ci;

--
-- Dumping data for table `news`
--

INSERT INTO `news` (`news_id`, `news_code`, `title`, `description`, `news_status`) VALUES
(44, '3b65af07f1', 'Week end activity', 'sample', 1);

-- --------------------------------------------------------

--
-- Table structure for table `news_teacher`
--

CREATE TABLE `news_teacher` (
  `notice_id` int(11) NOT NULL,
  `notice_code` longtext CHARACTER SET utf8 COLLATE utf8_unicode_ci NOT NULL,
  `title` longtext CHARACTER SET utf8 COLLATE utf8_unicode_ci NOT NULL,
  `description` longtext CHARACTER SET utf8 COLLATE utf8_unicode_ci NOT NULL,
  `notice_status` int(11) NOT NULL DEFAULT '1'
) ENGINE=InnoDB DEFAULT CHARSET=latin1;

-- --------------------------------------------------------

--
-- Table structure for table `notice_message`
--

CREATE TABLE `notice_message` (
  `notice_message_id` int(11) NOT NULL,
  `message` longtext CHARACTER SET utf8 COLLATE utf8_unicode_ci NOT NULL,
  `notice_id` int(11) NOT NULL,
  `date` longtext CHARACTER SET utf8 COLLATE utf8_unicode_ci NOT NULL,
  `user_type` longtext CHARACTER SET utf8 COLLATE utf8_unicode_ci NOT NULL,
  `user_id` int(11) NOT NULL,
  `message_file_name` longtext CHARACTER SET utf8 COLLATE utf8_unicode_ci NOT NULL
) ENGINE=InnoDB DEFAULT CHARSET=latin1;

-- --------------------------------------------------------

--
-- Table structure for table `online_exam`
--

CREATE TABLE `online_exam` (
  `exam_id` bigint(20) NOT NULL,
  `name` varchar(200) DEFAULT NULL,
  `class_id` bigint(20) DEFAULT NULL,
  `subject_ids` text,
  `maximum_attempts` int(11) DEFAULT NULL,
  `duration` int(11) DEFAULT NULL,
  `exam_date` date DEFAULT NULL,
  `mark_type` int(11) DEFAULT NULL,
  `pass_percentage` float DEFAULT NULL,
  `correct_score` float DEFAULT NULL,
  `incorrect_score` float DEFAULT NULL,
  `random_question` int(11) DEFAULT NULL,
  `ispublish` int(11) DEFAULT NULL,
  `status` bigint(20) DEFAULT NULL,
  `group_id` bigint(20) DEFAULT NULL,
  `qids` text,
  `noq` int(11) DEFAULT NULL,
  `question_selection` int(11) DEFAULT NULL,
  `start_date` int(11) DEFAULT NULL,
  `end_date` int(11) DEFAULT NULL,
  `ip_address` text,
  `view_answer` int(11) DEFAULT NULL,
  `camera_req` int(11) DEFAULT NULL,
  `gen_certificate` int(11) DEFAULT NULL,
  `certificate_text` text
) ENGINE=InnoDB DEFAULT CHARSET=latin1;

--
-- Dumping data for table `online_exam`
--

INSERT INTO `online_exam` (`exam_id`, `name`, `class_id`, `subject_ids`, `maximum_attempts`, `duration`, `exam_date`, `mark_type`, `pass_percentage`, `correct_score`, `incorrect_score`, `random_question`, `ispublish`, `status`, `group_id`, `qids`, `noq`, `question_selection`, `start_date`, `end_date`, `ip_address`, `view_answer`, `camera_req`, `gen_certificate`, `certificate_text`) VALUES
(1, 'mock test - I (Full Portion)', 12, '7,8,10', 1, 180, '2019-04-11', 1, 33, 1, 0.5, NULL, 1, NULL, 4, '1,2,3,4,5,6,7,8,9,10,11,12,13,14,15,16,17,18,19,20,21,22,23,24,25,26,27,28,29,30,31,32,33,34,35,36,37,38,39,40,41,42,43,44,45,46,47,48,49,50,51,52,53,54,55,56,57,58,59,60,61,62,63,64,65,66,67,68,69,70,71,72,73,74,75,76,77,78,79,80,81,82,83,84,85,86,87,88,181,182,90,91,92,93,94,95,96,97,98,99,100,101,102,103,104,105,106,107,108,109,110,111,112,113,114,115,116,117,118,119,120,121,122,123,124,125,126,127,128,129,130,131,132,133,134,135,136,137,138,139,140,141,142,143,144,145,146,147,148,149,150,151,152,153,154,155,156,157,158,160,161,162,163,164,165,166,167,168,169,170,171,172,173,174,175,176,177,178,179,180', 180, 0, 1554960709, 1557552709, '123-965-869-52', 1, NULL, NULL, NULL),
(2, 'phy mock', 12, '8', 1, 60, '2019-04-12', 1, 33, 1, 0.5, NULL, 1, NULL, 4, '1,2,3,4,5,6,7,8,9,10,11,12,13,14,15,16,17,18,19,20,21,22,23,24,25,26,27,28,29,30,31,32,33,34,35,36,37,38,39,40,41,42,43,44,45', 45, 0, 1555045861, 1557637861, '123-526-896-356', 1, NULL, NULL, NULL);

-- --------------------------------------------------------

--
-- Table structure for table `online_exam_questions`
--

CREATE TABLE `online_exam_questions` (
  `exam_question_id` bigint(20) NOT NULL,
  `exam_id` bigint(20) DEFAULT NULL,
  `question_id` bigint(20) DEFAULT NULL,
  `topic_id` int(11) DEFAULT NULL
) ENGINE=InnoDB DEFAULT CHARSET=latin1;

-- --------------------------------------------------------

--
-- Table structure for table `pages`
--

CREATE TABLE `pages` (
  `page_id` int(11) NOT NULL,
  `title` longtext CHARACTER SET utf8 COLLATE utf8_unicode_ci NOT NULL,
  `description` longtext CHARACTER SET utf8 COLLATE utf8_unicode_ci NOT NULL,
  `timestamp` longtext CHARACTER SET utf8 COLLATE utf8_unicode_ci NOT NULL
) ENGINE=InnoDB DEFAULT CHARSET=latin1;

-- --------------------------------------------------------

--
-- Table structure for table `payment`
--

CREATE TABLE `payment` (
  `payment_id` int(11) NOT NULL,
  `expense_category_id` int(11) NOT NULL,
  `title` longtext COLLATE utf8_unicode_ci NOT NULL,
  `payment_type` longtext COLLATE utf8_unicode_ci NOT NULL,
  `invoice_id` int(11) NOT NULL,
  `student_id` int(11) NOT NULL,
  `method` longtext COLLATE utf8_unicode_ci NOT NULL,
  `description` longtext COLLATE utf8_unicode_ci NOT NULL,
  `amount` longtext COLLATE utf8_unicode_ci NOT NULL,
  `timestamp` longtext COLLATE utf8_unicode_ci NOT NULL,
  `year` longtext COLLATE utf8_unicode_ci NOT NULL
) ENGINE=MyISAM DEFAULT CHARSET=utf8 COLLATE=utf8_unicode_ci;

-- --------------------------------------------------------

--
-- Table structure for table `poa`
--

CREATE TABLE `poa` (
  `id_poa` int(11) NOT NULL,
  `titulo` longtext CHARACTER SET utf8 COLLATE utf8_unicode_ci NOT NULL,
  `descripcion` longtext CHARACTER SET utf8 COLLATE utf8_unicode_ci NOT NULL,
  `nombre_archivo` longtext CHARACTER SET utf8 COLLATE utf8_unicode_ci NOT NULL,
  `tipo_archivo` longtext CHARACTER SET utf8 COLLATE utf8_unicode_ci NOT NULL,
  `timestamp` longtext CHARACTER SET utf8 COLLATE utf8_unicode_ci NOT NULL
) ENGINE=InnoDB DEFAULT CHARSET=latin1;

--
-- Dumping data for table `poa`
--

INSERT INTO `poa` (`id_poa`, `titulo`, `descripcion`, `nombre_archivo`, `tipo_archivo`, `timestamp`) VALUES
(1, 'Solar System', 'worksheet', '1-sample_download.pdf', 'pdf', '1525903200');

-- --------------------------------------------------------

--
-- Table structure for table `principal`
--

CREATE TABLE `principal` (
  `principal_id` int(11) NOT NULL,
  `name` longtext COLLATE utf8_unicode_ci NOT NULL,
  `email` longtext COLLATE utf8_unicode_ci NOT NULL,
  `password` longtext COLLATE utf8_unicode_ci NOT NULL,
  `password_text` varchar(200) COLLATE utf8_unicode_ci NOT NULL,
  `phone` longtext COLLATE utf8_unicode_ci NOT NULL,
  `address` longtext COLLATE utf8_unicode_ci NOT NULL,
  `username` longtext COLLATE utf8_unicode_ci NOT NULL,
  `school_id` int(11) NOT NULL,
  `acd_year_id` int(11) NOT NULL
) ENGINE=MyISAM DEFAULT CHARSET=utf8 COLLATE=utf8_unicode_ci;

--
-- Dumping data for table `principal`
--

INSERT INTO `principal` (`principal_id`, `name`, `email`, `password`, `password_text`, `phone`, `address`, `username`, `school_id`, `acd_year_id`) VALUES
(1, 'Sakthivel Murugan', '', '88ea39439e74fa27c09a4fc0bc8ebe6d00978392', '123123123', '', '', 'sakthi', 2, 1),
(2, 'Mrs.Selvi', '', '88ea39439e74fa27c09a4fc0bc8ebe6d00978392', '123123123', '', '', 'selvi', 1, 1),
(4, 'Mr.Chandra Sekar', '', '88ea39439e74fa27c09a4fc0bc8ebe6d00978392', '123123123', '', '', 'sekar', 3, 1);

-- --------------------------------------------------------

--
-- Table structure for table `questions`
--

CREATE TABLE `questions` (
  `question_id` int(11) NOT NULL,
  `qb_id` bigint(11) NOT NULL,
  `question` longtext CHARACTER SET utf8 COLLATE utf8_unicode_ci NOT NULL,
  `option1` longtext CHARACTER SET utf8 COLLATE utf8_unicode_ci NOT NULL,
  `option2` longtext CHARACTER SET utf8 COLLATE utf8_unicode_ci NOT NULL,
  `option3` longtext CHARACTER SET utf8 COLLATE utf8_unicode_ci NOT NULL,
  `option4` longtext CHARACTER SET utf8 COLLATE utf8_unicode_ci NOT NULL,
  `correctanswer` longtext CHARACTER SET utf8 COLLATE utf8_unicode_ci NOT NULL,
  `marks` int(11) NOT NULL,
  `status` bigint(20) DEFAULT NULL,
  `level` bigint(20) DEFAULT NULL,
  `question_order` bigint(20) DEFAULT NULL,
  `upload_flag` int(11) DEFAULT NULL,
  `answer_type` bigint(20) DEFAULT NULL,
  `is_qbulk` int(11) DEFAULT NULL
) ENGINE=InnoDB DEFAULT CHARSET=latin1;

--
-- Dumping data for table `questions`
--

INSERT INTO `questions` (`question_id`, `qb_id`, `question`, `option1`, `option2`, `option3`, `option4`, `correctanswer`, `marks`, `status`, `level`, `question_order`, `upload_flag`, `answer_type`, `is_qbulk`) VALUES
(1, 1, '1.jpg', '', '', '', '', '3', 0, 1, 1, 1, NULL, 1, 1),
(2, 1, '2.jpg', '', '', '', '', '3', 0, 1, 1, 1, NULL, 1, 1),
(3, 1, '3.jpg', '', '', '', '', '3', 0, 1, 1, 1, NULL, 1, 1),
(4, 1, '4.jpg', '', '', '', '', '3', 0, 1, 1, 1, NULL, 1, 1),
(5, 1, '5.jpg', '', '', '', '', '3', 0, 1, 1, 1, NULL, 1, 1),
(6, 1, '6.jpg', '', '', '', '', '1', 0, 1, 1, 2, NULL, 1, 1),
(7, 1, '7.jpg', '', '', '', '', '1', 0, 1, 1, 2, NULL, 1, 1),
(8, 1, '8.jpg', '', '', '', '', '1', 0, 1, 1, 2, NULL, 1, 1),
(9, 1, '9.jpg', '', '', '', '', '2', 0, 1, 1, 3, NULL, 1, 1),
(10, 1, '10.jpg', '', '', '', '', '2', 0, 1, 1, 3, NULL, 1, 1),
(11, 1, '11.jpg', '', '', '', '', '2', 0, 1, 1, 3, NULL, 1, 1),
(12, 1, '12.jpg', '', '', '', '', '2', 0, 1, 1, 3, NULL, 1, 1),
(13, 1, '13.jpg', '', '', '', '', '2', 0, 1, 1, 3, NULL, 1, 1),
(14, 1, '14.jpg', '', '', '', '', '2', 0, 1, 1, 3, NULL, 1, 1),
(15, 1, '15.jpg', '', '', '', '', '2', 0, 1, 1, 3, NULL, 1, 1),
(16, 1, '16.jpg', '', '', '', '', '4', 0, 1, 1, 4, NULL, 1, 1),
(17, 1, '17.jpg', '', '', '', '', '4', 0, 1, 1, 4, NULL, 1, 1),
(18, 1, '18.jpg', '', '', '', '', '4', 0, 1, 1, 4, NULL, 1, 1),
(19, 1, '19.jpg', '', '', '', '', '4', 0, 1, 1, 4, NULL, 1, 1),
(20, 1, '20.jpg', '', '', '', '', '4', 0, 1, 1, 4, NULL, 1, 1),
(21, 1, '21.jpg', '', '', '', '', '4', 0, 1, 1, 5, NULL, 1, 1),
(22, 1, '22.jpg', '', '', '', '', '4', 0, 1, 1, 5, NULL, 1, 1),
(23, 1, '23.jpg', '', '', '', '', '4', 0, 1, 1, 5, NULL, 1, 1),
(24, 1, '24.jpg', '', '', '', '', '3', 0, 1, 1, 6, NULL, 1, 1),
(25, 1, '25.jpg', '', '', '', '', '3', 0, 1, 1, 6, NULL, 1, 1),
(26, 1, '26.jpg', '', '', '', '', '3', 0, 1, 1, 6, NULL, 1, 1),
(27, 1, '27.jpg', '', '', '', '', '3', 0, 1, 1, 6, NULL, 1, 1),
(28, 1, '28.jpg', '', '', '', '', '3', 0, 1, 1, 6, NULL, 1, 1),
(29, 1, '29.jpg', '', '', '', '', '3', 0, 1, 1, 6, NULL, 1, 1),
(30, 1, '30.jpg', '', '', '', '', '3', 0, 1, 1, 6, NULL, 1, 1),
(31, 1, '31.jpg', '', '', '', '', '1', 0, 1, 1, 7, NULL, 1, 1),
(32, 1, '32.jpg', '', '', '', '', '1', 0, 1, 1, 7, NULL, 1, 1),
(33, 1, '33.jpg', '', '', '', '', '1', 0, 1, 1, 7, NULL, 1, 1),
(34, 1, '34.jpg', '', '', '', '', '1', 0, 1, 1, 7, NULL, 1, 1),
(35, 1, '35.jpg', '', '', '', '', '1', 0, 1, 1, 7, NULL, 1, 1),
(36, 1, '36.jpg', '', '', '', '', '1', 0, 1, 1, 7, NULL, 1, 1),
(37, 1, '37.jpg', '', '', '', '', '1', 0, 1, 1, 7, NULL, 1, 1),
(38, 1, '38.jpg', '', '', '', '', '2', 0, 1, 1, 8, NULL, 1, 1),
(39, 1, '39.jpg', '', '', '', '', '2', 0, 1, 1, 8, NULL, 1, 1),
(40, 1, '40.jpg', '', '', '', '', '2', 0, 1, 1, 8, NULL, 1, 1),
(41, 1, '41.jpg', '', '', '', '', '4', 0, 1, 1, 9, NULL, 1, 1),
(42, 1, '42.jpg', '', '', '', '', '4', 0, 1, 1, 9, NULL, 1, 1),
(43, 1, '43.jpg', '', '', '', '', '1', 0, 1, 1, 10, NULL, 1, 1),
(44, 1, '44.jpg', '', '', '', '', '1', 0, 1, 1, 10, NULL, 1, 1),
(45, 1, '45.jpg', '', '', '', '', '2', 0, 1, 1, 11, NULL, 1, 1),
(46, 2, '46.jpg', '', '', '', '', '2', 0, 1, 1, 12, NULL, 1, 1),
(47, 2, '47.jpg', '', '', '', '', '2', 0, 1, 1, 12, NULL, 1, 1),
(48, 2, '48.jpg', '', '', '', '', '2', 0, 1, 1, 12, NULL, 1, 1),
(49, 2, '49.jpg', '', '', '', '', '2', 0, 1, 1, 12, NULL, 1, 1),
(50, 2, '50.jpg', '', '', '', '', '2', 0, 1, 1, 12, NULL, 1, 1),
(51, 2, '51.jpg', '', '', '', '', '2', 0, 1, 1, 12, NULL, 1, 1),
(52, 2, '52.jpg', '', '', '', '', '2', 0, 1, 1, 12, NULL, 1, 1),
(53, 2, '53.jpg', '', '', '', '', '2', 0, 1, 1, 12, NULL, 1, 1),
(54, 2, '54.jpg', '', '', '', '', '2', 0, 1, 1, 12, NULL, 1, 1),
(55, 2, '55.jpg', '', '', '', '', '2', 0, 1, 1, 12, NULL, 1, 1),
(56, 2, '56.jpg', '', '', '', '', '2', 0, 1, 1, 12, NULL, 1, 1),
(57, 2, '57.jpg', '', '', '', '', '2', 0, 1, 1, 12, NULL, 1, 1),
(58, 2, '58.jpg', '', '', '', '', '2', 0, 1, 1, 12, NULL, 1, 1),
(59, 2, '59.jpg', '', '', '', '', '2', 0, 1, 1, 12, NULL, 1, 1),
(60, 2, '60.jpg', '', '', '', '', '2', 0, 1, 1, 12, NULL, 1, 1),
(61, 2, '61.jpg', '', '', '', '', '1', 0, 1, 1, 13, NULL, 1, 1),
(62, 2, '62.jpg', '', '', '', '', '1', 0, 1, 1, 13, NULL, 1, 1),
(63, 2, '63.jpg', '', '', '', '', '1', 0, 1, 1, 13, NULL, 1, 1),
(64, 2, '64.jpg', '', '', '', '', '1', 0, 1, 1, 13, NULL, 1, 1),
(65, 2, '65.jpg', '', '', '', '', '1', 0, 1, 1, 13, NULL, 1, 1),
(66, 2, '66.jpg', '', '', '', '', '1', 0, 1, 1, 13, NULL, 1, 1),
(67, 2, '67.jpg', '', '', '', '', '1', 0, 1, 1, 13, NULL, 1, 1),
(68, 2, '68.jpg', '', '', '', '', '1', 0, 1, 1, 13, NULL, 1, 1),
(69, 2, '69.jpg', '', '', '', '', '4', 0, 1, 1, 14, NULL, 1, 1),
(70, 2, '70.jpg', '', '', '', '', '4', 0, 1, 1, 14, NULL, 1, 1),
(71, 2, '71.jpg', '', '', '', '', '4', 0, 1, 1, 14, NULL, 1, 1),
(72, 2, '72.jpg', '', '', '', '', '4', 0, 1, 1, 14, NULL, 1, 1),
(73, 2, '73.jpg', '', '', '', '', '4', 0, 1, 1, 14, NULL, 1, 1),
(74, 2, '74.jpg', '', '', '', '', '4', 0, 1, 1, 14, NULL, 1, 1),
(75, 2, '75.jpg', '', '', '', '', '4', 0, 1, 1, 14, NULL, 1, 1),
(76, 2, '76.jpg', '', '', '', '', '4', 0, 1, 1, 14, NULL, 1, 1),
(77, 2, '77.jpg', '', '', '', '', '3', 0, 1, 1, 15, NULL, 1, 1),
(78, 2, '78.jpg', '', '', '', '', '3', 0, 1, 1, 15, NULL, 1, 1),
(79, 2, '79.jpg', '', '', '', '', '3', 0, 1, 1, 15, NULL, 1, 1),
(80, 2, '80.jpg', '', '', '', '', '3', 0, 1, 1, 15, NULL, 1, 1),
(81, 2, '81.jpg', '', '', '', '', '3', 0, 1, 1, 15, NULL, 1, 1),
(82, 2, '82.jpg', '', '', '', '', '3', 0, 1, 1, 15, NULL, 1, 1),
(83, 2, '83.jpg', '', '', '', '', '3', 0, 1, 1, 15, NULL, 1, 1),
(84, 2, '84.jpg', '', '', '', '', '3', 0, 1, 1, 15, NULL, 1, 1),
(85, 2, '85.jpg', '', '', '', '', '3', 0, 1, 1, 15, NULL, 1, 1),
(86, 2, '86.jpg', '', '', '', '', '3', 0, 1, 1, 15, NULL, 1, 1),
(87, 2, '87.jpg', '', '', '', '', '3', 0, 1, 1, 15, NULL, 1, 1),
(88, 2, '88.jpg', '', '', '', '', '3', 0, 1, 1, 15, NULL, 1, 1),
(90, 3, '90.jpg', '', '', '', '', '2', 0, 1, 1, 17, NULL, 1, 1),
(91, 3, '91.jpg', '', '', '', '', '2', 0, 1, 1, 17, NULL, 1, 1),
(92, 3, '92.jpg', '', '', '', '', '2', 0, 1, 1, 17, NULL, 1, 1),
(93, 3, '93.jpg', '', '', '', '', '2', 0, 1, 1, 17, NULL, 1, 1),
(94, 3, '94.jpg', '', '', '', '', '2', 0, 1, 1, 17, NULL, 1, 1),
(95, 3, '95.jpg', '', '', '', '', '2', 0, 1, 1, 17, NULL, 1, 1),
(96, 3, '96.jpg', '', '', '', '', '2', 0, 1, 1, 17, NULL, 1, 1),
(97, 3, '97.jpg', '', '', '', '', '2', 0, 1, 1, 17, NULL, 1, 1),
(98, 3, '98.jpg', '', '', '', '', '2', 0, 1, 1, 17, NULL, 1, 1),
(99, 3, '99.jpg', '', '', '', '', '2', 0, 1, 1, 17, NULL, 1, 1),
(100, 3, '100.jpg', '', '', '', '', '2', 0, 1, 1, 17, NULL, 1, 1),
(101, 3, '101.jpg', '', '', '', '', '2', 0, 1, 1, 17, NULL, 1, 1),
(102, 3, '102.jpg', '', '', '', '', '2', 0, 1, 1, 17, NULL, 1, 1),
(103, 3, '103.jpg', '', '', '', '', '2', 0, 1, 1, 17, NULL, 1, 1),
(104, 3, '104.jpg', '', '', '', '', '2', 0, 1, 1, 17, NULL, 1, 1),
(105, 3, '105.jpg', '', '', '', '', '2', 0, 1, 1, 17, NULL, 1, 1),
(106, 3, '106.jpg', '', '', '', '', '2', 0, 1, 1, 17, NULL, 1, 1),
(107, 3, '107.jpg', '', '', '', '', '2', 0, 1, 1, 17, NULL, 1, 1),
(108, 3, '108.jpg', '', '', '', '', '2', 0, 1, 1, 17, NULL, 1, 1),
(109, 3, '109.jpg', '', '', '', '', '2', 0, 1, 1, 17, NULL, 1, 1),
(110, 3, '110.jpg', '', '', '', '', '2', 0, 1, 1, 18, NULL, 1, 1),
(111, 3, '111.jpg', '', '', '', '', '2', 0, 1, 1, 18, NULL, 1, 1),
(112, 3, '112.jpg', '', '', '', '', '2', 0, 1, 1, 18, NULL, 1, 1),
(113, 3, '113.jpg', '', '', '', '', '3', 0, 1, 1, 19, NULL, 1, 1),
(114, 3, '114.jpg', '', '', '', '', '3', 0, 1, 1, 19, NULL, 1, 1),
(115, 3, '115.jpg', '', '', '', '', '3', 0, 1, 1, 19, NULL, 1, 1),
(116, 3, '116.jpg', '', '', '', '', '3', 0, 1, 1, 19, NULL, 1, 1),
(117, 3, '117.jpg', '', '', '', '', '3', 0, 1, 1, 19, NULL, 1, 1),
(118, 3, '118.jpg', '', '', '', '', '3', 0, 1, 1, 19, NULL, 1, 1),
(119, 3, '119.jpg', '', '', '', '', '3', 0, 1, 1, 19, NULL, 1, 1),
(120, 3, '120.jpg', '', '', '', '', '3', 0, 1, 1, 19, NULL, 1, 1),
(121, 3, '121.jpg', '', '', '', '', '3', 0, 1, 1, 19, NULL, 1, 1),
(122, 3, '122.jpg', '', '', '', '', '3', 0, 1, 1, 19, NULL, 1, 1),
(123, 3, '123.jpg', '', '', '', '', '3', 0, 1, 1, 19, NULL, 1, 1),
(124, 3, '124.jpg', '', '', '', '', '3', 0, 1, 1, 19, NULL, 1, 1),
(125, 3, '125.jpg', '', '', '', '', '3', 0, 1, 1, 19, NULL, 1, 1),
(126, 3, '126.jpg', '', '', '', '', '3', 0, 1, 1, 19, NULL, 1, 1),
(127, 3, '127.jpg', '', '', '', '', '3', 0, 1, 1, 19, NULL, 1, 1),
(128, 3, '128.jpg', '', '', '', '', '3', 0, 1, 1, 19, NULL, 1, 1),
(129, 3, '129.jpg', '', '', '', '', '3', 0, 1, 1, 19, NULL, 1, 1),
(130, 3, '130.jpg', '', '', '', '', '3', 0, 1, 1, 20, NULL, 1, 1),
(131, 3, '131.jpg', '', '', '', '', '3', 0, 1, 1, 20, NULL, 1, 1),
(132, 3, '132.jpg', '', '', '', '', '3', 0, 1, 1, 20, NULL, 1, 1),
(133, 3, '133.jpg', '', '', '', '', '3', 0, 1, 1, 20, NULL, 1, 1),
(134, 3, '134.jpg', '', '', '', '', '3', 0, 1, 1, 20, NULL, 1, 1),
(135, 3, '135.jpg', '', '', '', '', '3', 0, 1, 1, 20, NULL, 1, 1),
(136, 3, '136.jpg', '', '', '', '', '3', 0, 1, 1, 20, NULL, 1, 1),
(137, 3, '137.jpg', '', '', '', '', '3', 0, 1, 1, 20, NULL, 1, 1),
(138, 3, '138.jpg', '', '', '', '', '3', 0, 1, 1, 20, NULL, 1, 1),
(139, 3, '139.jpg', '', '', '', '', '4', 0, 1, 1, 21, NULL, 1, 1),
(140, 3, '140.jpg', '', '', '', '', '4', 0, 1, 1, 21, NULL, 1, 1),
(141, 3, '141.jpg', '', '', '', '', '4', 0, 1, 1, 21, NULL, 1, 1),
(142, 3, '142.jpg', '', '', '', '', '4', 0, 1, 1, 21, NULL, 1, 1),
(143, 3, '143.jpg', '', '', '', '', '4', 0, 1, 1, 21, NULL, 1, 1),
(144, 3, '144.jpg', '', '', '', '', '4', 0, 1, 1, 21, NULL, 1, 1),
(145, 3, '145.jpg', '', '', '', '', '4', 0, 1, 1, 21, NULL, 1, 1),
(146, 3, '146.jpg', '', '', '', '', '4', 0, 1, 1, 21, NULL, 1, 1),
(147, 3, '147.jpg', '', '', '', '', '4', 0, 1, 1, 21, NULL, 1, 1),
(148, 3, '148.jpg', '', '', '', '', '4', 0, 1, 1, 21, NULL, 1, 1),
(149, 3, '149.jpg', '', '', '', '', '4', 0, 1, 1, 21, NULL, 1, 1),
(150, 3, '150.jpg', '', '', '', '', '4', 0, 1, 1, 21, NULL, 1, 1),
(151, 3, '151.jpg', '', '', '', '', '4', 0, 1, 1, 21, NULL, 1, 1),
(152, 3, '152.jpg', '', '', '', '', '4', 0, 1, 1, 21, NULL, 1, 1),
(153, 3, '153.jpg', '', '', '', '', '4', 0, 1, 1, 21, NULL, 1, 1),
(154, 3, '154.jpg', '', '', '', '', '4', 0, 1, 1, 21, NULL, 1, 1),
(155, 3, '155.jpg', '', '', '', '', '4', 0, 1, 1, 21, NULL, 1, 1),
(156, 3, '156.jpg', '', '', '', '', '4', 0, 1, 1, 21, NULL, 1, 1),
(157, 3, '157.jpg', '', '', '', '', '2', 0, 1, 1, 21, NULL, 1, 1),
(158, 3, '158.jpg', '', '', '', '', '4', 0, 1, 1, 21, NULL, 1, 1),
(160, 3, '160.jpg', '', '', '', '', '4', 0, 1, 1, 22, NULL, 1, 1),
(161, 3, '161.jpg', '', '', '', '', '4', 0, 1, 1, 22, NULL, 1, 1),
(162, 3, '162.jpg', '', '', '', '', '4', 0, 1, 1, 22, NULL, 1, 1),
(163, 3, '163.jpg', '', '', '', '', '4', 0, 1, 1, 22, NULL, 1, 1),
(164, 3, '164.jpg', '', '', '', '', '1', 0, 1, 1, 23, NULL, 1, 1),
(165, 3, '165.jpg', '', '', '', '', '1', 0, 1, 1, 23, NULL, 1, 1),
(166, 3, '166.jpg', '', '', '', '', '1', 0, 1, 1, 23, NULL, 1, 1),
(167, 3, '167.jpg', '', '', '', '', '1', 0, 1, 1, 23, NULL, 1, 1),
(168, 3, '168.jpg', '', '', '', '', '1', 0, 1, 1, 23, NULL, 1, 1),
(169, 3, '169.jpg', '', '', '', '', '1', 0, 1, 1, 23, NULL, 1, 1),
(170, 3, '170.jpg', '', '', '', '', '1', 0, 1, 1, 23, NULL, 1, 1),
(171, 3, '171.jpg', '', '', '', '', '1', 0, 1, 1, 23, NULL, 1, 1),
(172, 3, '172.jpg', '', '', '', '', '1', 0, 1, 1, 23, NULL, 1, 1),
(173, 3, '173.jpg', '', '', '', '', '1', 0, 1, 1, 23, NULL, 1, 1),
(174, 3, '174.jpg', '', '', '', '', '1', 0, 1, 1, 23, NULL, 1, 1),
(175, 3, '175.jpg', '', '', '', '', '1', 0, 1, 1, 23, NULL, 1, 1),
(176, 3, '176.jpg', '', '', '', '', '1', 0, 1, 1, 23, NULL, 1, 1),
(177, 3, '177.jpg', '', '', '', '', '1', 0, 1, 1, 23, NULL, 1, 1),
(178, 3, '178.jpg', '', '', '', '', '1', 0, 1, 1, 23, NULL, 1, 1),
(179, 3, '179.jpg', '', '', '', '', '1', 0, 1, 1, 23, NULL, 1, 1),
(180, 3, '180.jpg', '', '', '', '', '1', 0, 1, 1, 23, NULL, 1, 1),
(181, 2, '181.jpg', '', '', '', '', '4', 0, 1, 1, 24, NULL, NULL, 1),
(182, 2, '182.jpg', '', '', '', '', '2', 0, 1, 1, 25, NULL, NULL, 1);

-- --------------------------------------------------------

--
-- Table structure for table `question_bank`
--

CREATE TABLE `question_bank` (
  `qb_id` bigint(20) NOT NULL,
  `name` varchar(100) DEFAULT NULL,
  `sub_topic_id` int(11) DEFAULT NULL,
  `question_type_id` int(11) DEFAULT NULL,
  `status` int(11) DEFAULT NULL
) ENGINE=InnoDB DEFAULT CHARSET=latin1;

--
-- Dumping data for table `question_bank`
--

INSERT INTO `question_bank` (`qb_id`, `name`, `sub_topic_id`, `question_type_id`, `status`) VALUES
(1, 'set_29march19', 22, 1, 1),
(2, 'mock test 1', 23, 1, 1),
(3, 'set1', 24, 1, 1);

-- --------------------------------------------------------

--
-- Table structure for table `question_level`
--

CREATE TABLE `question_level` (
  `level_id` bigint(20) NOT NULL,
  `name` varchar(250) DEFAULT NULL,
  `active_flag` smallint(6) DEFAULT NULL
) ENGINE=InnoDB DEFAULT CHARSET=latin1;

--
-- Dumping data for table `question_level`
--

INSERT INTO `question_level` (`level_id`, `name`, `active_flag`) VALUES
(1, 'HOT', NULL),
(2, 'LOW', NULL),
(4, 'Medium', NULL),
(5, 'Hard', NULL),
(7, 'easy', NULL);

-- --------------------------------------------------------

--
-- Table structure for table `question_type`
--

CREATE TABLE `question_type` (
  `type_id` int(11) NOT NULL,
  `name` varchar(200) DEFAULT NULL,
  `active_flag` int(11) DEFAULT NULL
) ENGINE=InnoDB DEFAULT CHARSET=latin1;

--
-- Dumping data for table `question_type`
--

INSERT INTO `question_type` (`type_id`, `name`, `active_flag`) VALUES
(1, 'Objective Type', NULL),
(2, 'Descriptive Type', NULL);

-- --------------------------------------------------------

--
-- Table structure for table `quiz_question`
--

CREATE TABLE `quiz_question` (
  `question_id` bigint(20) NOT NULL,
  `question` text,
  `qb_id` bigint(20) DEFAULT NULL,
  `option1` text,
  `option2` text,
  `option3` text,
  `option4` text,
  `answer_type` int(11) DEFAULT NULL,
  `answers` text,
  `flag` int(11) DEFAULT NULL
) ENGINE=InnoDB DEFAULT CHARSET=latin1;

-- --------------------------------------------------------

--
-- Table structure for table `reference_notes`
--

CREATE TABLE `reference_notes` (
  `notes_id` bigint(20) NOT NULL,
  `hod_id` bigint(20) NOT NULL,
  `name` varchar(200) NOT NULL,
  `status` int(11) NOT NULL,
  `class_id` bigint(20) NOT NULL,
  `date` date NOT NULL,
  `acd_year_id` int(11) NOT NULL,
  `open_flag` int(11) DEFAULT NULL
) ENGINE=InnoDB DEFAULT CHARSET=latin1;

--
-- Dumping data for table `reference_notes`
--

INSERT INTO `reference_notes` (`notes_id`, `hod_id`, `name`, `status`, `class_id`, `date`, `acd_year_id`, `open_flag`) VALUES
(12, 1, 'quiz', 4, 5, '2018-08-14', 5, 1),
(13, 1, 'Quiz123', 4, 4, '2018-08-16', 5, 1);

-- --------------------------------------------------------

--
-- Table structure for table `reporte_alumnos`
--

CREATE TABLE `reporte_alumnos` (
  `report_id` int(11) NOT NULL,
  `title` longtext CHARACTER SET utf8 COLLATE utf8_unicode_ci NOT NULL,
  `report_code` longtext CHARACTER SET utf8 COLLATE utf8_unicode_ci NOT NULL,
  `priority` longtext CHARACTER SET utf8 COLLATE utf8_unicode_ci NOT NULL,
  `description` longtext CHARACTER SET utf8 COLLATE utf8_unicode_ci NOT NULL,
  `student_id` int(11) NOT NULL,
  `teacher_id` int(11) NOT NULL,
  `timestamp` longtext CHARACTER SET utf8 COLLATE utf8_unicode_ci NOT NULL
) ENGINE=InnoDB DEFAULT CHARSET=latin1;

-- --------------------------------------------------------

--
-- Table structure for table `reporte_mensaje`
--

CREATE TABLE `reporte_mensaje` (
  `report_message_id` int(11) NOT NULL,
  `report_code` longtext CHARACTER SET utf8 COLLATE utf8_unicode_ci NOT NULL,
  `message` longtext CHARACTER SET utf8 COLLATE utf8_unicode_ci NOT NULL,
  `file` longtext CHARACTER SET utf8 COLLATE utf8_unicode_ci NOT NULL,
  `sender_type` longtext CHARACTER SET utf8 COLLATE utf8_unicode_ci NOT NULL,
  `sender_id` int(11) NOT NULL,
  `timestamp` longtext CHARACTER SET utf8 COLLATE utf8_unicode_ci NOT NULL
) ENGINE=InnoDB DEFAULT CHARSET=latin1;

-- --------------------------------------------------------

--
-- Table structure for table `request`
--

CREATE TABLE `request` (
  `request_id` int(11) NOT NULL,
  `teacher_id` int(11) NOT NULL,
  `start_date` longtext COLLATE utf8_unicode_ci NOT NULL,
  `end_date` longtext COLLATE utf8_unicode_ci NOT NULL,
  `status` int(11) NOT NULL DEFAULT '0' COMMENT '0 = pending, 1 = accepted, 2 = rejected',
  `description` longtext COLLATE utf8_unicode_ci NOT NULL,
  `title` longtext COLLATE utf8_unicode_ci NOT NULL
) ENGINE=InnoDB DEFAULT CHARSET=utf8 COLLATE=utf8_unicode_ci;

--
-- Dumping data for table `request`
--

INSERT INTO `request` (`request_id`, `teacher_id`, `start_date`, `end_date`, `status`, `description`, `title`) VALUES
(1, 1, '04-05-2018', '05-05-2018', 0, 'sanple', 'Sick leave'),
(2, 1, '17-05-2018', '17-05-2018', 2, 'sample', 'CL');

-- --------------------------------------------------------

--
-- Table structure for table `result`
--

CREATE TABLE `result` (
  `rid` int(11) NOT NULL,
  `exam_id` int(11) NOT NULL,
  `student_id` int(11) NOT NULL,
  `result_status` varchar(100) NOT NULL DEFAULT 'Open',
  `start_time` int(11) NOT NULL,
  `end_time` int(11) NOT NULL,
  `categories` text NOT NULL,
  `category_range` text NOT NULL,
  `r_qids` text NOT NULL,
  `individual_time` text NOT NULL,
  `total_time` int(11) NOT NULL DEFAULT '0',
  `score_obtained` float NOT NULL DEFAULT '0',
  `percentage_obtained` float NOT NULL DEFAULT '0',
  `attempted_ip` varchar(100) NOT NULL,
  `score_individual` text NOT NULL,
  `photo` varchar(100) NOT NULL,
  `manual_valuation` int(11) NOT NULL DEFAULT '0'
) ENGINE=InnoDB DEFAULT CHARSET=latin1;

--
-- Dumping data for table `result`
--

INSERT INTO `result` (`rid`, `exam_id`, `student_id`, `result_status`, `start_time`, `end_time`, `categories`, `category_range`, `r_qids`, `individual_time`, `total_time`, `score_obtained`, `percentage_obtained`, `attempted_ip`, `score_individual`, `photo`, `manual_valuation`) VALUES
(15, 1, 248, 'fail', 1554790643, 1554790674, 'Chemistry,Physics,Biology', '179,179,179', '46,47,48,49,50,51,52,53,54,55,56,57,58,59,60,61,62,63,64,65,66,67,68,69,70,71,72,73,74,75,76,77,78,79,80,81,82,83,84,85,86,87,88,89,1,2,3,4,5,6,7,8,9,10,11,12,13,14,15,16,17,18,19,20,21,22,23,24,25,26,27,28,29,30,31,32,33,34,35,36,37,38,39,40,41,42,43,44,45,90,91,92,93,94,95,96,97,98,99,100,101,102,103,104,105,106,107,108,109,110,111,112,113,114,115,116,117,118,119,120,121,122,123,124,125,126,127,128,129,130,131,132,133,134,135,136,137,138,139,140,141,142,143,144,145,146,147,148,149,150,151,152,153,154,155,156,157,158,160,161,162,163,164,165,166,167,168,169,170,171,172,173,174,175,176,177,178,179,180', '0,7,2,0,0,0,0,0,0,0,0,0,0,0,0,0,0,0,0,0,0,0,0,0,0,0,0,0,0,0,0,0,0,0,0,0,0,0,0,0,0,0,0,0,0,0,0,0,0,0,0,0,0,0,4,0,0,0,0,0,0,0,5,5,7,0,0,0,0,0,0,0,0,0,0,0,0,0,0,0,0,0,0,0,0,0,0,0,0,0,0,0,0,0,0,0,0,0,0,0,0,0,0,0,0,0,0,0,0,0,0,0,0,0,0,0,0,0,0,0,0,0,0,0,0,0,0,0,0,0,0,0,0,0,0,0,0,0,0,0,0,0,0,0,0,0,0,0,0,0,0,0,0,0,0,0,0,0,0,0,0,0,0,0,0,0,0,0,0,0,0,0,0,0,0,0,0,0,0', 30, -3, -1.67598, '192.168.1.119', '2,2,0,0,0,0,0,0,0,0,0,0,0,0,0,0,0,0,0,0,0,0,0,0,0,0,0,0,0,0,0,0,0,0,0,0,0,0,0,0,0,0,0,0,0,0,0,0,0,0,0,0,0,0,2,0,0,0,0,0,0,0,2,2,2,0,0,0,0,0,0,0,0,0,0,0,0,0,0,0,0,0,0,0,0,0,0,0,0,0,0,0,0,0,0,0,0,0,0,0,0,0,0,0,0,0,0,0,0,0,0,0,0,0,0,0,0,0,0,0,0,0,0,0,0,0,0,0,0,0,0,0,0,0,0,0,0,0,0,0,0,0,0,0,0,0,0,0,0,0,0,0,0,0,0,0,0,0,0,0,0,0,0,0,0,0,0,0,0,0,0,0,0,0,0,0,0,0,0', '', 0),
(16, 1, 3, 'fail', 1554957409, 1554957506, 'Chemistry,Physics,Biology', '179,179,179', '46,47,48,49,50,51,52,53,54,55,56,57,58,59,60,61,62,63,64,65,66,67,68,69,70,71,72,73,74,75,76,77,78,79,80,81,82,83,84,85,86,87,88,89,1,2,3,4,5,6,7,8,9,10,11,12,13,14,15,16,17,18,19,20,21,22,23,24,25,26,27,28,29,30,31,32,33,34,35,36,37,38,39,40,41,42,43,44,45,90,91,92,93,94,95,96,97,98,99,100,101,102,103,104,105,106,107,108,109,110,111,112,113,114,115,116,117,118,119,120,121,122,123,124,125,126,127,128,129,130,131,132,133,134,135,136,137,138,139,140,141,142,143,144,145,146,147,148,149,150,151,152,153,154,155,156,157,158,160,161,162,163,164,165,166,167,168,169,170,171,172,173,174,175,176,177,178,179,180', '17,8,3,2,0,0,0,0,0,0,0,0,0,0,0,0,0,0,0,0,0,0,0,0,0,0,0,0,0,0,0,0,0,0,0,0,0,0,0,0,0,0,0,0,0,0,0,0,0,0,0,0,0,0,0,0,0,0,0,0,0,0,0,0,0,0,0,17,2,1,27,0,0,0,0,0,0,0,0,0,0,0,0,0,0,0,0,0,0,0,0,0,0,0,0,0,0,0,0,0,0,0,0,0,0,0,0,0,0,0,0,0,0,0,0,0,0,0,0,0,0,0,0,0,0,0,0,0,0,14,0,0,0,0,0,0,0,0,0,0,0,0,0,0,0,0,0,0,0,0,0,0,0,0,0,0,0,0,0,0,0,0,0,0,0,0,0,0,0,0,0,0,0,0,0,0,0,0,0,NaN,,,,,,,,,,,,,,,,,,,,,,,,,,,,,,,,,,,,,,,,,,,,,,,,,,,,,,,,,,,,,,,,,,,,,,,,,,,,,,,,,,,,,,,,,,,,,,,,,,,,,,,,,,,,,,,,,,,,,,,,,,,,,,,,,,,,,,,,,,,,,,,,,,,,,,,,,,,,,,,,,,,,,,,,,,,,,,,,,,,NaN', 91, -1, -0.558659, '192.168.1.188', '1,2,2,2,0,0,0,0,0,0,0,0,0,0,0,0,0,0,0,0,0,0,0,0,0,0,0,0,0,0,0,0,0,0,0,0,0,0,0,0,0,0,0,0,0,0,0,0,0,0,0,0,0,0,0,0,0,0,0,0,0,0,0,0,0,0,0,2,0,0,0,0,0,0,0,0,0,0,0,0,0,0,0,0,0,0,0,0,0,0,0,0,0,0,0,0,0,0,0,0,0,0,0,0,0,0,0,0,0,0,0,0,0,0,0,0,0,0,0,0,0,0,0,0,0,0,0,0,0,0,0,0,0,0,0,0,0,0,0,0,0,0,0,0,0,0,0,0,0,0,0,0,0,0,0,0,0,0,0,0,0,0,0,0,0,0,0,0,0,0,0,0,0,0,0,0,0,0,0', '', 0),
(17, 1, 249, 'fail', 1554960010, 1554960023, 'Chemistry,Physics,Biology', '179,179,179', '46,47,48,49,50,51,52,53,54,55,56,57,58,59,60,61,62,63,64,65,66,67,68,69,70,71,72,73,74,75,76,77,78,79,80,81,82,83,84,85,86,87,88,89,1,2,3,4,5,6,7,8,9,10,11,12,13,14,15,16,17,18,19,20,21,22,23,24,25,26,27,28,29,30,31,32,33,34,35,36,37,38,39,40,41,42,43,44,45,90,91,92,93,94,95,96,97,98,99,100,101,102,103,104,105,106,107,108,109,110,111,112,113,114,115,116,117,118,119,120,121,122,123,124,125,126,127,128,129,130,131,132,133,134,135,136,137,138,139,140,141,142,143,144,145,146,147,148,149,150,151,152,153,154,155,156,157,158,160,161,162,163,164,165,166,167,168,169,170,171,172,173,174,175,176,177,178,179,180', '0,5,3,0,0,0,0,0,0,0,0,0,0,0,0,0,0,0,0,0,0,0,0,0,0,0,0,0,0,0,0,0,0,0,0,0,0,0,0,0,0,0,0,0,0,0,0,0,0,0,0,0,0,0,0,0,0,0,0,0,0,0,0,0,0,0,0,0,0,0,0,0,0,0,0,0,0,0,0,0,0,0,0,0,0,0,0,0,0,0,0,0,0,0,0,0,0,0,0,0,0,0,0,0,0,0,0,0,0,0,0,0,0,0,0,0,0,0,0,0,0,0,0,0,0,0,0,0,0,0,0,0,0,0,0,0,0,0,0,0,0,0,0,0,0,0,0,0,0,0,0,0,0,0,0,0,0,0,0,0,0,0,0,0,0,0,0,0,0,0,0,0,0,0,0,0,0,0,0', 8, 1.5, 0.837989, '192.168.1.99', '1,1,2,0,0,0,0,0,0,0,0,0,0,0,0,0,0,0,0,0,0,0,0,0,0,0,0,0,0,0,0,0,0,0,0,0,0,0,0,0,0,0,0,0,0,0,0,0,0,0,0,0,0,0,0,0,0,0,0,0,0,0,0,0,0,0,0,0,0,0,0,0,0,0,0,0,0,0,0,0,0,0,0,0,0,0,0,0,0,0,0,0,0,0,0,0,0,0,0,0,0,0,0,0,0,0,0,0,0,0,0,0,0,0,0,0,0,0,0,0,0,0,0,0,0,0,0,0,0,0,0,0,0,0,0,0,0,0,0,0,0,0,0,0,0,0,0,0,0,0,0,0,0,0,0,0,0,0,0,0,0,0,0,0,0,0,0,0,0,0,0,0,0,0,0,0,0,0,0', '', 0),
(18, 1, 249, 'fail', 1554960048, 1554960099, 'Chemistry,Physics,Biology', '179,179,179', '46,47,48,49,50,51,52,53,54,55,56,57,58,59,60,61,62,63,64,65,66,67,68,69,70,71,72,73,74,75,76,77,78,79,80,81,82,83,84,85,86,87,88,89,1,2,3,4,5,6,7,8,9,10,11,12,13,14,15,16,17,18,19,20,21,22,23,24,25,26,27,28,29,30,31,32,33,34,35,36,37,38,39,40,41,42,43,44,45,90,91,92,93,94,95,96,97,98,99,100,101,102,103,104,105,106,107,108,109,110,111,112,113,114,115,116,117,118,119,120,121,122,123,124,125,126,127,128,129,130,131,132,133,134,135,136,137,138,139,140,141,142,143,144,145,146,147,148,149,150,151,152,153,154,155,156,157,158,160,161,162,163,164,165,166,167,168,169,170,171,172,173,174,175,176,177,178,179,180', '0,21,6,3,5,3,3,2,6,0,0,0,0,0,0,0,0,0,0,0,0,0,0,0,0,0,0,0,0,0,0,0,0,0,0,0,0,0,0,0,0,0,0,0,0,0,0,0,0,0,0,0,0,0,0,0,0,0,0,0,0,0,0,0,0,0,0,0,0,0,0,0,0,0,0,0,0,0,0,0,0,0,0,0,0,0,0,0,0,0,0,0,0,0,0,0,0,0,0,0,0,0,0,0,0,0,0,0,0,0,0,0,0,0,0,0,0,0,0,0,0,0,0,0,0,0,0,0,0,0,0,0,0,0,0,0,0,0,0,0,0,0,0,0,0,0,0,0,0,0,0,0,0,0,0,0,0,0,0,0,0,0,0,0,0,0,0,0,0,0,0,0,0,0,0,0,0,0,0', 49, -1, -0.558659, '::1', '1,2,1,2,2,2,2,2,0,0,0,0,0,0,0,0,0,0,0,0,0,0,0,0,0,0,0,0,0,0,0,0,0,0,0,0,0,0,0,0,0,0,0,0,0,0,0,0,0,0,0,0,0,0,0,0,0,0,0,0,0,0,0,0,0,0,0,0,0,0,0,0,0,0,0,0,0,0,0,0,0,0,0,0,0,0,0,0,0,0,0,0,0,0,0,0,0,0,0,0,0,0,0,0,0,0,0,0,0,0,0,0,0,0,0,0,0,0,0,0,0,0,0,0,0,0,0,0,0,0,0,0,0,0,0,0,0,0,0,0,0,0,0,0,0,0,0,0,0,0,0,0,0,0,0,0,0,0,0,0,0,0,0,0,0,0,0,0,0,0,0,0,0,0,0,0,0,0,0', '', 0),
(19, 1, 249, 'fail', 1554961376, 1554961395, 'Physics,Chemistry,Biology', '180,180,180', '1,2,3,4,5,6,7,8,9,10,11,12,13,14,15,16,17,18,19,20,21,22,23,24,25,26,27,28,29,30,31,32,33,34,35,36,37,38,39,40,41,42,43,44,45,46,47,48,49,50,51,52,53,54,55,56,57,58,59,60,61,62,63,64,65,66,67,68,69,70,71,72,73,74,75,76,77,78,79,80,81,82,83,84,85,86,87,88,181,182,90,91,92,93,94,95,96,97,98,99,100,101,102,103,104,105,106,107,108,109,110,111,112,113,114,115,116,117,118,119,120,121,122,123,124,125,126,127,128,129,130,131,132,133,134,135,136,137,138,139,140,141,142,143,144,145,146,147,148,149,150,151,152,153,154,155,156,157,158,160,161,162,163,164,165,166,167,168,169,170,171,172,173,174,175,176,177,178,179,180', '0,0,0,0,0,0,0,0,0,0,0,0,0,0,0,0,0,0,0,0,0,0,0,0,0,0,0,0,0,0,0,0,0,0,0,0,0,0,0,0,0,0,0,0,0,0,0,0,0,0,0,0,0,0,0,0,0,0,0,0,0,0,0,0,0,0,0,0,0,0,0,0,0,0,0,0,0,0,0,0,0,1,0,0,0,0,0,0,0,0,0,0,0,0,0,0,0,0,0,0,0,0,0,0,0,0,0,0,0,0,0,0,0,0,0,0,0,0,0,0,0,0,0,0,0,0,0,0,0,0,0,0,0,0,0,0,0,0,0,0,0,0,0,0,0,0,0,0,0,0,0,0,0,0,0,0,0,0,0,0,0,0,0,0,0,0,0,3,0,0,0,0,0,0,0,0,0,0,0,13', 17, 0, 0, '192.168.1.99', '0,0,0,0,0,0,0,0,0,0,0,0,0,0,0,0,0,0,0,0,0,0,0,0,0,0,0,0,0,0,0,0,0,0,0,0,0,0,0,0,0,0,0,0,0,0,0,0,0,0,0,0,0,0,0,0,0,0,0,0,0,0,0,0,0,0,0,0,0,0,0,0,0,0,0,0,0,0,0,0,0,0,0,0,0,0,0,0,0,0,0,0,0,0,0,0,0,0,0,0,0,0,0,0,0,0,0,0,0,0,0,0,0,0,0,0,0,0,0,0,0,0,0,0,0,0,0,0,0,0,0,0,0,0,0,0,0,0,0,0,0,0,0,0,0,0,0,0,0,0,0,0,0,0,0,0,0,0,0,0,0,0,0,0,0,0,0,0,0,0,0,0,0,0,0,0,0,0,0,0', '', 0),
(20, 1, 47, 'Pass', 1554973061, 1554983651, 'Physics,Chemistry,Biology', '180,180,180', '1,2,3,4,5,6,7,8,9,10,11,12,13,14,15,16,17,18,19,20,21,22,23,24,25,26,27,28,29,30,31,32,33,34,35,36,37,38,39,40,41,42,43,44,45,46,47,48,49,50,51,52,53,54,55,56,57,58,59,60,61,62,63,64,65,66,67,68,69,70,71,72,73,74,75,76,77,78,79,80,81,82,83,84,85,86,87,88,181,182,90,91,92,93,94,95,96,97,98,99,100,101,102,103,104,105,106,107,108,109,110,111,112,113,114,115,116,117,118,119,120,121,122,123,124,125,126,127,128,129,130,131,132,133,134,135,136,137,138,139,140,141,142,143,144,145,146,147,148,149,150,151,152,153,154,155,156,157,158,160,161,162,163,164,165,166,167,168,169,170,171,172,173,174,175,176,177,178,179,180', '357,139,150,136,124,36,120,33,37,271,236,63,31,62,125,38,86,343,95,115,150,85,2,100,43,158,157,172,55,176,156,32,40,7,9,104,220,28,291,18,89,7,70,87,13,149,45,188,138,55,35,217,106,35,22,59,41,30,83,45,157,51,12,96,3,91,54,75,44,30,37,92,15,34,85,9,69,49,39,24,7,131,16,47,29,38,63,6,134,126,37,34,9,98,4,45,51,9,11,10,85,22,20,49,20,9,7,14,50,19,14,17,15,21,15,7,39,28,29,11,42,9,18,173,18,16,73,30,43,21,80,56,9,28,75,40,39,18,11,19,35,20,16,64,18,9,53,18,8,38,12,14,8,13,20,34,14,6,68,8,34,37,15,12,16,14,17,9,60,59,11,25,5,55,22,80,22,23,35,7', 10428, 104, 57.7778, '192.168.1.129', '1,2,1,1,1,0,2,1,1,1,1,1,1,1,1,1,1,1,1,2,2,2,1,1,2,1,1,1,2,2,2,1,1,2,1,1,1,1,1,1,2,1,2,1,1,2,1,1,1,1,1,2,2,2,2,1,0,1,0,1,2,1,1,2,2,1,2,2,2,1,0,2,2,1,2,2,1,1,1,1,1,1,1,2,1,1,1,1,0,1,1,1,1,2,1,1,1,1,2,1,1,1,1,0,1,1,1,1,1,2,1,1,1,1,1,2,1,1,1,2,2,1,1,1,1,1,0,1,0,1,1,2,1,1,1,1,1,1,1,1,1,2,1,1,1,1,1,1,1,1,1,2,1,1,1,0,2,1,1,2,1,2,1,1,1,2,2,1,1,2,1,1,0,1,1,2,1,1,1,1', '', 0),
(21, 1, 47, 'Pass', 1554973066, 1554983660, 'Physics,Chemistry,Biology', '180,180,180', '1,2,3,4,5,6,7,8,9,10,11,12,13,14,15,16,17,18,19,20,21,22,23,24,25,26,27,28,29,30,31,32,33,34,35,36,37,38,39,40,41,42,43,44,45,46,47,48,49,50,51,52,53,54,55,56,57,58,59,60,61,62,63,64,65,66,67,68,69,70,71,72,73,74,75,76,77,78,79,80,81,82,83,84,85,86,87,88,181,182,90,91,92,93,94,95,96,97,98,99,100,101,102,103,104,105,106,107,108,109,110,111,112,113,114,115,116,117,118,119,120,121,122,123,124,125,126,127,128,129,130,131,132,133,134,135,136,137,138,139,140,141,142,143,144,145,146,147,148,149,150,151,152,153,154,155,156,157,158,160,161,162,163,164,165,166,167,168,169,170,171,172,173,174,175,176,177,178,179,180', '144,84,194,69,73,33,275,57,18,157,26,4,72,51,71,48,92,164,90,30,44,243,8,69,28,227,109,328,23,3,4,95,177,56,62,211,35,57,33,83,68,252,393,348,88,111,17,177,87,22,83,88,89,37,37,23,104,38,70,43,241,199,18,105,88,160,40,85,20,51,90,59,32,68,34,166,100,9,39,19,46,39,13,38,80,35,65,23,10,151,53,79,43,59,5,31,47,21,10,14,96,71,11,16,19,8,9,19,73,22,34,10,25,17,28,39,33,19,53,13,34,16,36,20,9,15,10,21,15,47,20,26,10,23,30,28,137,13,6,8,45,36,46,38,9,15,51,9,12,32,10,31,7,9,27,35,23,7,50,12,36,28,25,13,26,5,9,29,19,15,26,9,6,50,18,54,11,32,38,25,,,,,,,,,,,,,,,,,,,,,,,,,,,,,,,,,,,,,,,,,,,,,,,,,,,,,,,,,,,,,,,,,,,,,,,,,,,,,,,,,,,,,,,,,,,,,,,,,,,,,,,,,,,,,,,,,,,,,,,,,,,,,,,,,,,,,,,,,,,,,,,,,,,,,,,,,,,,,,,,,,,,,,,,,,,,,,,,,,,,,NaN', 10424, 80.5, 44.7222, '192.168.1.128', '1,2,1,1,1,0,2,1,1,1,1,1,1,2,1,1,1,1,2,2,2,2,1,1,2,1,1,1,2,2,2,1,1,2,1,1,1,1,0,1,2,1,2,1,1,2,1,1,1,1,1,2,2,2,2,1,2,1,0,1,2,1,1,2,2,1,1,1,2,1,2,1,2,2,1,2,1,2,1,1,1,1,1,2,1,1,2,1,0,1,1,1,2,1,1,1,1,1,2,1,1,1,1,0,1,1,1,1,1,0,1,2,1,1,2,2,1,2,1,2,2,1,1,0,1,1,2,1,0,1,2,2,1,1,1,1,2,1,1,1,1,2,1,2,1,0,1,2,1,1,1,2,1,1,2,1,1,2,2,1,2,2,2,1,2,1,0,1,1,0,2,0,0,0,1,2,2,1,1,1', '', 0),
(22, 1, 52, 'fail', 1554973068, 1554973195, 'Physics,Chemistry,Biology', '180,180,180', '1,2,3,4,5,6,7,8,9,10,11,12,13,14,15,16,17,18,19,20,21,22,23,24,25,26,27,28,29,30,31,32,33,34,35,36,37,38,39,40,41,42,43,44,45,46,47,48,49,50,51,52,53,54,55,56,57,58,59,60,61,62,63,64,65,66,67,68,69,70,71,72,73,74,75,76,77,78,79,80,81,82,83,84,85,86,87,88,181,182,90,91,92,93,94,95,96,97,98,99,100,101,102,103,104,105,106,107,108,109,110,111,112,113,114,115,116,117,118,119,120,121,122,123,124,125,126,127,128,129,130,131,132,133,134,135,136,137,138,139,140,141,142,143,144,145,146,147,148,149,150,151,152,153,154,155,156,157,158,160,161,162,163,164,165,166,167,168,169,170,171,172,173,174,175,176,177,178,179,180', '120,0,0,0,0,0,0,0,0,0,0,0,0,0,0,0,0,0,0,0,0,0,0,0,0,0,0,0,0,0,0,0,0,0,0,0,0,0,0,0,0,0,0,0,0,0,0,0,0,0,0,0,0,0,0,0,0,0,0,0,0,0,0,0,0,0,0,0,0,0,0,0,0,0,0,0,0,0,0,0,0,0,0,0,0,0,0,0,0,0,0,0,0,0,0,0,0,0,0,0,0,0,0,0,0,0,0,0,0,0,0,0,0,0,0,0,0,0,0,0,0,0,0,0,0,0,0,0,0,0,0,0,0,0,0,0,0,0,0,0,0,0,0,0,0,0,0,0,0,0,0,0,0,0,0,0,0,0,0,0,0,0,0,0,0,0,0,0,0,0,0,0,0,0,0,0,0,0,0,0', 120, 1, 0.555556, '192.168.1.131', '1,0,0,0,0,0,0,0,0,0,0,0,0,0,0,0,0,0,0,0,0,0,0,0,0,0,0,0,0,0,0,0,0,0,0,0,0,0,0,0,0,0,0,0,0,0,0,0,0,0,0,0,0,0,0,0,0,0,0,0,0,0,0,0,0,0,0,0,0,0,0,0,0,0,0,0,0,0,0,0,0,0,0,0,0,0,0,0,0,0,0,0,0,0,0,0,0,0,0,0,0,0,0,0,0,0,0,0,0,0,0,0,0,0,0,0,0,0,0,0,0,0,0,0,0,0,0,0,0,0,0,0,0,0,0,0,0,0,0,0,0,0,0,0,0,0,0,0,0,0,0,0,0,0,0,0,0,0,0,0,0,0,0,0,0,0,0,0,0,0,0,0,0,0,0,0,0,0,0,0', '', 0),
(23, 1, 92, 'Open', 1554973087, 0, 'Physics,Chemistry,Biology', '180,180,180', '1,2,3,4,5,6,7,8,9,10,11,12,13,14,15,16,17,18,19,20,21,22,23,24,25,26,27,28,29,30,31,32,33,34,35,36,37,38,39,40,41,42,43,44,45,46,47,48,49,50,51,52,53,54,55,56,57,58,59,60,61,62,63,64,65,66,67,68,69,70,71,72,73,74,75,76,77,78,79,80,81,82,83,84,85,86,87,88,181,182,90,91,92,93,94,95,96,97,98,99,100,101,102,103,104,105,106,107,108,109,110,111,112,113,114,115,116,117,118,119,120,121,122,123,124,125,126,127,128,129,130,131,132,133,134,135,136,137,138,139,140,141,142,143,144,145,146,147,148,149,150,151,152,153,154,155,156,157,158,160,161,162,163,164,165,166,167,168,169,170,171,172,173,174,175,176,177,178,179,180', '33,151,61,0,0,0,0,0,0,0,0,0,0,0,0,0,0,0,0,0,0,0,0,0,0,0,0,0,0,0,0,0,0,0,0,0,0,0,0,0,0,0,0,0,0,0,0,0,0,0,0,0,0,0,0,0,0,0,0,0,0,0,0,0,0,0,0,0,0,0,0,0,0,0,0,0,0,0,0,0,0,0,0,0,0,0,0,0,0,0,16,48,10,35,13,30,53,26,6,24,62,20,6,11,48,11,10,10,59,25,28,10,7,16,37,5,13,66,22,13,211,30,11,14,2,0,0,0,0,0,0,0,0,0,0,0,0,0,0,0,0,0,0,0,0,0,0,0,0,0,0,0,0,0,0,0,22,0,0,0,0,0,0,0,0,0,0,0,30,29,30,111,8,59,89,59,30,30,202,30', 0, 0, 0, '192.168.1.132', '1,0,0,0,0,0,0,0,0,0,0,0,0,0,0,0,0,0,0,0,0,0,0,0,0,0,0,0,0,0,0,0,0,0,0,0,0,0,0,0,0,0,0,0,0,0,0,0,0,0,0,0,0,0,0,0,0,0,0,0,0,0,0,0,0,0,0,0,0,0,0,0,0,0,0,0,0,0,0,0,0,0,0,0,0,0,0,0,0,0,1,2,1,1,2,1,1,1,1,2,1,1,1,0,1,1,2,1,1,2,1,2,2,1,1,2,2,2,1,2,1,1,1,0,0,0,0,0,0,0,0,0,0,0,0,0,0,0,0,0,0,0,0,0,0,0,0,0,0,0,0,0,0,0,0,0,2,0,0,0,0,0,0,0,0,0,0,0,0,1,0,2,0,2,0,1,1,0,1,1', '', 0),
(24, 1, 52, 'Open', 1554973218, 0, 'Physics,Chemistry,Biology', '180,180,180', '1,2,3,4,5,6,7,8,9,10,11,12,13,14,15,16,17,18,19,20,21,22,23,24,25,26,27,28,29,30,31,32,33,34,35,36,37,38,39,40,41,42,43,44,45,46,47,48,49,50,51,52,53,54,55,56,57,58,59,60,61,62,63,64,65,66,67,68,69,70,71,72,73,74,75,76,77,78,79,80,81,82,83,84,85,86,87,88,181,182,90,91,92,93,94,95,96,97,98,99,100,101,102,103,104,105,106,107,108,109,110,111,112,113,114,115,116,117,118,119,120,121,122,123,124,125,126,127,128,129,130,131,132,133,134,135,136,137,138,139,140,141,142,143,144,145,146,147,148,149,150,151,152,153,154,155,156,157,158,160,161,162,163,164,165,166,167,168,169,170,171,172,173,174,175,176,177,178,179,180', '15,136,321,181,107,109,207,124,51,179,64,96,170,236,165,45,138,203,29,168,103,184,89,0,0,0,0,0,0,0,0,0,0,0,0,0,0,0,0,0,0,0,0,0,0,0,0,0,0,0,0,0,0,0,0,0,0,0,0,0,0,0,0,0,0,0,0,0,0,0,0,0,0,0,0,0,0,0,0,0,0,0,0,0,0,0,0,0,0,0,0,0,0,0,0,0,0,0,0,0,0,0,0,0,0,0,0,0,0,0,0,0,0,0,0,0,0,0,0,0,0,0,0,0,0,0,0,0,0,0,0,0,0,0,0,0,0,0,0,0,0,0,0,0,0,0,0,0,0,0,0,0,0,0,0,0,0,0,0,0,0,0,0,0,0,0,0,0,0,0,0,0,0,0,0,0,0,0,0,0', 0, 0, 0, '192.168.1.131', '1,2,0,0,2,1,0,0,1,2,2,1,0,2,1,1,0,1,0,2,2,0,0,0,0,0,0,0,0,0,0,0,0,0,0,0,0,0,0,0,0,0,0,0,0,0,0,0,0,0,0,0,0,0,0,0,0,0,0,0,0,0,0,0,0,0,0,0,0,0,0,0,0,0,0,0,0,0,0,0,0,0,0,0,0,0,0,0,0,0,0,0,0,0,0,0,0,0,0,0,0,0,0,0,0,0,0,0,0,0,0,0,0,0,0,0,0,0,0,0,0,0,0,0,0,0,0,0,0,0,0,0,0,0,0,0,0,0,0,0,0,0,0,0,0,0,0,0,0,0,0,0,0,0,0,0,0,0,0,0,0,0,0,0,0,0,0,0,0,0,0,0,0,0,0,0,0,0,0,0', '', 0),
(25, 1, 56, 'Open', 1554973435, 0, 'Physics,Chemistry,Biology', '180,180,180', '1,2,3,4,5,6,7,8,9,10,11,12,13,14,15,16,17,18,19,20,21,22,23,24,25,26,27,28,29,30,31,32,33,34,35,36,37,38,39,40,41,42,43,44,45,46,47,48,49,50,51,52,53,54,55,56,57,58,59,60,61,62,63,64,65,66,67,68,69,70,71,72,73,74,75,76,77,78,79,80,81,82,83,84,85,86,87,88,181,182,90,91,92,93,94,95,96,97,98,99,100,101,102,103,104,105,106,107,108,109,110,111,112,113,114,115,116,117,118,119,120,121,122,123,124,125,126,127,128,129,130,131,132,133,134,135,136,137,138,139,140,141,142,143,144,145,146,147,148,149,150,151,152,153,154,155,156,157,158,160,161,162,163,164,165,166,167,168,169,170,171,172,173,174,175,176,177,178,179,180', '38,126,128,116,73,146,326,115,34,60,55,51,66,55,34,62,78,319,38,73,47,156,15,85,194,266,279,123,22,0,0,0,0,0,0,0,0,0,0,0,0,0,0,0,0,0,0,0,0,0,0,0,0,0,0,0,0,0,0,0,0,0,0,0,0,0,0,0,0,0,0,0,0,0,0,0,0,0,0,0,0,0,0,0,0,0,0,0,0,0,0,0,0,0,0,0,0,0,0,0,0,0,0,0,0,0,0,0,0,0,0,0,0,0,0,0,0,0,0,0,0,0,0,0,0,0,0,0,0,0,0,0,0,0,0,0,0,0,0,0,0,0,0,0,0,0,0,0,0,0,0,0,0,0,0,0,0,0,0,0,0,0,0,0,0,0,0,0,0,0,0,0,0,0,0,0,0,0,0,0', 0, 0, 0, '192.168.1.25', '1,2,1,1,1,1,2,2,1,1,1,1,1,2,1,1,1,1,0,2,1,1,1,1,2,1,1,1,0,0,0,0,0,0,0,0,0,0,0,0,0,0,0,0,0,0,0,0,0,0,0,0,0,0,0,0,0,0,0,0,0,0,0,0,0,0,0,0,0,0,0,0,0,0,0,0,0,0,0,0,0,0,0,0,0,0,0,0,0,0,0,0,0,0,0,0,0,0,0,0,0,0,0,0,0,0,0,0,0,0,0,0,0,0,0,0,0,0,0,0,0,0,0,0,0,0,0,0,0,0,0,0,0,0,0,0,0,0,0,0,0,0,0,0,0,0,0,0,0,0,0,0,0,0,0,0,0,0,0,0,0,0,0,0,0,0,0,0,0,0,0,0,0,0,0,0,0,0,0,0', '', 0),
(26, 1, 62, 'Open', 1554973440, 0, 'Physics,Chemistry,Biology', '180,180,180', '1,2,3,4,5,6,7,8,9,10,11,12,13,14,15,16,17,18,19,20,21,22,23,24,25,26,27,28,29,30,31,32,33,34,35,36,37,38,39,40,41,42,43,44,45,46,47,48,49,50,51,52,53,54,55,56,57,58,59,60,61,62,63,64,65,66,67,68,69,70,71,72,73,74,75,76,77,78,79,80,81,82,83,84,85,86,87,88,181,182,90,91,92,93,94,95,96,97,98,99,100,101,102,103,104,105,106,107,108,109,110,111,112,113,114,115,116,117,118,119,120,121,122,123,124,125,126,127,128,129,130,131,132,133,134,135,136,137,138,139,140,141,142,143,144,145,146,147,148,149,150,151,152,153,154,155,156,157,158,160,161,162,163,164,165,166,167,168,169,170,171,172,173,174,175,176,177,178,179,180', '113,124,172,361,77,386,145,63,37,173,75,38,99,145,129,30,88,132,53,21,158,187,11,200,153,103,132,144,52,166,49,37,6,47,52,11,102,34,31,39,10,38,0,0,0,156,78,143,25,56,103,200,105,25,16,69,62,42,57,44,114,172,86,86,43,76,63,72,26,67,125,42,48,90,74,30,111,20,41,25,7,46,42,65,68,51,37,11,23,173,98,59,30,30,30,60,30,30,8,42,60,10,60,30,30,30,30,9,51,30,30,30,30,90,30,0,30,2,28,30,30,7,23,90,30,0,30,1,59,90,30,90,5,55,6,54,90,30,30,2,11,47,15,105,60,30,60,90,30,30,30,30,8,22,30,90,30,2,58,120,60,9,21,30,30,60,1,29,30,30,21,20,74,82,8,90,60,30,30,10', 0, 0, 0, '192.168.1.133', '1,2,1,2,2,2,0,0,1,1,2,0,1,1,1,1,1,1,0,0,1,2,2,0,2,0,1,0,0,0,0,1,0,1,1,0,0,1,2,1,0,0,0,0,0,2,1,1,0,1,1,2,2,2,0,2,1,1,0,1,2,1,1,2,2,2,1,1,0,2,2,0,2,2,2,1,1,1,0,1,1,2,1,2,1,2,2,1,0,1,1,1,2,2,1,1,1,2,1,1,1,1,1,2,2,1,1,1,1,1,1,1,2,1,1,2,1,1,1,2,2,1,1,2,2,2,0,1,1,2,0,1,1,1,0,2,2,1,1,1,1,1,1,1,2,0,1,2,2,1,2,2,1,1,2,2,2,2,2,2,2,1,1,1,2,2,0,1,1,0,0,0,2,2,1,1,1,2,1,1', '', 0),
(27, 1, 60, 'fail', 1554973598, 1554983745, 'Physics,Chemistry,Biology', '180,180,180', '1,2,3,4,5,6,7,8,9,10,11,12,13,14,15,16,17,18,19,20,21,22,23,24,25,26,27,28,29,30,31,32,33,34,35,36,37,38,39,40,41,42,43,44,45,46,47,48,49,50,51,52,53,54,55,56,57,58,59,60,61,62,63,64,65,66,67,68,69,70,71,72,73,74,75,76,77,78,79,80,81,82,83,84,85,86,87,88,181,182,90,91,92,93,94,95,96,97,98,99,100,101,102,103,104,105,106,107,108,109,110,111,112,113,114,115,116,117,118,119,120,121,122,123,124,125,126,127,128,129,130,131,132,133,134,135,136,137,138,139,140,141,142,143,144,145,146,147,148,149,150,151,152,153,154,155,156,157,158,160,161,162,163,164,165,166,167,168,169,170,171,172,173,174,175,176,177,178,179,180', '211,373,154,242,46,138,106,108,91,352,110,24,96,304,251,61,106,196,240,53,51,105,18,44,71,160,55,153,108,270,98,10,32,43,89,97,69,74,13,109,65,128,118,61,27,103,65,180,150,55,35,120,30,60,90,5,55,30,30,60,120,60,90,60,30,30,60,30,60,60,60,60,30,60,120,30,30,30,210,30,30,30,30,30,60,30,30,1,119,30,50,48,8,23,29,19,20,8,8,18,29,31,13,42,9,12,8,11,50,32,26,19,20,11,18,9,14,14,32,15,41,10,38,34,19,12,17,13,41,33,26,15,12,54,25,20,17,14,7,7,22,23,8,12,11,6,23,16,14,53,30,21,11,66,15,47,19,5,23,22,41,12,18,9,18,19,46,9,24,6,17,11,54,58,18,68,48,20,25,9,NaN', 10126, 54.5, 30.2778, '192.168.1.27', '1,2,1,0,1,0,0,0,1,2,1,0,1,2,2,1,1,0,1,2,2,0,1,1,2,0,2,1,1,1,1,2,0,1,1,1,0,2,2,2,2,2,0,2,1,2,1,1,2,1,2,0,2,1,2,1,1,1,0,1,0,0,1,1,2,1,1,2,2,1,1,2,2,2,1,2,2,2,0,1,2,2,2,2,2,1,1,1,1,0,2,1,1,2,1,1,1,2,1,1,1,1,2,0,1,1,1,1,1,2,1,2,2,1,2,1,1,2,1,2,1,1,2,2,2,1,0,1,2,2,2,1,1,2,1,1,1,1,1,1,2,2,1,2,1,0,2,0,1,1,1,2,1,2,1,1,2,2,1,1,2,1,2,1,2,2,1,1,2,2,1,2,0,2,2,2,1,1,1,1', '', 0),
(28, 1, 48, 'Open', 1554973609, 0, 'Physics,Chemistry,Biology', '180,180,180', '1,2,3,4,5,6,7,8,9,10,11,12,13,14,15,16,17,18,19,20,21,22,23,24,25,26,27,28,29,30,31,32,33,34,35,36,37,38,39,40,41,42,43,44,45,46,47,48,49,50,51,52,53,54,55,56,57,58,59,60,61,62,63,64,65,66,67,68,69,70,71,72,73,74,75,76,77,78,79,80,81,82,83,84,85,86,87,88,181,182,90,91,92,93,94,95,96,97,98,99,100,101,102,103,104,105,106,107,108,109,110,111,112,113,114,115,116,117,118,119,120,121,122,123,124,125,126,127,128,129,130,131,132,133,134,135,136,137,138,139,140,141,142,143,144,145,146,147,148,149,150,151,152,153,154,155,156,157,158,160,161,162,163,164,165,166,167,168,169,170,171,172,173,174,175,176,177,178,179,180', '0,0,0,0,0,0,0,0,0,0,0,0,0,0,0,0,0,0,0,0,0,0,0,0,0,0,0,0,0,0,0,0,0,0,0,0,0,0,0,0,0,0,0,0,0,0,0,0,0,0,0,0,0,0,0,0,0,0,0,0,0,0,0,0,0,0,0,0,0,0,0,0,0,0,0,0,0,0,0,0,0,0,0,0,0,0,0,0,0,0,21,0,0,0,0,0,0,0,0,0,0,0,0,0,0,0,0,0,0,0,0,0,0,0,0,0,0,0,0,0,0,0,0,0,0,0,0,0,0,0,0,0,0,0,0,0,0,0,0,0,0,0,0,0,0,0,0,0,0,0,0,0,0,0,0,0,0,0,0,0,0,0,0,0,0,0,0,0,0,0,0,0,0,0,0,0,0,0,0,0,,,,,,,,,,,,,,,,,,,,,,,,,,,,,,,,,,,,,,,,,,,,,,,,,,,,,,,,,,,,,,,,,,,,,,,,,,,,,,,,,,,,,,,,,,,,,,,,,,,,,,,,,,,,,,,,,,,,,,,,,,,,,,,,,,,,,,,,,,,,,,,,,,,,,,,,,,,,,,,,,,,,,,,,,,,,,,,,,,,,,NaN', 0, 0, 0, '192.168.1.24', '0,0,0,0,0,0,0,0,0,0,0,0,0,0,0,0,0,0,0,0,0,0,0,0,0,0,0,0,0,0,0,0,0,0,0,0,0,0,0,0,0,0,0,0,0,0,0,0,0,0,0,0,0,0,0,0,0,0,0,0,0,0,0,0,0,0,0,0,0,0,0,0,0,0,0,0,0,0,0,0,0,0,0,0,0,0,0,0,0,0,0,0,0,0,0,0,0,0,0,0,0,0,0,0,0,0,0,0,0,0,0,0,0,0,0,0,0,0,0,0,0,0,0,0,0,0,0,0,0,0,0,0,0,0,0,0,0,0,0,0,0,0,0,0,0,0,0,0,0,0,0,0,0,0,0,0,0,0,0,0,0,0,0,0,0,0,0,0,0,0,0,0,0,0,0,0,0,0,0,0', '', 0),
(29, 1, 48, 'Open', 1554973677, 0, 'Physics,Chemistry,Biology', '180,180,180', '1,2,3,4,5,6,7,8,9,10,11,12,13,14,15,16,17,18,19,20,21,22,23,24,25,26,27,28,29,30,31,32,33,34,35,36,37,38,39,40,41,42,43,44,45,46,47,48,49,50,51,52,53,54,55,56,57,58,59,60,61,62,63,64,65,66,67,68,69,70,71,72,73,74,75,76,77,78,79,80,81,82,83,84,85,86,87,88,181,182,90,91,92,93,94,95,96,97,98,99,100,101,102,103,104,105,106,107,108,109,110,111,112,113,114,115,116,117,118,119,120,121,122,123,124,125,126,127,128,129,130,131,132,133,134,135,136,137,138,139,140,141,142,143,144,145,146,147,148,149,150,151,152,153,154,155,156,157,158,160,161,162,163,164,165,166,167,168,169,170,171,172,173,174,175,176,177,178,179,180', '0,0,0,0,0,0,0,0,0,0,0,0,0,0,0,0,0,0,0,0,0,0,0,0,0,0,0,0,0,0,0,0,0,0,0,0,0,0,0,0,0,0,0,0,0,0,0,0,0,0,0,0,0,0,0,0,0,0,0,0,0,0,0,0,0,0,0,0,0,0,0,0,0,0,0,0,0,0,0,0,0,0,0,0,0,0,0,0,0,0,0,0,0,0,0,0,0,0,0,0,0,0,0,0,0,0,0,0,0,0,0,0,0,0,0,0,0,0,0,0,0,0,0,0,0,0,0,0,0,0,0,0,0,0,0,0,0,0,0,0,0,0,0,0,0,0,0,0,0,0,0,0,0,0,0,0,0,0,0,0,0,0,0,0,0,0,0,0,0,0,0,0,0,0,0,0,0,0,0,0', 0, 0, 0, '192.168.1.24', '0,0,0,0,0,0,0,0,0,0,0,0,0,0,0,0,0,0,0,0,0,0,0,0,0,0,0,0,0,0,0,0,0,0,0,0,0,0,0,0,0,0,0,0,0,0,0,0,0,0,0,0,0,0,0,0,0,0,0,0,0,0,0,0,0,0,0,0,0,0,0,0,0,0,0,0,0,0,0,0,0,0,0,0,0,0,0,0,0,0,0,0,0,0,0,0,0,0,0,0,0,0,0,0,0,0,0,0,0,0,0,0,0,0,0,0,0,0,0,0,0,0,0,0,0,0,0,0,0,0,0,0,0,0,0,0,0,0,0,0,0,0,0,0,0,0,0,0,0,0,0,0,0,0,0,0,0,0,0,0,0,0,0,0,0,0,0,0,0,0,0,0,0,0,0,0,0,0,0,0', '', 0),
(30, 1, 48, 'Open', 1554973681, 0, 'Physics,Chemistry,Biology', '180,180,180', '1,2,3,4,5,6,7,8,9,10,11,12,13,14,15,16,17,18,19,20,21,22,23,24,25,26,27,28,29,30,31,32,33,34,35,36,37,38,39,40,41,42,43,44,45,46,47,48,49,50,51,52,53,54,55,56,57,58,59,60,61,62,63,64,65,66,67,68,69,70,71,72,73,74,75,76,77,78,79,80,81,82,83,84,85,86,87,88,181,182,90,91,92,93,94,95,96,97,98,99,100,101,102,103,104,105,106,107,108,109,110,111,112,113,114,115,116,117,118,119,120,121,122,123,124,125,126,127,128,129,130,131,132,133,134,135,136,137,138,139,140,141,142,143,144,145,146,147,148,149,150,151,152,153,154,155,156,157,158,160,161,162,163,164,165,166,167,168,169,170,171,172,173,174,175,176,177,178,179,180', '0,0,0,0,0,0,0,0,0,0,0,0,0,13,9,30,0,0,0,0,0,0,0,0,0,0,0,0,0,0,0,0,0,0,0,0,0,0,0,0,0,0,0,0,0,0,0,0,0,0,0,0,0,0,0,0,0,0,0,0,0,0,0,0,0,0,0,0,0,0,0,0,0,0,0,0,0,0,0,0,0,0,0,0,0,0,0,0,0,0,18,113,21,12,39,73,49,8,59,46,85,23,16,16,1,11,89,62,106,46,162,56,185,79,97,48,31,67,96,34,0,0,0,0,0,0,0,0,0,0,0,0,0,0,0,0,0,0,0,0,0,0,0,0,0,0,0,0,0,0,0,0,0,0,0,0,0,0,0,0,0,0,0,0,0,0,0,0,0,0,0,0,0,0,0,0,0,0,0,0', 0, 0, 0, '192.168.1.24', '0,0,0,0,0,0,0,0,0,0,0,0,0,2,1,1,0,0,0,0,0,0,0,0,0,0,0,0,0,0,0,0,0,0,0,0,0,0,0,0,0,0,0,0,0,0,0,0,0,0,0,0,0,0,0,0,0,0,0,0,0,0,0,0,0,0,0,0,0,0,0,0,0,0,0,0,0,0,0,0,0,0,0,0,0,0,0,0,0,0,2,2,1,2,1,0,0,1,2,1,0,1,1,0,0,0,1,1,1,2,1,2,2,1,2,1,1,2,0,0,0,0,0,0,0,0,0,0,0,0,0,0,0,0,0,0,0,0,0,0,0,0,0,0,0,0,0,0,0,0,0,0,0,0,0,0,0,0,0,0,0,0,0,0,0,0,0,0,0,0,0,0,0,0,0,0,0,0,0,0', '', 0),
(31, 1, 72, 'Open', 1554973712, 0, 'Physics,Chemistry,Biology', '180,180,180', '1,2,3,4,5,6,7,8,9,10,11,12,13,14,15,16,17,18,19,20,21,22,23,24,25,26,27,28,29,30,31,32,33,34,35,36,37,38,39,40,41,42,43,44,45,46,47,48,49,50,51,52,53,54,55,56,57,58,59,60,61,62,63,64,65,66,67,68,69,70,71,72,73,74,75,76,77,78,79,80,81,82,83,84,85,86,87,88,181,182,90,91,92,93,94,95,96,97,98,99,100,101,102,103,104,105,106,107,108,109,110,111,112,113,114,115,116,117,118,119,120,121,122,123,124,125,126,127,128,129,130,131,132,133,134,135,136,137,138,139,140,141,142,143,144,145,146,147,148,149,150,151,152,153,154,155,156,157,158,160,161,162,163,164,165,166,167,168,169,170,171,172,173,174,175,176,177,178,179,180', '30,0,0,0,0,0,0,0,30,0,0,0,0,0,0,0,0,0,0,0,0,0,0,0,0,0,0,0,0,0,0,0,0,0,0,0,0,0,0,0,0,0,0,0,0,0,0,0,0,0,0,0,0,0,0,0,0,0,0,0,0,0,0,0,0,0,0,0,0,0,0,0,0,0,0,0,0,0,0,0,0,0,0,0,0,0,0,0,0,19,105,25,62,108,7,231,34,66,35,43,43,146,28,73,30,131,42,21,11,96,20,5,5,48,32,11,89,9,36,32,127,0,0,0,0,0,0,0,0,0,0,0,0,0,0,0,0,0,0,0,0,0,0,0,0,0,0,0,0,0,0,0,0,0,0,0,0,0,0,0,0,0,0,0,0,0,0,0,0,0,0,0,0,0,0,0,0,0,0,0,NaN', 0, 0, 0, '192.168.1.22', '0,0,0,0,0,0,0,0,0,0,0,0,0,0,0,0,0,0,0,0,0,0,0,0,0,0,0,0,0,0,0,0,0,0,0,0,0,0,0,0,0,0,0,0,0,0,0,0,0,0,0,0,0,0,0,0,0,0,0,0,0,0,0,0,0,0,0,0,0,0,0,0,0,0,0,0,0,0,0,0,0,0,0,0,0,0,0,0,0,0,1,2,1,2,1,2,1,1,2,1,0,1,1,0,0,1,1,1,1,0,1,2,2,1,0,1,0,2,0,2,0,0,0,0,0,0,0,0,0,0,0,0,0,0,0,0,0,0,0,0,0,0,0,0,0,0,0,0,0,0,0,0,0,0,0,0,0,0,0,0,0,0,0,0,0,0,0,0,0,0,0,0,0,0,0,0,0,0,0,0', '', 0),
(32, 1, 49, 'fail', 1554974856, 1554981048, 'Physics,Chemistry,Biology', '180,180,180', '1,2,3,4,5,6,7,8,9,10,11,12,13,14,15,16,17,18,19,20,21,22,23,24,25,26,27,28,29,30,31,32,33,34,35,36,37,38,39,40,41,42,43,44,45,46,47,48,49,50,51,52,53,54,55,56,57,58,59,60,61,62,63,64,65,66,67,68,69,70,71,72,73,74,75,76,77,78,79,80,81,82,83,84,85,86,87,88,181,182,90,91,92,93,94,95,96,97,98,99,100,101,102,103,104,105,106,107,108,109,110,111,112,113,114,115,116,117,118,119,120,121,122,123,124,125,126,127,128,129,130,131,132,133,134,135,136,137,138,139,140,141,142,143,144,145,146,147,148,149,150,151,152,153,154,155,156,157,158,160,161,162,163,164,165,166,167,168,169,170,171,172,173,174,175,176,177,178,179,180', '8,21,14,6,4,4,7,3,4,15,3,4,4,12,25,94,14,30,43,83,89,57,59,23,123,99,123,53,27,6,6,23,5,4,4,3,3,2,3,10,5,121,31,52,9,14,19,95,4,60,41,18,29,19,46,22,5,3,4,4,5,3,39,61,18,52,79,11,18,52,21,7,19,35,14,17,10,33,72,24,44,39,17,82,21,1,1,8,1,7,58,21,12,30,10,52,40,9,11,14,62,65,9,15,60,67,14,15,73,21,16,15,12,48,32,9,11,14,19,10,37,31,21,19,47,14,51,37,77,44,32,29,21,115,65,65,71,83,49,75,24,162,73,31,26,108,15,96,27,58,23,68,30,19,20,43,131,29,53,47,49,19,21,14,15,11,17,12,9,8,10,25,25,22,59,86,166,4,99,32,,,,,,,,,,,,,,,,,,,,,,,,,,,,,,,,,,,,,,,,,,,,,,,,,,,,,,,,,,,,,,,,,,,,,,,,,,,,,,,,,,,,,,,,,,,,,,,,,,,,,,,,,,,,,,,,,,,,,,,,,,,,,,,,,,,,,,,,,,,,,,,,,,,,,,,,,,,,,,,,,,,,,,,,,,,,,,,,,,,,,NaN', 6145, 35.5, 19.7222, '192.168.1.121', '2,2,2,2,1,1,2,2,1,2,1,2,2,2,1,1,2,1,2,2,2,2,1,2,2,2,1,1,2,2,2,2,2,2,1,1,1,2,2,2,2,2,1,2,1,2,1,2,1,2,2,1,2,1,2,1,2,1,2,1,2,1,1,2,2,2,2,0,0,2,2,0,1,0,0,2,2,1,1,0,0,1,1,2,0,0,0,1,0,0,1,1,2,1,1,0,0,1,2,1,1,1,1,2,2,1,2,1,2,2,1,2,2,1,1,2,1,2,2,2,0,1,1,0,2,1,2,2,0,1,2,0,1,1,2,2,1,1,1,1,1,2,1,0,1,2,0,1,1,0,1,1,1,2,2,1,2,2,1,2,2,1,1,1,1,1,0,1,0,2,2,2,0,0,1,0,2,1,1,1', '', 0),
(33, 1, 50, 'Open', 1554975013, 0, 'Physics,Chemistry,Biology', '180,180,180', '1,2,3,4,5,6,7,8,9,10,11,12,13,14,15,16,17,18,19,20,21,22,23,24,25,26,27,28,29,30,31,32,33,34,35,36,37,38,39,40,41,42,43,44,45,46,47,48,49,50,51,52,53,54,55,56,57,58,59,60,61,62,63,64,65,66,67,68,69,70,71,72,73,74,75,76,77,78,79,80,81,82,83,84,85,86,87,88,181,182,90,91,92,93,94,95,96,97,98,99,100,101,102,103,104,105,106,107,108,109,110,111,112,113,114,115,116,117,118,119,120,121,122,123,124,125,126,127,128,129,130,131,132,133,134,135,136,137,138,139,140,141,142,143,144,145,146,147,148,149,150,151,152,153,154,155,156,157,158,160,161,162,163,164,165,166,167,168,169,170,171,172,173,174,175,176,177,178,179,180', '14,30,0,0,0,0,0,0,0,0,0,0,0,0,0,0,0,0,0,0,0,0,0,0,0,0,0,0,0,0,0,0,0,0,0,0,0,0,0,0,0,0,0,0,0,0,0,0,0,0,0,0,0,0,0,0,0,0,0,0,0,0,0,0,0,0,0,0,0,0,0,0,0,0,0,0,0,0,0,0,0,0,0,0,0,0,0,0,0,31,73,186,5,1,1,0,1,0,1,28,1,0,2,0,0,0,0,0,0,0,0,0,0,0,0,0,0,0,0,0,0,0,0,0,0,0,0,0,0,0,0,0,0,0,0,0,0,0,0,0,0,0,0,0,0,0,0,0,0,0,0,0,0,0,0,0,0,0,0,0,0,0,0,0,0,0,0,0,0,0,0,0,33,29,305,78,124,143,169,30,NaN,,,,,,,,,,,,,,,,,,,,,,,,,,,,,,,,,,,,,,,,,,,,,,,,,,,,,,,,,,,,,,,,,,,,,,,,,,,,,,,,,,,,,,,,,,,,,,,,,,,,,,,,,,,,,,,,,,,,,,,,,,,,,,,,,,,,,,,,,,,,,,,,,,,,,,,,,,,,,,,,,,,,,,,,,,,,,,,,,,,,NaN', 0, 0, 0, '192.168.1.120', '2,0,0,0,0,0,0,0,0,0,0,0,0,0,0,0,0,0,0,0,0,0,0,0,0,0,0,0,0,0,0,0,0,0,0,0,0,0,0,0,0,0,0,0,0,0,0,0,0,0,0,0,0,0,0,0,0,0,0,0,0,0,0,0,0,0,0,0,0,0,0,0,0,0,0,0,0,0,0,0,0,0,0,0,0,0,0,0,0,0,2,0,0,0,0,0,0,0,0,0,0,0,0,0,0,0,0,0,0,0,0,0,0,0,0,0,0,0,0,0,0,0,0,0,0,0,0,0,0,0,0,0,0,0,0,0,0,0,0,0,0,0,0,0,0,0,0,0,0,0,0,0,0,0,0,0,0,0,0,0,0,0,0,0,0,0,0,0,0,0,0,0,0,0,0,2,2,1,1,2', '', 0),
(34, 1, 92, 'fail', 1554975159, 1554981675, 'Physics,Chemistry,Biology', '180,180,180', '1,2,3,4,5,6,7,8,9,10,11,12,13,14,15,16,17,18,19,20,21,22,23,24,25,26,27,28,29,30,31,32,33,34,35,36,37,38,39,40,41,42,43,44,45,46,47,48,49,50,51,52,53,54,55,56,57,58,59,60,61,62,63,64,65,66,67,68,69,70,71,72,73,74,75,76,77,78,79,80,81,82,83,84,85,86,87,88,181,182,90,91,92,93,94,95,96,97,98,99,100,101,102,103,104,105,106,107,108,109,110,111,112,113,114,115,116,117,118,119,120,121,122,123,124,125,126,127,128,129,130,131,132,133,134,135,136,137,138,139,140,141,142,143,144,145,146,147,148,149,150,151,152,153,154,155,156,157,158,160,161,162,163,164,165,166,167,168,169,170,171,172,173,174,175,176,177,178,179,180', '6,17,5,97,41,68,38,64,80,203,72,179,77,50,14,45,54,165,14,40,0,19,0,0,0,0,0,0,233,75,15,15,42,18,29,30,56,477,18,41,30,178,89,111,7,82,11,147,9,25,22,100,27,15,22,137,43,43,96,23,51,60,31,36,33,21,41,36,10,98,6,151,10,28,40,22,18,50,194,31,150,16,10,24,35,102,59,8,8,69,15,6,4,7,2,8,12,9,4,4,4,21,4,10,5,3,4,5,10,6,5,4,4,4,4,4,4,6,4,8,6,6,10,4,8,6,52,8,20,13,16,24,12,52,5,19,33,21,13,7,26,9,18,24,20,17,6,30,8,3,22,10,14,22,19,64,10,4,28,28,14,33,13,12,32,8,110,8,7,4,3,5,4,101,23,6,24,5,8,6', 6395, 18.5, 10.2778, '192.168.1.132', '1,2,0,0,0,2,0,0,1,2,1,0,2,2,0,1,1,0,0,0,0,0,0,0,0,0,0,0,0,2,2,2,2,0,1,2,2,0,0,2,0,2,2,2,0,2,1,2,0,1,1,0,0,1,0,1,0,2,2,2,0,1,1,0,2,0,1,0,2,0,0,2,2,0,1,1,0,2,0,2,1,2,1,2,2,2,2,1,0,0,1,2,1,2,2,1,0,1,1,2,1,2,1,1,0,1,2,1,1,1,1,2,2,1,1,2,2,2,1,2,1,1,1,0,2,0,0,1,2,2,2,2,2,2,0,1,1,1,2,2,2,0,1,1,1,2,0,2,1,0,2,0,1,0,2,2,2,2,0,2,0,0,0,2,0,2,0,1,0,1,0,2,0,2,2,2,1,0,1,1', '', 0),
(35, 1, 48, 'Open', 1554975543, 0, 'Physics,Chemistry,Biology', '180,180,180', '1,2,3,4,5,6,7,8,9,10,11,12,13,14,15,16,17,18,19,20,21,22,23,24,25,26,27,28,29,30,31,32,33,34,35,36,37,38,39,40,41,42,43,44,45,46,47,48,49,50,51,52,53,54,55,56,57,58,59,60,61,62,63,64,65,66,67,68,69,70,71,72,73,74,75,76,77,78,79,80,81,82,83,84,85,86,87,88,181,182,90,91,92,93,94,95,96,97,98,99,100,101,102,103,104,105,106,107,108,109,110,111,112,113,114,115,116,117,118,119,120,121,122,123,124,125,126,127,128,129,130,131,132,133,134,135,136,137,138,139,140,141,142,143,144,145,146,147,148,149,150,151,152,153,154,155,156,157,158,160,161,162,163,164,165,166,167,168,169,170,171,172,173,174,175,176,177,178,179,180', '0,0,0,0,0,0,0,0,0,0,0,0,0,0,0,0,0,0,0,0,0,0,0,0,0,0,0,0,0,0,0,0,0,0,0,0,0,0,0,0,0,0,0,0,0,0,0,0,0,0,0,0,0,0,0,0,0,0,0,0,0,0,0,0,0,0,0,0,0,0,0,0,0,0,0,0,0,0,0,0,0,0,0,0,0,0,0,0,0,0,17,137,5,3,3,4,2,4,3,33,1,5,4,2,52,18,5,4,53,23,3,3,3,5,6,2,4,5,6,11,6,8,136,34,77,33,53,18,81,26,120,212,6,40,54,65,165,74,142,7,15,94,30,62,55,87,20,34,32,45,16,3,9,69,18,154,5,5,77,36,171,0,0,0,0,0,0,0,0,0,0,0,0,0,0,0,0,0,0,0', 0, 0, 0, '192.168.1.24', '0,0,0,0,0,0,0,0,0,0,0,0,0,0,0,0,0,0,0,0,0,0,0,0,0,0,0,0,0,0,0,0,0,0,0,0,0,0,0,0,0,0,0,0,0,0,0,0,0,0,0,0,0,0,0,0,0,0,0,0,0,0,0,0,0,0,0,0,0,0,0,0,0,0,0,0,0,0,0,0,0,0,0,0,0,0,0,0,0,0,2,2,1,2,1,0,0,1,2,1,0,1,1,0,0,1,1,1,1,2,1,2,2,1,2,1,1,2,2,0,0,0,1,1,1,2,0,1,1,1,2,1,0,0,1,1,0,0,1,1,2,0,1,2,1,0,0,2,1,0,0,0,1,0,0,2,0,2,0,1,0,0,0,0,0,0,0,0,0,0,0,0,0,0,0,0,0,0,0,0', '', 0),
(36, 1, 72, 'fail', 1554975640, 1554978529, 'Physics,Chemistry,Biology', '180,180,180', '1,2,3,4,5,6,7,8,9,10,11,12,13,14,15,16,17,18,19,20,21,22,23,24,25,26,27,28,29,30,31,32,33,34,35,36,37,38,39,40,41,42,43,44,45,46,47,48,49,50,51,52,53,54,55,56,57,58,59,60,61,62,63,64,65,66,67,68,69,70,71,72,73,74,75,76,77,78,79,80,81,82,83,84,85,86,87,88,181,182,90,91,92,93,94,95,96,97,98,99,100,101,102,103,104,105,106,107,108,109,110,111,112,113,114,115,116,117,118,119,120,121,122,123,124,125,126,127,128,129,130,131,132,133,134,135,136,137,138,139,140,141,142,143,144,145,146,147,148,149,150,151,152,153,154,155,156,157,158,160,161,162,163,164,165,166,167,168,169,170,171,172,173,174,175,176,177,178,179,180', '0,0,0,0,0,0,0,0,0,0,0,0,0,0,0,0,0,0,0,0,0,0,0,0,0,0,0,0,0,0,0,0,0,0,0,0,0,0,0,0,0,0,0,0,0,0,0,0,0,0,0,0,0,0,0,0,0,0,0,0,0,0,0,0,0,0,0,0,0,0,0,0,0,0,0,0,0,0,0,0,0,0,0,0,0,0,0,0,0,0,18,42,31,9,3,2,3,5,7,8,2,64,7,5,7,7,4,8,9,14,8,5,17,45,2,14,11,3,25,2,7,72,36,58,18,56,17,45,46,45,139,34,25,331,66,28,299,14,7,12,15,12,38,27,53,17,98,18,24,56,16,9,14,13,16,46,15,11,8,21,87,17,15,14,18,12,25,29,15,7,18,8,45,6,95,3,66,5,47,85', 2880, 4, 2.22222, '192.168.1.22', '0,0,0,0,0,0,0,0,0,0,0,0,0,0,0,0,0,0,0,0,0,0,0,0,0,0,0,0,0,0,0,0,0,0,0,0,0,0,0,0,0,0,0,0,0,0,0,0,0,0,0,0,0,0,0,0,0,0,0,0,0,0,0,0,0,0,0,0,0,0,0,0,0,0,0,0,0,0,0,0,0,0,0,0,0,0,0,0,0,0,2,2,1,2,1,0,0,1,0,1,0,0,1,0,2,1,1,1,1,0,1,2,2,1,0,1,2,2,2,0,0,2,1,1,0,2,0,0,2,1,2,0,1,2,0,2,2,0,0,1,2,0,2,2,2,0,2,0,2,2,1,0,2,0,0,2,2,2,0,0,2,0,0,1,2,2,2,2,0,2,1,0,0,0,0,0,2,0,1,0', '', 0),
(37, 1, 50, 'Open', 1554976318, 0, 'Physics,Chemistry,Biology', '180,180,180', '1,2,3,4,5,6,7,8,9,10,11,12,13,14,15,16,17,18,19,20,21,22,23,24,25,26,27,28,29,30,31,32,33,34,35,36,37,38,39,40,41,42,43,44,45,46,47,48,49,50,51,52,53,54,55,56,57,58,59,60,61,62,63,64,65,66,67,68,69,70,71,72,73,74,75,76,77,78,79,80,81,82,83,84,85,86,87,88,181,182,90,91,92,93,94,95,96,97,98,99,100,101,102,103,104,105,106,107,108,109,110,111,112,113,114,115,116,117,118,119,120,121,122,123,124,125,126,127,128,129,130,131,132,133,134,135,136,137,138,139,140,141,142,143,144,145,146,147,148,149,150,151,152,153,154,155,156,157,158,160,161,162,163,164,165,166,167,168,169,170,171,172,173,174,175,176,177,178,179,180', '0,0,0,0,0,0,0,0,0,0,0,0,0,0,0,0,0,0,0,0,0,0,0,0,0,0,0,0,0,0,0,0,0,0,0,0,0,0,0,0,0,0,0,0,0,0,0,0,0,0,0,0,0,0,0,0,0,0,0,0,0,0,0,0,0,0,0,0,0,0,0,0,0,0,0,0,0,0,0,0,0,0,0,0,0,0,0,0,0,0,0,0,0,0,0,0,0,0,0,0,0,0,0,0,0,0,0,0,0,0,0,0,0,0,0,0,0,0,0,0,0,0,0,0,0,0,0,0,0,0,0,0,0,0,0,0,0,0,0,0,0,0,0,0,0,0,0,0,0,0,0,0,0,0,0,0,0,0,0,0,0,0,0,0,0,0,0,0,0,0,0,0,0,0,0,0,0,0,0,23', 0, 0, 0, '192.168.1.120', '0,0,0,0,0,0,0,0,0,0,0,0,0,0,0,0,0,0,0,0,0,0,0,0,0,0,0,0,0,0,0,0,0,0,0,0,0,0,0,0,0,0,0,0,0,0,0,0,0,0,0,0,0,0,0,0,0,0,0,0,0,0,0,0,0,0,0,0,0,0,0,0,0,0,0,0,0,0,0,0,0,0,0,0,0,0,0,0,0,0,0,0,0,0,0,0,0,0,0,0,0,0,0,0,0,0,0,0,0,0,0,0,0,0,0,0,0,0,0,0,0,0,0,0,0,0,0,0,0,0,0,0,0,0,0,0,0,0,0,0,0,0,0,0,0,0,0,0,0,0,0,0,0,0,0,0,0,0,0,0,0,0,0,0,0,0,0,0,0,0,0,0,0,0,0,0,0,0,0,0', '', 0),
(38, 1, 50, 'Open', 1554976349, 0, 'Physics,Chemistry,Biology', '180,180,180', '1,2,3,4,5,6,7,8,9,10,11,12,13,14,15,16,17,18,19,20,21,22,23,24,25,26,27,28,29,30,31,32,33,34,35,36,37,38,39,40,41,42,43,44,45,46,47,48,49,50,51,52,53,54,55,56,57,58,59,60,61,62,63,64,65,66,67,68,69,70,71,72,73,74,75,76,77,78,79,80,81,82,83,84,85,86,87,88,181,182,90,91,92,93,94,95,96,97,98,99,100,101,102,103,104,105,106,107,108,109,110,111,112,113,114,115,116,117,118,119,120,121,122,123,124,125,126,127,128,129,130,131,132,133,134,135,136,137,138,139,140,141,142,143,144,145,146,147,148,149,150,151,152,153,154,155,156,157,158,160,161,162,163,164,165,166,167,168,169,170,171,172,173,174,175,176,177,178,179,180', '30,0,0,0,0,0,0,0,0,0,0,0,0,0,0,0,0,0,0,0,0,0,0,0,0,0,0,0,0,0,0,0,0,0,0,0,0,0,0,0,0,0,0,0,0,0,0,0,0,0,0,0,0,0,0,0,0,0,0,0,0,0,0,0,0,0,0,0,0,0,0,0,0,0,0,0,0,0,0,0,0,0,0,0,0,0,0,0,0,0,0,0,0,0,0,0,0,0,0,0,0,0,0,0,0,0,0,0,0,0,0,0,0,0,0,0,0,0,0,0,0,0,0,0,0,0,0,0,0,0,0,0,0,0,0,0,0,0,0,0,0,0,0,0,0,0,0,0,0,0,0,0,0,0,0,0,0,0,0,0,0,0,0,0,4,1,5,274,2,2,1,31,3,42,78,11,10,5,131,60', 0, 0, 0, '192.168.1.120', '0,0,0,0,0,0,0,0,0,0,0,0,0,0,0,0,0,0,0,0,0,0,0,0,0,0,0,0,0,0,0,0,0,0,0,0,0,0,0,0,0,0,0,0,0,0,0,0,0,0,0,0,0,0,0,0,0,0,0,0,0,0,0,0,0,0,0,0,0,0,0,0,0,0,0,0,0,0,0,0,0,0,0,0,0,0,0,0,0,0,0,0,0,0,0,0,0,0,0,0,0,0,0,0,0,0,0,0,0,0,0,0,0,0,0,0,0,0,0,0,0,0,0,0,0,0,0,0,0,0,0,0,0,0,0,0,0,0,0,0,0,0,0,0,0,0,0,0,0,0,0,0,0,0,0,0,0,0,0,0,0,0,0,0,0,0,0,0,0,0,0,0,0,0,2,2,2,1,1,2', '', 0),
(39, 1, 52, 'fail', 1554976356, 1554983872, 'Physics,Chemistry,Biology', '180,180,180', '1,2,3,4,5,6,7,8,9,10,11,12,13,14,15,16,17,18,19,20,21,22,23,24,25,26,27,28,29,30,31,32,33,34,35,36,37,38,39,40,41,42,43,44,45,46,47,48,49,50,51,52,53,54,55,56,57,58,59,60,61,62,63,64,65,66,67,68,69,70,71,72,73,74,75,76,77,78,79,80,81,82,83,84,85,86,87,88,181,182,90,91,92,93,94,95,96,97,98,99,100,101,102,103,104,105,106,107,108,109,110,111,112,113,114,115,116,117,118,119,120,121,122,123,124,125,126,127,128,129,130,131,132,133,134,135,136,137,138,139,140,141,142,143,144,145,146,147,148,149,150,151,152,153,154,155,156,157,158,160,161,162,163,164,165,166,167,168,169,170,171,172,173,174,175,176,177,178,179,180', '0,12,2,102,10,7,10,9,38,7,11,5,7,4,5,5,12,27,37,13,12,8,4,224,74,276,92,190,129,159,19,17,48,68,133,41,129,47,79,38,28,163,133,20,40,95,19,106,31,33,40,283,31,4,209,14,15,13,29,34,88,102,37,32,12,19,35,10,8,21,53,2,6,29,6,0,2,21,3,0,0,0,0,0,0,0,0,0,0,8,55,47,17,20,28,33,45,15,7,16,52,29,8,41,45,220,9,6,94,63,30,7,31,33,44,20,29,17,17,25,183,17,19,24,13,48,37,11,25,107,9,125,20,75,21,42,109,19,10,12,6,49,9,60,5,17,73,95,18,45,10,5,20,32,12,80,7,4,39,10,63,58,69,172,32,7,17,12,15,51,9,13,14,51,142,28,55,62,32,13', 7481, 55.5, 30.8333, '192.168.1.131', '1,2,0,2,1,1,0,2,1,2,2,1,0,2,1,1,0,1,2,2,2,0,2,0,2,0,2,1,0,1,1,1,2,1,1,2,2,1,0,1,2,2,1,1,1,1,1,1,0,1,1,2,2,0,0,1,1,1,0,2,0,2,1,1,2,0,1,0,0,2,0,0,0,0,0,0,0,1,0,0,0,0,0,0,0,0,0,0,0,0,2,1,2,2,0,1,1,1,2,1,1,1,1,0,1,0,1,1,1,0,1,1,2,1,2,0,2,2,0,0,2,1,2,0,1,1,0,1,0,1,0,1,1,1,1,0,0,1,1,1,2,0,1,2,1,0,1,2,1,2,1,0,1,2,0,2,0,1,0,1,1,0,2,1,1,2,0,1,0,1,0,0,0,0,1,0,1,1,1,1', '', 0),
(40, 1, 56, 'Pass', 1554976729, 1554983944, 'Physics,Chemistry,Biology', '180,180,180', '1,2,3,4,5,6,7,8,9,10,11,12,13,14,15,16,17,18,19,20,21,22,23,24,25,26,27,28,29,30,31,32,33,34,35,36,37,38,39,40,41,42,43,44,45,46,47,48,49,50,51,52,53,54,55,56,57,58,59,60,61,62,63,64,65,66,67,68,69,70,71,72,73,74,75,76,77,78,79,80,81,82,83,84,85,86,87,88,181,182,90,91,92,93,94,95,96,97,98,99,100,101,102,103,104,105,106,107,108,109,110,111,112,113,114,115,116,117,118,119,120,121,122,123,124,125,126,127,128,129,130,131,132,133,134,135,136,137,138,139,140,141,142,143,144,145,146,147,148,149,150,151,152,153,154,155,156,157,158,160,161,162,163,164,165,166,167,168,169,170,171,172,173,174,175,176,177,178,179,180', '0,34,5,5,3,4,6,5,4,5,4,3,8,4,3,5,6,4,5,40,4,4,3,4,4,34,3,15,64,138,40,23,112,54,57,106,134,44,221,40,105,143,67,16,62,120,25,49,91,22,33,232,67,66,172,43,56,33,98,61,230,75,15,155,19,87,61,103,18,79,72,112,30,65,40,28,16,30,16,19,32,15,56,33,33,21,86,8,126,57,13,57,37,60,3,32,29,53,43,15,54,30,14,33,27,5,4,6,12,41,27,19,74,14,8,93,10,9,6,16,69,64,7,79,78,4,37,19,51,12,54,38,11,39,8,5,20,25,4,7,33,33,15,31,3,31,27,49,7,99,46,80,15,5,22,57,11,11,44,9,38,5,16,18,5,8,87,15,57,9,43,14,6,52,70,46,14,26,14,10', 7211, 110, 61.1111, '192.168.1.25', '1,2,1,1,1,1,2,2,1,1,1,1,1,2,1,1,1,1,0,2,1,1,1,1,2,1,1,1,1,1,1,2,1,1,1,1,1,1,1,1,1,1,1,1,1,2,1,1,1,1,1,2,2,2,2,1,1,1,2,1,1,1,1,1,2,1,1,2,1,2,1,2,2,2,1,1,1,1,1,1,1,1,1,2,1,1,2,1,2,0,2,1,1,2,1,1,1,2,2,1,1,1,1,2,1,1,1,1,1,2,1,1,1,1,1,1,1,2,1,1,2,1,1,2,2,2,2,1,1,1,2,1,1,1,1,1,1,1,1,1,1,1,1,1,1,2,2,1,1,2,1,0,1,1,1,1,1,1,2,1,2,1,1,1,1,2,1,1,2,2,1,1,0,1,1,2,1,1,1,1', '', 0),
(41, 1, 50, 'Open', 1554977397, 0, 'Physics,Chemistry,Biology', '180,180,180', '1,2,3,4,5,6,7,8,9,10,11,12,13,14,15,16,17,18,19,20,21,22,23,24,25,26,27,28,29,30,31,32,33,34,35,36,37,38,39,40,41,42,43,44,45,46,47,48,49,50,51,52,53,54,55,56,57,58,59,60,61,62,63,64,65,66,67,68,69,70,71,72,73,74,75,76,77,78,79,80,81,82,83,84,85,86,87,88,181,182,90,91,92,93,94,95,96,97,98,99,100,101,102,103,104,105,106,107,108,109,110,111,112,113,114,115,116,117,118,119,120,121,122,123,124,125,126,127,128,129,130,131,132,133,134,135,136,137,138,139,140,141,142,143,144,145,146,147,148,149,150,151,152,153,154,155,156,157,158,160,161,162,163,164,165,166,167,168,169,170,171,172,173,174,175,176,177,178,179,180', '0,0,0,0,0,0,0,0,0,0,0,0,0,0,0,0,0,0,0,0,0,0,0,0,0,0,0,0,0,0,0,0,0,0,0,0,0,0,0,0,0,0,0,0,0,0,0,0,0,0,0,0,0,0,0,0,0,0,0,0,0,0,0,0,0,0,0,0,0,0,0,0,0,0,0,0,0,0,0,0,0,0,0,0,0,0,0,0,0,0,0,0,0,0,0,0,0,0,0,0,0,0,0,0,0,0,0,0,0,0,0,0,0,0,0,0,0,0,0,0,0,0,0,0,0,0,0,0,0,0,0,0,0,0,0,0,0,0,0,0,0,0,0,0,0,0,0,0,0,0,0,144,0,0,1,395,0,0,0,0,0,0,0,0,0,0,0,0,0,0,0,0,0,0,0,0,0,0,0,0', 0, 0, 0, '192.168.1.120', '0,0,0,0,0,0,0,0,0,0,0,0,0,0,0,0,0,0,0,0,0,0,0,0,0,0,0,0,0,0,0,0,0,0,0,0,0,0,0,0,0,0,0,0,0,0,0,0,0,0,0,0,0,0,0,0,0,0,0,0,0,0,0,0,0,0,0,0,0,0,0,0,0,0,0,0,0,0,0,0,0,0,0,0,0,0,0,0,0,0,0,0,0,0,0,0,0,0,0,0,0,0,0,0,0,0,0,0,0,0,0,0,0,0,0,0,0,0,0,0,0,0,0,0,0,0,0,0,0,0,0,0,0,0,0,0,0,0,0,0,0,0,0,0,0,0,0,0,0,0,0,0,0,0,0,0,0,0,0,0,0,0,0,0,0,0,0,0,0,0,0,0,0,0,0,0,0,0,0,0', '', 0),
(42, 1, 50, 'Open', 1554978645, 0, 'Physics,Chemistry,Biology', '180,180,180', '1,2,3,4,5,6,7,8,9,10,11,12,13,14,15,16,17,18,19,20,21,22,23,24,25,26,27,28,29,30,31,32,33,34,35,36,37,38,39,40,41,42,43,44,45,46,47,48,49,50,51,52,53,54,55,56,57,58,59,60,61,62,63,64,65,66,67,68,69,70,71,72,73,74,75,76,77,78,79,80,81,82,83,84,85,86,87,88,181,182,90,91,92,93,94,95,96,97,98,99,100,101,102,103,104,105,106,107,108,109,110,111,112,113,114,115,116,117,118,119,120,121,122,123,124,125,126,127,128,129,130,131,132,133,134,135,136,137,138,139,140,141,142,143,144,145,146,147,148,149,150,151,152,153,154,155,156,157,158,160,161,162,163,164,165,166,167,168,169,170,171,172,173,174,175,176,177,178,179,180', '0,0,0,0,0,0,0,0,0,0,0,0,0,0,0,0,0,0,0,0,0,0,0,0,0,0,0,0,0,0,0,0,0,0,0,0,0,0,0,0,0,0,0,0,0,0,0,0,0,0,0,0,0,0,0,0,0,0,0,0,0,0,0,0,0,0,0,0,0,0,0,0,0,0,0,0,0,0,0,0,0,0,0,0,0,0,0,0,0,0,0,0,0,0,0,0,0,0,0,0,0,0,0,0,0,0,0,0,0,0,0,0,0,0,0,0,0,0,0,0,0,0,0,0,0,0,0,0,0,0,0,0,0,0,0,0,0,0,0,0,0,0,0,0,0,0,0,0,0,0,0,0,0,0,0,0,0,0,0,0,0,0,0,0,0,0,0,0,0,0,0,0,0,0,0,0,0,0,0,0', 0, 0, 0, '192.168.1.119', '0,0,0,0,0,0,0,0,0,0,0,0,0,0,0,0,0,0,0,0,0,0,0,0,0,0,0,0,0,0,0,0,0,0,0,0,0,0,0,0,0,0,0,0,0,0,0,0,0,0,0,0,0,0,0,0,0,0,0,0,0,0,0,0,0,0,0,0,0,0,0,0,0,0,0,0,0,0,0,0,0,0,0,0,0,0,0,0,0,0,0,0,0,0,0,0,0,0,0,0,0,0,0,0,0,0,0,0,0,0,0,0,0,0,0,0,0,0,0,0,0,0,0,0,0,0,0,0,0,0,0,0,0,0,0,0,0,0,0,0,0,0,0,0,0,0,0,0,0,0,0,0,0,0,0,0,0,0,0,0,0,0,0,0,0,0,0,0,0,0,0,0,0,0,0,0,0,0,0,0', '', 0),
(43, 1, 50, 'fail', 1554978684, 1554981224, 'Physics,Chemistry,Biology', '180,180,180', '1,2,3,4,5,6,7,8,9,10,11,12,13,14,15,16,17,18,19,20,21,22,23,24,25,26,27,28,29,30,31,32,33,34,35,36,37,38,39,40,41,42,43,44,45,46,47,48,49,50,51,52,53,54,55,56,57,58,59,60,61,62,63,64,65,66,67,68,69,70,71,72,73,74,75,76,77,78,79,80,81,82,83,84,85,86,87,88,181,182,90,91,92,93,94,95,96,97,98,99,100,101,102,103,104,105,106,107,108,109,110,111,112,113,114,115,116,117,118,119,120,121,122,123,124,125,126,127,128,129,130,131,132,133,134,135,136,137,138,139,140,141,142,143,144,145,146,147,148,149,150,151,152,153,154,155,156,157,158,160,161,162,163,164,165,166,167,168,169,170,171,172,173,174,175,176,177,178,179,180', '4,18,2,1,1,1,2,2,1,1,1,0,0,0,0,0,0,0,0,0,0,0,0,0,0,0,0,0,0,0,0,0,0,0,0,0,0,0,0,0,0,0,0,0,8,38,75,2,6,2,12,6,12,3,12,0,0,0,0,0,0,0,0,0,0,0,0,0,0,0,0,0,0,0,0,0,0,0,0,0,0,0,6,8,4,19,42,18,8,27,26,32,51,31,6,52,33,14,16,40,42,59,11,23,16,6,99,8,30,59,86,15,36,69,78,13,85,14,14,20,43,17,49,5,11,24,51,26,61,102,18,27,64,125,31,50,60,77,22,12,8,41,23,87,13,29,10,0,0,0,0,0,0,0,0,0,0,0,0,0,0,0,0,0,0,0,0,0,0,0,0,0,0,0,0,0,0,0,0,0,,,,,,,,,,,,,,,,,,,,,,,,,,,,,,,,,,,,,,,,,,,,,,,,,,,,,,,,,,,,,,,,,,,,,,,,,,,,,,,,,,,,,,,,,,,,,,,,,,,,,,,,,,,,,,,,,,,,,,,,,,,,,,,,,,,,,,,,,,,,,,,,,,,,,,,,,,,,,,,,,,,,,,,,,,,,,,,,,,,,,NaN', 2512, 6.5, 3.61111, '192.168.1.119', '0,0,0,0,0,0,0,0,0,0,0,0,0,0,0,0,0,0,0,0,0,0,0,0,0,0,0,0,0,0,0,0,0,0,0,0,0,0,0,0,0,0,0,0,0,0,1,0,0,0,0,0,0,0,0,0,0,0,0,0,0,0,0,0,0,0,0,0,0,0,0,0,0,0,0,0,0,0,0,0,0,0,0,0,0,0,2,2,0,0,2,2,2,2,2,0,1,1,1,1,0,1,1,0,0,0,2,0,2,0,2,2,2,2,1,1,0,2,2,2,0,0,1,0,1,2,0,1,2,0,0,0,2,1,0,0,2,1,2,1,2,2,1,1,1,0,0,0,0,0,0,0,0,0,0,0,0,0,0,0,0,0,0,0,0,0,0,0,0,0,0,0,0,0,0,0,0,0,0,0', '', 0),
(44, 1, 50, 'Open', 1554978994, 0, 'Physics,Chemistry,Biology', '180,180,180', '1,2,3,4,5,6,7,8,9,10,11,12,13,14,15,16,17,18,19,20,21,22,23,24,25,26,27,28,29,30,31,32,33,34,35,36,37,38,39,40,41,42,43,44,45,46,47,48,49,50,51,52,53,54,55,56,57,58,59,60,61,62,63,64,65,66,67,68,69,70,71,72,73,74,75,76,77,78,79,80,81,82,83,84,85,86,87,88,181,182,90,91,92,93,94,95,96,97,98,99,100,101,102,103,104,105,106,107,108,109,110,111,112,113,114,115,116,117,118,119,120,121,122,123,124,125,126,127,128,129,130,131,132,133,134,135,136,137,138,139,140,141,142,143,144,145,146,147,148,149,150,151,152,153,154,155,156,157,158,160,161,162,163,164,165,166,167,168,169,170,171,172,173,174,175,176,177,178,179,180', '960,0,0,0,0,0,0,0,0,0,0,0,0,0,0,0,0,0,0,0,0,0,0,0,0,0,0,0,0,0,0,0,0,0,0,0,0,0,0,0,0,0,0,0,0,0,0,0,0,0,0,0,0,0,0,0,0,0,0,0,0,0,0,0,0,0,0,0,0,0,0,0,0,0,0,0,0,0,0,0,0,0,0,0,0,0,0,0,0,0,0,0,0,0,0,0,0,0,0,0,0,0,0,0,0,0,0,0,0,0,0,0,0,0,0,0,0,0,0,0,0,0,0,0,0,0,0,0,0,0,0,0,0,0,0,0,0,0,0,0,0,0,0,0,0,0,0,0,0,0,0,0,0,0,0,0,0,0,0,0,0,0,0,0,0,0,0,0,0,0,0,0,0,0,0,0,0,0,0,0', 0, 0, 0, '192.168.1.120', '0,0,0,0,0,0,0,0,0,0,0,0,0,0,0,0,0,0,0,0,0,0,0,0,0,0,0,0,0,0,0,0,0,0,0,0,0,0,0,0,0,0,0,0,0,0,0,0,0,0,0,0,0,0,0,0,0,0,0,0,0,0,0,0,0,0,0,0,0,0,0,0,0,0,0,0,0,0,0,0,0,0,0,0,0,0,0,0,0,0,0,0,0,0,0,0,0,0,0,0,0,0,0,0,0,0,0,0,0,0,0,0,0,0,0,0,0,0,0,0,0,0,0,0,0,0,0,0,0,0,0,0,0,0,0,0,0,0,0,0,0,0,0,0,0,0,0,0,0,0,0,0,0,0,0,0,0,0,0,0,0,0,0,0,0,0,0,0,0,0,0,0,0,0,0,0,0,0,0,0', '', 0),
(45, 1, 50, 'Open', 1555028868, 0, 'Physics,Chemistry,Biology', '180,180,180', '1,2,3,4,5,6,7,8,9,10,11,12,13,14,15,16,17,18,19,20,21,22,23,24,25,26,27,28,29,30,31,32,33,34,35,36,37,38,39,40,41,42,43,44,45,46,47,48,49,50,51,52,53,54,55,56,57,58,59,60,61,62,63,64,65,66,67,68,69,70,71,72,73,74,75,76,77,78,79,80,81,82,83,84,85,86,87,88,181,182,90,91,92,93,94,95,96,97,98,99,100,101,102,103,104,105,106,107,108,109,110,111,112,113,114,115,116,117,118,119,120,121,122,123,124,125,126,127,128,129,130,131,132,133,134,135,136,137,138,139,140,141,142,143,144,145,146,147,148,149,150,151,152,153,154,155,156,157,158,160,161,162,163,164,165,166,167,168,169,170,171,172,173,174,175,176,177,178,179,180', '56,33,1,0,0,0,0,0,0,0,0,0,0,0,0,0,0,0,0,0,0,0,0,0,0,0,0,0,0,0,0,0,0,0,0,0,0,0,0,0,0,0,0,0,0,0,0,0,0,0,0,0,0,0,0,0,0,0,0,0,0,0,0,0,0,0,0,0,0,0,0,0,0,0,0,0,0,0,0,0,0,0,0,0,0,0,0,0,0,0,1888,62,0,0,0,0,0,0,0,0,0,0,0,0,0,0,0,0,0,0,0,0,0,0,0,0,0,0,0,0,0,0,0,0,0,0,0,0,0,0,0,0,0,0,0,0,0,0,0,0,0,0,0,0,0,0,0,0,0,0,0,0,0,0,0,0,0,0,0,0,0,0,0,0,0,0,0,0,0,0,0,0,0,0,0,0,0,0,0,0', 0, 0, 0, '192.168.1.135', '2,0,0,0,0,0,0,0,0,0,0,0,0,0,0,0,0,0,0,0,0,0,0,0,0,0,0,0,0,0,0,0,0,0,0,0,0,0,0,0,0,0,0,0,0,0,0,0,0,0,0,0,0,0,0,0,0,0,0,0,0,0,0,0,0,0,0,0,0,0,0,0,0,0,0,0,0,0,0,0,0,0,0,0,0,0,0,0,0,0,2,0,0,0,0,0,0,0,0,0,0,0,0,0,0,0,0,0,0,0,0,0,0,0,0,0,0,0,0,0,0,0,0,0,0,0,0,0,0,0,0,0,0,0,0,0,0,0,0,0,0,0,0,0,0,0,0,0,0,0,0,0,0,0,0,0,0,0,0,0,0,0,0,0,0,0,0,0,0,0,0,0,0,0,0,0,0,0,0,0', '', 0),
(46, 1, 250, 'fail', 1555045373, 1555045380, 'Physics,Chemistry,Biology', '180,180,180', '1,2,3,4,5,6,7,8,9,10,11,12,13,14,15,16,17,18,19,20,21,22,23,24,25,26,27,28,29,30,31,32,33,34,35,36,37,38,39,40,41,42,43,44,45,46,47,48,49,50,51,52,53,54,55,56,57,58,59,60,61,62,63,64,65,66,67,68,69,70,71,72,73,74,75,76,77,78,79,80,81,82,83,84,85,86,87,88,181,182,90,91,92,93,94,95,96,97,98,99,100,101,102,103,104,105,106,107,108,109,110,111,112,113,114,115,116,117,118,119,120,121,122,123,124,125,126,127,128,129,130,131,132,133,134,135,136,137,138,139,140,141,142,143,144,145,146,147,148,149,150,151,152,153,154,155,156,157,158,160,161,162,163,164,165,166,167,168,169,170,171,172,173,174,175,176,177,178,179,180', '0,0,0,0,0,0,0,0,0,0,0,0,0,0,0,0,0,0,0,0,0,0,0,0,0,0,0,0,0,0,0,0,0,0,0,0,0,0,0,0,0,0,0,0,0,0,0,0,0,0,0,0,0,0,0,0,0,0,0,0,0,0,0,0,0,0,0,0,0,0,0,0,0,0,0,0,0,0,0,0,0,0,0,0,0,0,0,0,0,0,0,0,0,0,0,0,0,0,0,0,0,0,0,0,0,0,0,0,0,0,0,0,0,0,0,0,0,0,0,0,0,0,0,0,0,0,0,0,0,0,0,0,0,0,0,0,0,0,0,0,0,0,0,0,0,0,0,0,0,0,0,0,0,0,0,0,0,0,0,0,0,0,0,0,0,0,0,0,0,0,0,0,0,0,0,0,0,0,0,0', 0, 1, 0.555556, '::1', '1,0,0,0,0,0,0,0,0,0,0,0,0,0,0,0,0,0,0,0,0,0,0,0,0,0,0,0,0,0,0,0,0,0,0,0,0,0,0,0,0,0,0,0,0,0,0,0,0,0,0,0,0,0,0,0,0,0,0,0,0,0,0,0,0,0,0,0,0,0,0,0,0,0,0,0,0,0,0,0,0,0,0,0,0,0,0,0,0,0,0,0,0,0,0,0,0,0,0,0,0,0,0,0,0,0,0,0,0,0,0,0,0,0,0,0,0,0,0,0,0,0,0,0,0,0,0,0,0,0,0,0,0,0,0,0,0,0,0,0,0,0,0,0,0,0,0,0,0,0,0,0,0,0,0,0,0,0,0,0,0,0,0,0,0,0,0,0,0,0,0,0,0,0,0,0,0,0,0,0', '', 0);
INSERT INTO `result` (`rid`, `exam_id`, `student_id`, `result_status`, `start_time`, `end_time`, `categories`, `category_range`, `r_qids`, `individual_time`, `total_time`, `score_obtained`, `percentage_obtained`, `attempted_ip`, `score_individual`, `photo`, `manual_valuation`) VALUES
(48, 2, 56, 'fail', 1555046089, 1555046200, 'Physics', '45', '1,2,3,4,5,6,7,8,9,10,11,12,13,14,15,16,17,18,19,20,21,22,23,24,25,26,27,28,29,30,31,32,33,34,35,36,37,38,39,40,41,42,43,44,45', '0,26,6,5,5,9,15,17,9,14,0,0,0,0,0,0,0,0,0,0,0,0,0,0,0,0,0,0,0,0,0,0,0,0,0,0,0,0,0,0,0,0,0,0,0', 106, 5.5, 12.2222, '::1', '1,2,1,1,1,1,2,2,1,1,0,0,0,0,0,0,0,0,0,0,0,0,0,0,0,0,0,0,0,0,0,0,0,0,0,0,0,0,0,0,0,0,0,0,0', '', 0);

-- --------------------------------------------------------

--
-- Table structure for table `schools`
--

CREATE TABLE `schools` (
  `school_id` bigint(20) NOT NULL,
  `name` varchar(200) NOT NULL,
  `status` int(11) NOT NULL,
  `place` varchar(200) DEFAULT NULL
) ENGINE=InnoDB DEFAULT CHARSET=latin1;

--
-- Dumping data for table `schools`
--

INSERT INTO `schools` (`school_id`, `name`, `status`, `place`) VALUES
(1, 'VBC', 1, 'Theni'),
(2, 'vbc', 1, 'Madurai'),
(3, 'VBC', 1, 'Veeraganoor');

-- --------------------------------------------------------

--
-- Table structure for table `section`
--

CREATE TABLE `section` (
  `section_id` int(11) NOT NULL,
  `name` longtext COLLATE utf8_unicode_ci NOT NULL,
  `class_id` int(11) NOT NULL,
  `teacher_id` int(11) DEFAULT NULL
) ENGINE=InnoDB DEFAULT CHARSET=utf8 COLLATE=utf8_unicode_ci;

--
-- Dumping data for table `section`
--

INSERT INTO `section` (`section_id`, `name`, `class_id`, `teacher_id`) VALUES
(34, 'A', 23, NULL),
(36, 'A', 2, NULL),
(37, 'A', 3, NULL),
(38, 'A', 1, 2),
(39, 'B', 1, 1),
(40, 'A', 4, NULL),
(41, 'A', 5, NULL),
(42, 'A', 1, NULL),
(43, 'A', 2, NULL),
(44, 'A', 3, NULL),
(45, 'A', 4, NULL),
(46, 'A', 5, NULL),
(47, 'A', 6, NULL),
(48, 'A', 7, NULL),
(49, 'A', 8, NULL),
(50, 'A', 9, NULL),
(51, 'A', 10, NULL),
(52, 'A', 11, NULL),
(53, 'A', 12, NULL);

-- --------------------------------------------------------

--
-- Table structure for table `settings`
--

CREATE TABLE `settings` (
  `settings_id` int(11) NOT NULL,
  `type` longtext CHARACTER SET utf8 COLLATE utf8_unicode_ci NOT NULL,
  `description` longtext CHARACTER SET utf8 COLLATE utf8_unicode_ci NOT NULL
) ENGINE=MyISAM DEFAULT CHARSET=latin1;

--
-- Dumping data for table `settings`
--

INSERT INTO `settings` (`settings_id`, `type`, `description`) VALUES
(1, 'system_name', 'Velstools'),
(2, 'system_title', 'Velstools'),
(3, 'address', 'Velammal Educational Trust'),
(4, 'phone', '360-428-3840'),
(5, 'paypal_email', 'admin@admin.com'),
(6, 'currency', '$'),
(7, 'system_email', 'admin@admin.com'),
(20, 'rtl', ''),
(11, 'language', 'english'),
(13, 'minimark', '50'),
(15, 'ad', ''),
(16, 'skin_colour', 'blue'),
(18, 'domain', 'google.com'),
(21, 'running_year', '2016-2017'),
(22, 'facebook_url', 'https://www.facebook.com/'),
(23, 'twitter_url', 'https://www.twitter.com/'),
(24, 'google_url', 'https://www.google.com/'),
(25, 'instagram_url', 'https://instagram.com/'),
(26, 'linkedin_url', 'https://www.linkedin.com/'),
(27, 'pinterest_url', 'https://pinterest.com/'),
(28, 'dribbble_url', 'https://dribbble.com/'),
(29, 'youtube_url', 'https://youtube.com/');

-- --------------------------------------------------------

--
-- Table structure for table `student`
--

CREATE TABLE `student` (
  `student_id` int(11) NOT NULL,
  `adm_no` int(11) DEFAULT NULL,
  `name` longtext COLLATE utf8_unicode_ci NOT NULL,
  `birthday` date DEFAULT NULL,
  `sex` longtext COLLATE utf8_unicode_ci NOT NULL,
  `address` longtext COLLATE utf8_unicode_ci NOT NULL,
  `phone` longtext COLLATE utf8_unicode_ci NOT NULL,
  `email` longtext COLLATE utf8_unicode_ci NOT NULL,
  `password` longtext COLLATE utf8_unicode_ci NOT NULL,
  `pwd_text` varchar(300) COLLATE utf8_unicode_ci DEFAULT NULL,
  `parent_id` int(11) DEFAULT NULL,
  `student_session` int(11) NOT NULL DEFAULT '1',
  `username` longtext COLLATE utf8_unicode_ci NOT NULL,
  `dob` date DEFAULT NULL,
  `gender` bigint(20) DEFAULT NULL,
  `adm_class` int(11) DEFAULT NULL,
  `group_id` int(11) DEFAULT NULL
) ENGINE=InnoDB DEFAULT CHARSET=utf8 COLLATE=utf8_unicode_ci;

--
-- Dumping data for table `student`
--

INSERT INTO `student` (`student_id`, `adm_no`, `name`, `birthday`, `sex`, `address`, `phone`, `email`, `password`, `pwd_text`, `parent_id`, `student_session`, `username`, `dob`, `gender`, `adm_class`, `group_id`) VALUES
(1, 20194002, 'abinayas', NULL, '', '', '', '', '9dbb4540fa3758eca4471a84d58f3073c2c62eab', 'Abinayas@1.com', NULL, 1, 'abinayas', NULL, NULL, 12, 4),
(2, 20194003, 'akshayak', NULL, '', '', '', '', '0bcccb033de278c389063cb1792049da4214d06c', 'Akshayak@2.com', NULL, 1, 'akshayak', NULL, NULL, 12, 4),
(3, 20194004, 'asharanim', NULL, '', '', '', '', 'ee272e29dfef36bf873ac571bb1c1d46e03bf09a', 'Asharanim@3.com', NULL, 1, 'asharanim', NULL, NULL, 12, 4),
(4, 20194005, 'balasnehac', NULL, '', '', '', '', 'f02524603a2c547eb5341b02a4430f56d157b80e', 'Balasnehac@4.com', NULL, 1, 'balasnehac', NULL, NULL, 12, 4),
(5, 20194006, 'bhuvanshreeb', NULL, '', '', '', '', '3594565dd4dff6f461f1e666a2abd0044dbe0f53', 'Bhuvanshreeb@5.com', NULL, 1, 'bhuvanshreeb', NULL, NULL, 12, 4),
(6, 20194007, 'charupriyas', NULL, '', '', '', '', 'f0d2720c3d00f908384a1c8a68ca633303462545', 'Charupriyas@6.com', NULL, 1, 'charupriyas', NULL, NULL, 12, 4),
(7, 20194008, 'devadharshinic', NULL, '', '', '', '', '4a507547358611970e64485ca8849c69f5d3acd0', 'Devadharshinic@7.com', NULL, 1, 'devadharshinic', NULL, NULL, 12, 4),
(8, 20194009, 'durgar', NULL, '', '', '', '', '2a565ba8cd02e6bd70e6e1fafd8171413117a635', 'Durgar@8.com', NULL, 1, 'durgar', NULL, NULL, 12, 4),
(9, 20194010, 'ishwarya', NULL, '', '', '', '', '71b09b8db8eca65ce031759cf38bab9f16ac703d', 'Ishwarya@9.com', NULL, 1, 'ishwarya', NULL, NULL, 12, 4),
(10, 20194011, 'jeyavarshiniv', NULL, '', '', '', '', 'e161cca6e53b3d0ef05892d4323e68ba7ae38896', 'Jeyavarshiniv@10.com', NULL, 1, 'jeyavarshiniv', NULL, NULL, 12, 4),
(11, 20194012, 'jeyavarshneee', NULL, '', '', '', '', '06c37edc89b58b6346d4ebf08476ee9bf2950c3c', 'Jeyavarshneee@11.com', NULL, 1, 'jeyavarshneee', NULL, NULL, 12, 4),
(12, 20194013, 'jopreenaj', NULL, '', '', '', '', '788f76551a1a5575ba56aea9d1c736bb1ed05102', 'Jopreenaj@12.com', NULL, 1, 'jopreenaj', NULL, NULL, 12, 4),
(13, 20194014, 'koushikas', NULL, '', '', '', '', '4a5ca9acc13f25c6ad1635af0cacc49d31114ffa', 'Koushikas@13.com', NULL, 1, 'koushikas', NULL, NULL, 12, 4),
(14, 20194015, 'lakshanadhejesvie', NULL, '', '', '', '', '17d38858884dd6bb78b005c32ed31ac5634961da', 'Lakshanadhejesvie@14.com', NULL, 1, 'lakshanadhejesvie', NULL, NULL, 12, 4),
(15, 20194016, 'nivethinia', NULL, '', '', '', '', '0104d74a61dc9cd72dc0cfd66c41469f42e4269d', 'Nivethinia@15.com', NULL, 1, 'nivethinia', NULL, NULL, 12, 4),
(16, 20194017, 'porselvia', NULL, '', '', '', '', 'd958dbd6fbb71dd357e5c2e938b6c59aba55fb97', 'Porselvia@16.com', NULL, 1, 'porselvia', NULL, NULL, 12, 4),
(17, 20194018, 'priyadharshinim', NULL, '', '', '', '', 'a7d54431b8d1bf22919d26ffd7363c7f3205b9fb', 'Priyadharshinim@17.com', NULL, 1, 'priyadharshinim', NULL, NULL, 12, 4),
(18, 20194019, 'rathina', NULL, '', '', '', '', '9828eeb80379c560daff9b3c0d9138e691d988fe', 'Rathina@18.com', NULL, 1, 'rathina', NULL, NULL, 12, 4),
(19, 20194020, 'rosinir', NULL, '', '', '', '', '12912b8f7e10976da1c12ed14a2848d74934bc4b', 'Rosinir@19.com', NULL, 1, 'rosinir', NULL, NULL, 12, 4),
(20, 20194021, 'sophiasreek', NULL, '', '', '', '', '8a47ebcf9d64b41fc0534ba39d857d07a048effb', 'Sophiasreek@20.com', NULL, 1, 'sophiasreek', NULL, NULL, 12, 4),
(21, 20194022, 'swethar', NULL, '', '', '', '', '7165947bebf531798de07cdcd95b0eba3c5c56fc', 'Swethar@21.com', NULL, 1, 'swethar', NULL, NULL, 12, 4),
(22, 20194023, 'vaishnavidevir', NULL, '', '', '', '', '4d0ca063726b341319d2f678107f02df147d29ed', 'Vaishnavidevir@22.com', NULL, 1, 'vaishnavidevir', NULL, NULL, 12, 4),
(23, 20194024, 'yogeswari', NULL, '', '', '', '', '93e98cf5362bedb4a8688e2f4c2a97ff40fce0e1', 'Yogeswari@23.com', NULL, 1, 'yogeswari', NULL, NULL, 12, 4),
(24, 20194025, 'aadhi', NULL, '', '', '', '', '089ca62cd043ac403824048f2b71110a05b302a8', 'Aadhi@24.com', NULL, 1, 'aadhi', NULL, NULL, 12, 4),
(25, 20194026, 'elanchezhiyans', NULL, '', '', '', '', '341ebfe096be70a078353fbb641f966bd6c581ff', 'Elanchezhiyans@25.com', NULL, 1, 'elanchezhiyans', NULL, NULL, 12, 4),
(26, 20194027, 'gowrisriram', NULL, '', '', '', '', '4b3098ba118674e84de6757ac316994f5db6e4fe', 'Gowrisriram@26.com', NULL, 1, 'gowrisriram', NULL, NULL, 12, 4),
(27, 20194028, 'kaniskarr', NULL, '', '', '', '', '6e76f7619aa979c3c75f30eb1dcfa3be6fe46a2f', 'Kaniskarr@27.com', NULL, 1, 'kaniskarr', NULL, NULL, 12, 4),
(28, 20194029, 'manibharathis', NULL, '', '', '', '', '0b1487cca62b94ea5de3abf3841ef2247c948be9', 'Manibharathis@28.com', NULL, 1, 'manibharathis', NULL, NULL, 12, 4),
(29, 20194030, 'thangapraveeng', NULL, '', '', '', '', 'ea59c9e19fc4f6a033c309d75014ecb66e7de0ed', 'Thangapraveeng@29.com', NULL, 1, 'thangapraveeng', NULL, NULL, 12, 4),
(30, 20194031, 'abishreearputha.', NULL, '', '', '', '', '6cd04f2fb22487ec63187c9b70157d42e3d46b3b', 'Abishreearputha.@30.com', NULL, 1, 'abishreearputha.', NULL, NULL, 12, 4),
(31, 20194032, 'deeksha.r', NULL, '', '', '', '', 'f81b955555e30bae7db2d9f92bf51ffbfa5ba929', 'Deeksha.R@31.com', NULL, 1, 'deeksha.r', NULL, NULL, 12, 4),
(32, 20194033, 'harinnishree.r', NULL, '', '', '', '', '501f836786aa6c1e9bd278e3eb6b56bc644df223', 'Harinnishree.R@32.com', NULL, 1, 'harinnishree.r', NULL, NULL, 12, 4),
(33, 20194034, 'hrithika', NULL, '', '', '', '', 'a4d298f53a676d83f4e9d3c54686b8ffb56f8961', 'Hrithika@33.com', NULL, 1, 'hrithika', NULL, NULL, 12, 4),
(34, 20194035, 'iswarya', NULL, '', '', '', '', '17f38546959aa21be2196d11d24ca9304c239a12', 'Iswarya@34.com', NULL, 1, 'iswarya', NULL, NULL, 12, 4),
(35, 20194036, 'jananid', NULL, '', '', '', '', '999415971151905aa0aa912b5d461f739e4545b2', 'Jananid@35.com', NULL, 1, 'jananid', NULL, NULL, 12, 4),
(36, 20194037, 'logapriya.s', NULL, '', '', '', '', 'de3ecb7845bdf18b61b3513bb0faad67114543f4', 'Logapriya.S@36.com', NULL, 1, 'logapriya.s', NULL, NULL, 12, 4),
(37, 20194038, 'nagasri', NULL, '', '', '', '', 'accc49fcfce864f32093344d705aa955127a6b29', 'Nagasri@37.com', NULL, 1, 'nagasri', NULL, NULL, 12, 4),
(38, 20194039, 'nivasinipk', NULL, '', '', '', '', '02694e144e30a7df969c877278a8211bf6bcdcf1', 'Nivasinipk@38.com', NULL, 1, 'nivasinipk', NULL, NULL, 12, 4),
(39, 20194040, 'pandimeenakschi', NULL, '', '', '', '', 'b54926c35f20447eb3a21df87df4669efb575372', 'Pandimeenakschi@39.com', NULL, 1, 'pandimeenakschi', NULL, NULL, 12, 4),
(40, 20194041, 'radha.r', NULL, '', '', '', '', '82b486150086bbdaed51b40a436d84bd5a90f6f6', 'Radha.R@40.com', NULL, 1, 'radha.r', NULL, NULL, 12, 4),
(41, 20194042, 'renukasri.p', NULL, '', '', '', '', 'a8235d0bf9feb86a8c368d899d9d598aee972959', 'Renukasri.P@41.com', NULL, 1, 'renukasri.p', NULL, NULL, 12, 4),
(42, 20194043, 'sarutharshinas', NULL, '', '', '', '', 'd835174aba975341163c3315fa2c5c93896d356f', 'Sarutharshinas@42.com', NULL, 1, 'sarutharshinas', NULL, NULL, 12, 4),
(43, 20194044, 'shruthishivanis', NULL, '', '', '', '', '096f086f5dc8803d2d8e73a0c294b7dc8600ab2a', 'Shruthishivanis@43.com', NULL, 1, 'shruthishivanis', NULL, NULL, 12, 4),
(44, 20194045, 'srinithi.b', NULL, '', '', '', '', '78d2dda8e6863a150ea62a691e2798da0a77e6bf', 'Srinithi.B@44.com', NULL, 1, 'srinithi.b', NULL, NULL, 12, 4),
(45, 20194046, 'tamilselvi.s', NULL, '', '', '', '', 'c681926fa62a8ecb9504f1da22724bd6890df2e0', 'Tamilselvi.S@45.com', NULL, 1, 'tamilselvi.s', NULL, NULL, 12, 4),
(46, 20194047, 'yamini.g', NULL, '', '', '', '', '94070ea99e0f5c52e24becf42b264588965d9fc7', 'Yamini.G@46.com', NULL, 1, 'yamini.g', NULL, NULL, 12, 4),
(47, 20194048, 'akash.m', NULL, '', '', '', '', '618280ac76d0eaeac11db4399807d9b33270c4b9', 'Akash.M@47.com', NULL, 1, 'akash.m', NULL, NULL, 12, 4),
(48, 20194049, 'arunkaarthik.v.s', NULL, '', '', '', '', 'abf48f5a227c14c61bc767c682d815a9301a61f0', 'Arunkaarthik.V.S@48.com', NULL, 1, 'arunkaarthik.v.s', NULL, NULL, 12, 4),
(49, 20194050, 'aswin.j.v', NULL, '', '', '', '', 'bfc898c08b8cd3f83170cf60a3ba324ca4e3b818', 'Aswin.J.V@49.com', NULL, 1, 'aswin.j.v', NULL, NULL, 12, 4),
(50, 20194051, 'deebendran', NULL, '', '', '', '', '58e592b45ccf84d6d745d3c62d6fdf80b95c4935', 'Deebendran@50.com', NULL, 1, 'deebendran', NULL, NULL, 12, 4),
(51, 20194052, 'hemanthsivas.m', NULL, '', '', '', '', 'e942465912e412e064f2bf6f5551cd770338cce3', 'Hemanthsivas.M@51.com', NULL, 1, 'hemanthsivas.m', NULL, NULL, 12, 4),
(52, 20194053, 'kavin.s', NULL, '', '', '', '', '507d2a447a543b028a00be7f1ecfc6ad0b518329', 'Kavin.S@52.com', NULL, 1, 'kavin.s', NULL, NULL, 12, 4),
(53, 20194054, 'kishoreananth.n', NULL, '', '', '', '', 'aa380346a334c186632c8f3926312a962288ecf7', 'Kishoreananth.N@53.com', NULL, 1, 'kishoreananth.n', NULL, NULL, 12, 4),
(54, 20194055, 'lishanth.m', NULL, '', '', '', '', '9c7db75a77af0bc6a477cc271887bcb5ac45339a', 'Lishanth.M@54.com', NULL, 1, 'lishanth.m', NULL, NULL, 12, 4),
(55, 20194056, 'mohanakannan.g', NULL, '', '', '', '', '89e12130e18abe5a2b72bfb3803cb9eee149d032', 'Mohanakannan.G@55.com', NULL, 1, 'mohanakannan.g', NULL, NULL, 12, 4),
(56, 20194057, 'muthuraman.k', NULL, '', '', '', '', '1f68e745ecdc3811cc61feab15e7dcaba3236d13', 'Muthuraman.K@56', NULL, 1, 'muthuraman.k', NULL, NULL, 12, 4),
(57, 20194058, 'nithishnarayn.k', NULL, '', '', '', '', 'e06ebab667f98f825d6d8921fb47b7768dcd5951', 'Nithishnarayn.K@57.com', NULL, 1, 'nithishnarayn.k', NULL, NULL, 12, 4),
(58, 20194059, 'pandiarajs', NULL, '', '', '', '', 'f284eac7f34dc78ddf5b39c4f3dc9e265004aad2', 'Pandiarajs@58.com', NULL, 1, 'pandiarajs', NULL, NULL, 12, 4),
(59, 20194060, 'prabhakar', NULL, '', '', '', '', '44e51dd9405c5e0d5303e1c1edb3ab983d2ef317', 'Prabhakar@59.com', NULL, 1, 'prabhakar', NULL, NULL, 12, 4),
(60, 20194061, 'ramprakashr', NULL, '', '', '', '', '8a86ae1b760bc4381cffbd87ee357381237fb327', 'Ramprakashr@60.com', NULL, 1, 'ramprakashr', NULL, NULL, 12, 4),
(61, 20194062, 'sakthiponsriramn', NULL, '', '', '', '', '52eec25dde9dc73c0e1630c6cb5829a6d2de6f0c', 'Sakthiponsriramn@61.com', NULL, 1, 'sakthiponsriramn', NULL, NULL, 12, 4),
(62, 20194063, 'sasidharans', NULL, '', '', '', '', '9f11fa89ad7157330455bea9401065a17ba8429c', 'Sasidharans@62.com', NULL, 1, 'sasidharans', NULL, NULL, 12, 4),
(63, 20194064, 'sathyamohan.p', NULL, '', '', '', '', 'c113f662892591f9144b85ff65341c090b36b559', 'Sathyamohan.P@63.com', NULL, 1, 'sathyamohan.p', NULL, NULL, 12, 4),
(64, 20194065, 'shiyamchandar.p', NULL, '', '', '', '', 'a87a8b0a14c078ccef3b2b86b884d104d1dc8d3e', 'Shiyamchandar.P@64.com', NULL, 1, 'shiyamchandar.p', NULL, NULL, 12, 4),
(65, 20194066, 'tilak.p', NULL, '', '', '', '', 'e3e74695fb6eb28c2368a61f0786ce2e0938c27d', 'Tilak.P@65.com', NULL, 1, 'tilak.p', NULL, NULL, 12, 4),
(66, 20194067, 'micahsolomonm', NULL, '', '', '', '', '1ca01b18da9f8f882c03c8de3d54c3fcfc09f609', 'Micahsolomonm@66.com', NULL, 1, 'micahsolomonm', NULL, NULL, 12, 4),
(67, 20194068, 'anbarasant', NULL, '', '', '', '', 'ee5f57c195c494d1f44c0c708591e9033e753afa', 'Anbarasant@67.com', NULL, 1, 'anbarasant', NULL, NULL, 12, 4),
(68, 20194069, 'rithika.c', NULL, '', '', '', '', '836798d7fbf67193651f718ba91fd9a6fbe9c84b', 'Rithika.C@68.com', NULL, 1, 'rithika.c', NULL, NULL, 12, 4),
(69, 20194070, 'jananishree.s', NULL, '', '', '', '', 'bc10cfc3c7a6cd58a19afd04e464100b1b937713', 'Jananishree.S@69.com', NULL, 1, 'jananishree.s', NULL, NULL, 12, 4),
(70, 20194071, 'mathivathanij', NULL, '', '', '', '', 'ab16c4eff33a75f17af65abadfba66e92a93a04d', 'Mathivathanij@70.com', NULL, 1, 'mathivathanij', NULL, NULL, 12, 4),
(71, 20194072, 'ashini.n.r', NULL, '', '', '', '', '47165f723bbca97871c7b39940315b8bdcc3c6c0', 'Ashini.N.R@71.com', NULL, 1, 'ashini.n.r', NULL, NULL, 12, 4),
(72, 20194073, 'srinivasanv', NULL, '', '', '', '', '8415e4d9bf1c7b47c189a7b3019427242a32fb4b', 'Srinivasanv@72.com', NULL, 1, 'srinivasanv', NULL, NULL, 12, 4),
(73, 20194074, 'harikrishna', NULL, '', '', '', '', 'dcdc119822ed4e48c866e908348619519f581b32', 'Harikrishna@73.com', NULL, 1, 'harikrishna', NULL, NULL, 12, 4),
(74, 20194075, 'priyadharshini.v', NULL, '', '', '', '', 'e528dccf27b0b00c6c0604a0e5246efdb928f3d3', 'Priyadharshini.V@74.com', NULL, 1, 'priyadharshini.v', NULL, NULL, 12, 4),
(75, 20194076, 'nishas', NULL, '', '', '', '', 'fab71571837b4caca60c2c3faefa837bdf1276cf', 'Nishas@75.com', NULL, 1, 'nishas', NULL, NULL, 12, 4),
(76, 20194077, 'nandhakumarbs', NULL, '', '', '', '', '464b407face4f3d3e9707de5911248a1f8901f42', 'Nandhakumarbs@76.com', NULL, 1, 'nandhakumarbs', NULL, NULL, 12, 4),
(77, 20194078, 'chellarajathi.a', NULL, '', '', '', '', '0bd123d2952c04be7c8581cb22a21ac867141e46', 'Chellarajathi.A@77.com', NULL, 1, 'chellarajathi.a', NULL, NULL, 12, 4),
(78, 20194079, 'venkateshwari.n', NULL, '', '', '', '', 'c1cd08b2df1f29af257818c7eb026d3208dcf37a', 'Venkateshwari.N@78.com', NULL, 1, 'venkateshwari.n', NULL, NULL, 12, 4),
(79, 20194080, 'hariprashanthr', NULL, '', '', '', '', '7b6a1b75fb2ebe8af04058bb2a4daf722dfd60dc', 'Hariprashanthr@79.com', NULL, 1, 'hariprashanthr', NULL, NULL, 12, 4),
(80, 20194081, 'agenlinegrace.p', NULL, '', '', '', '', '39aabd34aa19596b1f1bb14326f7dd1734a66b94', 'Agenlinegrace.P@80.com', NULL, 1, 'agenlinegrace.p', NULL, NULL, 12, 4),
(81, 20194082, 'dharunchakravarthy.', NULL, '', '', '', '', '5adac53df485d0c7e2d7f755a10ba740d8000615', 'Dharunchakravarthy.@81.com', NULL, 1, 'dharunchakravarthy.', NULL, NULL, 12, 4),
(82, 20194083, 'samyukthamn', NULL, '', '', '', '', '7eaccfab9f1e6ff1aaf67ad574b283ae309f6622', 'Samyukthamn@82.com', NULL, 1, 'samyukthamn', NULL, NULL, 12, 4),
(83, 20194084, 'jaiganeshm', NULL, '', '', '', '', '754512c49aa75044b4afb1cb58878f2a6a6a8c3b', 'Jaiganeshm@83.com', NULL, 1, 'jaiganeshm', NULL, NULL, 12, 4),
(84, 20194085, 'sushmeetha.b', NULL, '', '', '', '', 'b2fab4f429648dc6e51a9bccdd97b09abaf6c2ee', 'Sushmeetha.B@84.com', NULL, 1, 'sushmeetha.b', NULL, NULL, 12, 4),
(85, 20194086, 'snowsha.m', NULL, '', '', '', '', 'f338c65ad7ee7aa65e00fe5164389232ed00c20b', 'Snowsha.M@85.com', NULL, 1, 'snowsha.m', NULL, NULL, 12, 4),
(86, 20194087, 'rohitraj.v.m', NULL, '', '', '', '', '4cb714d429f11234cf2c1abeaf919e78b72024a9', 'Rohitraj.V.M@86.com', NULL, 1, 'rohitraj.v.m', NULL, NULL, 12, 4),
(87, 20194088, 'sibi', NULL, '', '', '', '', '881be3b7ec0d55bc583b920b8213514d1f2c186c', 'Sibi@87.com', NULL, 1, 'sibi', NULL, NULL, 12, 4),
(88, 20194089, 'rathikams', NULL, '', '', '', '', '9206d3a3151a2b24c20ff81927fbdedda393ff62', 'Rathikams@88.com', NULL, 1, 'rathikams', NULL, NULL, 12, 4),
(89, 20194090, 'nandakishore', NULL, '', '', '', '', '7d6e598c1a8686ddd1fd7ea1e8614e7698fc51dd', 'Nandakishore@89.com', NULL, 1, 'nandakishore', NULL, NULL, 12, 4),
(90, 20194091, 'brinda.p', NULL, '', '', '', '', '4c56cb6c135e5d6152138479839e3e54aef1adb4', 'Brinda.P@90.com', NULL, 1, 'brinda.p', NULL, NULL, 12, 4),
(91, 20194092, 'rahulrajag', NULL, '', '', '', '', 'e08835e1c1f375ddfce2072b3a3990a3b0bea77b', 'Rahulrajag@91.com', NULL, 1, 'rahulrajag', NULL, NULL, 12, 4),
(92, 20194093, 'naveen.p', NULL, '', '', '', '', 'e422c1c48722b1b163bf09158bc75c235fc3e058', 'Naveen.P@92.com', NULL, 1, 'naveen.p', NULL, NULL, 12, 4),
(93, 20194094, 'yashikaa', NULL, '', '', '', '', 'e02d61a71d292a5ebc71b5b8c65dbf6739bf847e', 'Yashikaa@93.com', NULL, 1, 'yashikaa', NULL, NULL, 12, 4),
(94, 20194095, 'deepikadevik', NULL, '', '', '', '', '43603974f502b9e6ac5c02cf115cdbf3b4a66282', 'Deepikadevik@94.com', NULL, 1, 'deepikadevik', NULL, NULL, 12, 4),
(95, 20194096, 'nithishkumars', NULL, '', '', '', '', '5aeeac1e9c5d2a0530965e961b70474e85da8d93', 'Nithishkumars@95.com', NULL, 1, 'nithishkumars', NULL, NULL, 12, 4),
(96, 20194097, 'shanmugaharinik', NULL, '', '', '', '', '1d4207afb8c6c11473696f17941a924c3de1d4f9', 'Shanmugaharinik@96.com', NULL, 1, 'shanmugaharinik', NULL, NULL, 12, 4),
(97, 20194098, 'mivinganesh.v', NULL, '', '', '', '', '9290760b657fc6e634d6c3451b688d1d5b645aa4', 'Mivinganesh.V@97.com', NULL, 1, 'mivinganesh.v', NULL, NULL, 12, 4),
(98, 20194099, 'manojadithyab', NULL, '', '', '', '', 'a5da5be5bead06b7e5cdca8839c2c0010afd8930', 'Manojadithyab@98.com', NULL, 1, 'manojadithyab', NULL, NULL, 12, 4),
(99, 201940100, 'leghashree.s', NULL, '', '', '', '', '53bfd5f9631120cf57c71423e5bab2dbccede2f4', 'Leghashree.S@99.com', NULL, 1, 'leghashree.s', NULL, NULL, 12, 4),
(100, 201940101, 'yukeshkannat', NULL, '', '', '', '', '8a6734a5e81dff8239bb2771d8adeaf22e9b20f7', 'Yukeshkannat@100.com', NULL, 1, 'yukeshkannat', NULL, NULL, 12, 4),
(101, 201940102, 'sanmathit', NULL, '', '', '', '', '39130dbe0e612b4f887af2bef57c3a6253e24e5e', 'Sanmathit@101.com', NULL, 1, 'sanmathit', NULL, NULL, 12, 4),
(102, 201940103, 'omkharrajp', NULL, '', '', '', '', '6d847ccb43606e0f77988253da6ab93befd64475', 'Omkharrajp@102.com', NULL, 1, 'omkharrajp', NULL, NULL, 12, 4),
(103, 201940104, 'thrisali.s', NULL, '', '', '', '', '61b4dd359f6e9ae3d29deed13ad9abee352cbb6d', 'Thrisali.S@103.com', NULL, 1, 'thrisali.s', NULL, NULL, 12, 4),
(104, 201940105, 'jeyasowmiyas', NULL, '', '', '', '', '81e6d1dbfb16eef901b99d324097bd282a073168', 'Jeyasowmiyas@104.com', NULL, 1, 'jeyasowmiyas', NULL, NULL, 12, 4),
(105, 201940106, 'ragavani.r', NULL, '', '', '', '', 'bc006fd955aaa0197fa50ffc9c5b83703bb443dc', 'Ragavani.R@105.com', NULL, 1, 'ragavani.r', NULL, NULL, 12, 4),
(106, 201940107, 'sathyarani.m', NULL, '', '', '', '', '71c5b279d91b4cfc46034fba3d8de4760f7321eb', 'Sathyarani.M@106.com', NULL, 1, 'sathyarani.m', NULL, NULL, 12, 4),
(107, 201940108, 'akashselvin', NULL, '', '', '', '', '2086f1addc5047fffae822784eddd5e0cca5a74b', 'Akashselvin@107.com', NULL, 1, 'akashselvin', NULL, NULL, 12, 4),
(108, 201940109, 'swekaa.m.a.', NULL, '', '', '', '', '255d1d205f79a261b545c5e20368a784db9f0dcd', 'Swekaa.M.A.@108.com', NULL, 1, 'swekaa.m.a.', NULL, NULL, 12, 4),
(109, 201940110, 'vaishali', NULL, '', '', '', '', '3d3b782479b15b729d707ce4372771e9777e89e5', 'Vaishali@109.com', NULL, 1, 'vaishali', NULL, NULL, 12, 4),
(110, 201940111, 'naveenkumars', NULL, '', '', '', '', '6294c31189bcf8fae8a374154d3be56c58207fe1', 'Naveenkumars@110.com', NULL, 1, 'naveenkumars', NULL, NULL, 12, 4),
(111, 201940112, 'nivethitham', NULL, '', '', '', '', '54d4c47e3cc60b9499a49c5f31a843dd1603fc55', 'Nivethitham@111.com', NULL, 1, 'nivethitham', NULL, NULL, 12, 4),
(112, 201940113, 'ijasahamed', NULL, '', '', '', '', '2f09f713496250a34fa74ae0c7cc30897202e233', 'Ijasahamed@112.com', NULL, 1, 'ijasahamed', NULL, NULL, 12, 4),
(113, 201940114, 'juwairiya.a', NULL, '', '', '', '', 'af479ac01d2c0f37bf6e04985fa0f3b1ed6f3417', 'Juwairiya.A@113.com', NULL, 1, 'juwairiya.a', NULL, NULL, 12, 4),
(114, 201940115, 'muthupoornima.m', NULL, '', '', '', '', '199d596faa5b92f7dc219dcbcdd7a257ca301ba1', 'Muthupoornima.M@114.com', NULL, 1, 'muthupoornima.m', NULL, NULL, 12, 4),
(115, 201940116, 'mohamedriyazpeer', NULL, '', '', '', '', '8fd8ddc3d6c9f8ecf3abc7ef3bbe4c6d93e62c7c', 'Mohamedriyazpeer@115.com', NULL, 1, 'mohamedriyazpeer', NULL, NULL, 12, 4),
(116, 201940117, 'swedham', NULL, '', '', '', '', '6d204c9fcd9a933276ba0c49c98a45037423efbd', 'Swedham@116.com', NULL, 1, 'swedham', NULL, NULL, 12, 4),
(117, 201940118, 'ragasudha', NULL, '', '', '', '', '62826266ffa027b71611957d605a44d37a30ef10', 'Ragasudha@117.com', NULL, 1, 'ragasudha', NULL, NULL, 12, 4),
(118, 201940119, 'sivaguru', NULL, '', '', '', '', 'a7d1df74fc370e7c6b4ffd5939b2d645a535c628', 'Sivaguru@118.com', NULL, 1, 'sivaguru', NULL, NULL, 12, 4),
(119, 201940120, 'naveenkarthicks', NULL, '', '', '', '', '6f667e91adcbe8523277881357542226377b0ab4', 'Naveenkarthicks@119.com', NULL, 1, 'naveenkarthicks', NULL, NULL, 12, 4),
(120, 201940121, 'varshini', NULL, '', '', '', '', 'd3eb43ad5288d039fc1cf642638fa1809517b8c3', 'Varshini@120.com', NULL, 1, 'varshini', NULL, NULL, 12, 4),
(121, 201940122, 'lasya.s.m', NULL, '', '', '', '', 'c270471bd3ad91c0a7fa94649b409c0cf1db3c19', 'Lasya.S.M@121.com', NULL, 1, 'lasya.s.m', NULL, NULL, 12, 4),
(122, 201940123, 'priyadarshini.r', NULL, '', '', '', '', '50873d626af0a06cf4bd3c09de157040f4a60733', 'Priyadarshini.R@122.com', NULL, 1, 'priyadarshini.r', NULL, NULL, 12, 4),
(123, 201940124, 'varshanithyashree', NULL, '', '', '', '', '911639a1a4be39726b2719ab247bd2e426550c91', 'Varshanithyashree@123.com', NULL, 1, 'varshanithyashree', NULL, NULL, 12, 4),
(124, 201940125, 'vigneshkumars', NULL, '', '', '', '', 'b38b326767c178b26514ede5eb6cbbaf03b25f4b', 'Vigneshkumars@124.com', NULL, 1, 'vigneshkumars', NULL, NULL, 12, 4),
(125, 201940126, 'badhriyyam', NULL, '', '', '', '', '941a660f9acfd3e34ee1ddb0775ab12c2ffb6469', 'Badhriyyam@125.com', NULL, 1, 'badhriyyam', NULL, NULL, 12, 4),
(126, 201940127, 'rithikab', NULL, '', '', '', '', '0fc3b1a1b3cb6f7429795f6d6dc67caebd39bff1', 'Rithikab@126.com', NULL, 1, 'rithikab', NULL, NULL, 12, 4),
(127, 201940128, 'jebasilva', NULL, '', '', '', '', 'e4b610af495db733f3e5655a569c78da1efb1a73', 'Jebasilva@127.com', NULL, 1, 'jebasilva', NULL, NULL, 12, 4),
(128, 201940129, 'swathis', NULL, '', '', '', '', '943d18ed65f60a0d31a65e160701b1a2a1d034f6', 'Swathis@128.com', NULL, 1, 'swathis', NULL, NULL, 12, 4),
(129, 201940130, 'nagul.d', NULL, '', '', '', '', '4730f937a3d5698fa1798a201861059d213670df', 'Fahmidhafathima@162.com', NULL, 1, 'nagul.d', NULL, NULL, 12, 4),
(130, 201940131, 'priyadharshini.s', NULL, '', '', '', '', '3c8a700f8cbac6ccfa51827ce72bd7834c22001e', 'Priyadharshini.S@130.com', NULL, 1, 'priyadharshini.s', NULL, NULL, 12, 4),
(131, 201940132, 'snekhaa', NULL, '', '', '', '', 'a997437c8ea561572a674e2b3f22ea7e6db3e9f1', 'Snekhaa@131.com', NULL, 1, 'snekhaa', NULL, NULL, 12, 4),
(132, 201940133, 'harinimp', NULL, '', '', '', '', '6f22a671c982bd4e127bce3a1660f8e4b5717876', 'Harinimp@132.com', NULL, 1, 'harinimp', NULL, NULL, 12, 4),
(133, 201940134, 'snehavathyj', NULL, '', '', '', '', '2b1d0d1b50d01f5ffc7688fc8a2986c10b5bec24', 'Snehavathyj@133.com', NULL, 1, 'snehavathyj', NULL, NULL, 12, 4),
(134, 201940135, 'gokulakrishnav', NULL, '', '', '', '', '975e314dc37038b501ea2d7739b3f084342fbbfd', 'Gokulakrishnav@134.com', NULL, 1, 'gokulakrishnav', NULL, NULL, 12, 4),
(135, 201940136, 'keerthanaa', NULL, '', '', '', '', 'e91e34efd081b3675ff2a0ababc90871f6846f2a', 'Keerthanaa@135.com', NULL, 1, 'keerthanaa', NULL, NULL, 12, 4),
(136, 201940137, 'varthinis', NULL, '', '', '', '', '748dbbac4da992b4d3a747e66a43024c9f42fb26', 'Varthinis@136.com', NULL, 1, 'varthinis', NULL, NULL, 12, 4),
(137, 201940138, 'ashwinsriram', NULL, '', '', '', '', 'af15e444d9b705e378ee7f29c641fcd297a8191a', 'Ashwinsriram@137.com', NULL, 1, 'ashwinsriram', NULL, NULL, 12, 4),
(138, 201940139, 'dharanim', NULL, '', '', '', '', '1b2198d6277b3cfadf17889a63250deb30f90445', 'Dharanim@138.com', NULL, 1, 'dharanim', NULL, NULL, 12, 4),
(139, 201940140, 'sivabalan', NULL, '', '', '', '', '0969ec0b2b46fb80e466b8a0c7bb7c46e9c2e4aa', 'Sivabalan@139.com', NULL, 1, 'sivabalan', NULL, NULL, 12, 4),
(140, 201940141, 'denoras', NULL, '', '', '', '', 'c52424edacf51b7ccbbd80b33874915f9947b261', 'Denoras@140.com', NULL, 1, 'denoras', NULL, NULL, 12, 4),
(141, 201940142, 'leebitha', NULL, '', '', '', '', 'b68528414c64afcbe4824c3fedfdcfad6233ad7b', 'Leebitha@141.com', NULL, 1, 'leebitha', NULL, NULL, 12, 4),
(142, 201940143, 'shivakamasundarikb', NULL, '', '', '', '', '245a0e76e899899d86821576159c709468720045', 'Shivakamasundarikb@142.com', NULL, 1, 'shivakamasundarikb', NULL, NULL, 12, 4),
(143, 201940144, 'rajithar', NULL, '', '', '', '', '8dbbc00b453e0299ad2f08681c1a39646a952e0e', 'Rajithar@143.com', NULL, 1, 'rajithar', NULL, NULL, 12, 4),
(144, 201940145, 'senekam', NULL, '', '', '', '', 'd98eef1abdc446dfb700febf6b27154b5dafa666', 'Senekam@144.com', NULL, 1, 'senekam', NULL, NULL, 12, 4),
(145, 201940146, 'jeyaprabhavathig', NULL, '', '', '', '', '2ceef288031be02d5e71e6278f511ce6d08d8158', 'Jeyaprabhavathig@145.com', NULL, 1, 'jeyaprabhavathig', NULL, NULL, 12, 4),
(146, 201940147, 'manojjevansa', NULL, '', '', '', '', '521a1c18327aeaba95a5f9410a7e9bf21f8854e3', 'Manojjevansa@146.com', NULL, 1, 'manojjevansa', NULL, NULL, 12, 4),
(147, 201940148, 'manoranjani', NULL, '', '', '', '', '1b4e5e7dc6e9aa8aff77516b90f5199410615e2a', 'Manoranjani@147.com', NULL, 1, 'manoranjani', NULL, NULL, 12, 4),
(148, 201940149, 'jaiakasht', NULL, '', '', '', '', 'f872a493c464a4f845211e67e61bceb010d73bdd', 'Jaiakasht@148.com', NULL, 1, 'jaiakasht', NULL, NULL, 12, 4),
(149, 201940150, 'aroswebeltroy', NULL, '', '', '', '', '7d61b713cb25cef1a164166c8d429ade2e2dda18', 'Aroswebeltroy@149.com', NULL, 1, 'aroswebeltroy', NULL, NULL, 12, 4),
(150, 201940151, 'aashiffmohameds', NULL, '', '', '', '', 'c3ec922c77bc9f8a0ca139010a757ba1ade0475e', 'Aashiffmohameds@150.com', NULL, 1, 'aashiffmohameds', NULL, NULL, 12, 4),
(151, 201940152, 'vanthanasp', NULL, '', '', '', '', '3a9c48928236752a7095674b599ffcb3b44dacbc', 'Vanthanasp@151.com', NULL, 1, 'vanthanasp', NULL, NULL, 12, 4),
(152, 201940153, 'darwinyogir', NULL, '', '', '', '', 'a859b2132856117ee2c41cbb7cf3f5bb38e06d28', 'Darwinyogir@152.com', NULL, 1, 'darwinyogir', NULL, NULL, 12, 4),
(153, 201940154, 'syedsulaiman', NULL, '', '', '', '', 'e1570ed6b5a226293e242c948ed67f26246f949e', 'Syedsulaiman@153.com', NULL, 1, 'syedsulaiman', NULL, NULL, 12, 4),
(154, 201940155, 'shrimithak', NULL, '', '', '', '', '13cb80cba7eed589c967c11ae6838b13cc44a152', 'Shrimithak@154.com', NULL, 1, 'shrimithak', NULL, NULL, 12, 4),
(155, 201940156, 'deepikab', NULL, '', '', '', '', '834b94506b6942906e2eccad93e0b0989ffc63a2', 'Deepikab@155.com', NULL, 1, 'deepikab', NULL, NULL, 12, 4),
(156, 201940157, 'deepakkumarm', NULL, '', '', '', '', '28dd3811a761b7c76f0dedadb3f0a73f17fe80b9', 'Deepakkumarm@156.com', NULL, 1, 'deepakkumarm', NULL, NULL, 12, 4),
(157, 201940158, 'kanithkumar', NULL, '', '', '', '', 'b92497bed918d5d2e890c59075390f5015ea8e27', 'Kanithkumar@157.com', NULL, 1, 'kanithkumar', NULL, NULL, 12, 4),
(158, 201940159, 'dharshanag', NULL, '', '', '', '', '99d28c43be5c335ca05a3e30ddabb6333d9c990e', 'Dharshanag@158.com', NULL, 1, 'dharshanag', NULL, NULL, 12, 4),
(159, 201940160, 'madhubalas', NULL, '', '', '', '', '2ccb0a4b14cfd7cc554864983fce7b9b684b165c', 'Madhubalas@159.com', NULL, 1, 'madhubalas', NULL, NULL, 12, 4),
(160, 201940161, 'dhanushkumaarv', NULL, '', '', '', '', '61bee2af6cb34c1d1dc3aab30f818d913f5c0d9a', 'Dhanushkumaarv@160.com', NULL, 1, 'dhanushkumaarv', NULL, NULL, 12, 4),
(161, 201940162, 'logeshwarana', NULL, '', '', '', '', 'ff8cdaf8f02472721d3ef3532233d6c2b5b47153', 'Logeshwarana@161.com', NULL, 1, 'logeshwarana', NULL, NULL, 12, 4),
(162, 201940163, 'fahmidhafathima', NULL, '', '', '', '', '4730f937a3d5698fa1798a201861059d213670df', 'Fahmidhafathima@162.com', NULL, 1, 'fahmidhafathima', NULL, NULL, 12, 4),
(163, 201940164, 'vaishnavim', NULL, '', '', '', '', 'f2ddc9e01e12d9c2fad23d53db1dc7fd6f34cb5f', 'Vaishnavim@163.com', NULL, 1, 'vaishnavim', NULL, NULL, 12, 4),
(164, 201940165, 'subhikshas', NULL, '', '', '', '', '107e4b2fa794dc20364750451cba11f452e48cf1', 'Subhikshas@164.com', NULL, 1, 'subhikshas', NULL, NULL, 12, 4),
(165, 201940166, 'saranya', NULL, '', '', '', '', '7aa9ea7ed5503877729e47e1861328b1d74b2ae1', 'Saranya@165.com', NULL, 1, 'saranya', NULL, NULL, 12, 4),
(166, 201940167, 'iniayavan', NULL, '', '', '', '', 'cafe3afabfc299d8fa375460651347fb472bd51f', 'Iniayavan@166.com', NULL, 1, 'iniayavan', NULL, NULL, 12, 4),
(167, 201940168, 'lonarudhran', NULL, '', '', '', '', '0b4c6bca4b383c278d034b9fa87df4d99db53cfc', 'Lonarudhran@167.com', NULL, 1, 'lonarudhran', NULL, NULL, 12, 4),
(168, 201940169, 'surajjm', NULL, '', '', '', '', '534b07ea463cf0d9987afc968593794d04506fb7', 'Surajjm@168.com', NULL, 1, 'surajjm', NULL, NULL, 12, 4),
(169, 201940170, 'joyprasanna', NULL, '', '', '', '', '224f8d2eb334a2e209da44e2928d09ce2219dd8f', 'Joyprasanna@169.com', NULL, 1, 'joyprasanna', NULL, NULL, 12, 4),
(170, 201940171, 'sandhiya', NULL, '', '', '', '', 'cad9cbc1eee1a087c99629706505a8ec674535fe', 'Sandhiya@170.com', NULL, 1, 'sandhiya', NULL, NULL, 12, 4),
(171, 201940172, 'rsurya', NULL, '', '', '', '', '73c411f1352158341f19d21ba1ab632acbad6ee1', 'Rsurya@171.com', NULL, 1, 'rsurya', NULL, NULL, 12, 4),
(172, 201940173, 'krharikarthikeyan', NULL, '', '', '', '', '7848d1310c5939ae7c1bb8b4c421197ce93dec9d', 'Krharikarthikeyan@172.com', NULL, 1, 'krharikarthikeyan', NULL, NULL, 12, 4),
(173, 201940174, 'svsriadhithya', NULL, '', '', '', '', '57e66c2bb85a1c1b586c66a7f746830f1874f985', 'Svsriadhithya@173.com', NULL, 1, 'svsriadhithya', NULL, NULL, 12, 4),
(174, 201940175, 'dharanipriya', NULL, '', '', '', '', '457126be359e24b119afedddb156bdda57b5eb57', 'Dharanipriya@174.com', NULL, 1, 'dharanipriya', NULL, NULL, 12, 4),
(175, 201940176, 'sharini', NULL, '', '', '', '', '38067861cec87fbbfc7d20b15e9b0be1b4caba18', 'Sharini@175.com', NULL, 1, 'sharini', NULL, NULL, 12, 4),
(176, 201940177, 'mvaishanopreethi', NULL, '', '', '', '', '32ee08ed192a22a9461268837bde2bbb872566f0', 'Mvaishanopreethi@176.com', NULL, 1, 'mvaishanopreethi', NULL, NULL, 12, 4),
(177, 201940178, 'sabarivenkatk', NULL, '', '', '', '', 'b54abf43c5264a5f8532e1b5c6f21b6849737416', 'Sabarivenkatk@177.com', NULL, 1, 'sabarivenkatk', NULL, NULL, 12, 4),
(178, 201940179, 'kthilothamaijegani', NULL, '', '', '', '', 'a14e963d23d7f72e4f1f1ff4b928b709ccfd2a77', 'Kthilothamaijegani@178.com', NULL, 1, 'kthilothamaijegani', NULL, NULL, 12, 4),
(179, 201940180, 'kkishorekumar', NULL, '', '', '', '', '49c96419eb684caa1129c1a0921fd05f2d7a8509', 'Kkishorekumar@179.com', NULL, 1, 'kkishorekumar', NULL, NULL, 12, 4),
(180, 201940181, 'rshavendrasuthan', NULL, '', '', '', '', 'e90028cd6811fe34f3fcdb60fd0f6b331541d469', 'Rshavendrasuthan@180.com', NULL, 1, 'rshavendrasuthan', NULL, NULL, 12, 4),
(181, 201940182, 'mashwan', NULL, '', '', '', '', '9d9cd2fd183b1ccf586aea6fea81f773679b6687', 'Mashwan@181.com', NULL, 1, 'mashwan', NULL, NULL, 12, 4),
(182, 201940183, 'harivignesh', NULL, '', '', '', '', '3c04499603e747ac08d2e250bd41688694f34018', 'Harivignesh@182.com', NULL, 1, 'harivignesh', NULL, NULL, 12, 4),
(183, 201940184, 'akilanm', NULL, '', '', '', '', 'e5df035848dd403c81a0d24acd798d110165953d', 'Akilanm@183.com', NULL, 1, 'akilanm', NULL, NULL, 12, 4),
(184, 201940185, 'divasakarb', NULL, '', '', '', '', 'c5b4910a2b358fd1422a3b96709df1289ffb0f75', 'Divasakarb@184.com', NULL, 1, 'divasakarb', NULL, NULL, 12, 4),
(185, 201940186, 'sesanb', NULL, '', '', '', '', 'b45cc69a63712fe4da279e60269cf87aafdc6895', 'Sesanb@185.com', NULL, 1, 'sesanb', NULL, NULL, 12, 4),
(186, 201940187, 'harinishreea', NULL, '', '', '', '', '946367da89e50cb0982d1b2b1106355d6613bafe', 'Harinishreea@186.com', NULL, 1, 'harinishreea', NULL, NULL, 12, 4),
(187, 201940188, 'sibhikrishnak', NULL, '', '', '', '', 'ac7a20acd178b24628eb6547ffa8bdbd558a6da1', 'Sibhikrishnak@187.com', NULL, 1, 'sibhikrishnak', NULL, NULL, 12, 4),
(188, 201940189, 'ramkumark', NULL, '', '', '', '', '606cc9151bb0c0bf95d24a0afd4bdf1c7816e2de', 'Ramkumark@188.com', NULL, 1, 'ramkumark', NULL, NULL, 12, 4),
(189, 201940190, 'vinodkumarm', NULL, '', '', '', '', '2fb3c9ca0f8ecb1208f0ad4c9fd87018ca365b15', 'Vinodkumarm@189.com', NULL, 1, 'vinodkumarm', NULL, NULL, 12, 4),
(190, 201940191, 'venukarthicks', NULL, '', '', '', '', '48ece79bb529dc6a5dee5bb9cde401c23b65573f', 'Venukarthicks@190.com', NULL, 1, 'venukarthicks', NULL, NULL, 12, 4),
(191, 201940192, 'harishprasanna', NULL, '', '', '', '', '4901d0b7d5117f10d6e61e74d580128e268632e3', 'Harishprasanna@191.com', NULL, 1, 'harishprasanna', NULL, NULL, 12, 4),
(192, 201940193, 'kathiirsubramanian', NULL, '', '', '', '', '369d1c6567b8027294cd7321f1a11c5eaf91d691', 'Kathiirsubramanian@192.com', NULL, 1, 'kathiirsubramanian', NULL, NULL, 12, 4),
(193, 201940194, 'mhariprasana', NULL, '', '', '', '', 'a27f63ae5429eb0275ecaf521c008eb7b67c7c1d', 'Mhariprasana@193.com', NULL, 1, 'mhariprasana', NULL, NULL, 12, 4),
(194, 201940195, 'varshinibala', NULL, '', '', '', '', '34dd176b7e7a1f9529ac10b5c6e1fe271c0b005b', 'Varshinibala@194.com', NULL, 1, 'varshinibala', NULL, NULL, 12, 4),
(195, 201940196, 'promothrajarajeshvar', NULL, '', '', '', '', 'bb765c5a572694193bb2dd58897717e43f6de666', 'Promothrajarajeshvar@195.com', NULL, 1, 'promothrajarajeshvar', NULL, NULL, 12, 4),
(196, 201940197, 'vishnupriya', NULL, '', '', '', '', '59a30c92719285857ada0410fa610041afbb1508', 'Vishnupriya@196.com', NULL, 1, 'vishnupriya', NULL, NULL, 12, 4),
(197, 201940198, 'gohuls', NULL, '', '', '', '', '9b215bda5dc7dfc4b8bbfcd7a81b89e0d888a663', 'Gohuls@197.com', NULL, 1, 'gohuls', NULL, NULL, 12, 4),
(198, 201940199, 'tkeerthika', NULL, '', '', '', '', 'b0d593c6783e133330667201e5e98727b66e8cf3', 'Tkeerthika@198.com', NULL, 1, 'tkeerthika', NULL, NULL, 12, 4),
(199, 201940200, 'jsowbackiyalakshmi', NULL, '', '', '', '', 'ec4015f94e3c0ce9437126f2e0c33fdadced7eba', 'Jsowbackiyalakshmi@199.com', NULL, 1, 'jsowbackiyalakshmi', NULL, NULL, 12, 4),
(200, 201940201, 'sdineshkumar', NULL, '', '', '', '', 'bbfbc4bb0decfc673d1af56a2ed6359429fe0744', 'Sdineshkumar@200.com', NULL, 1, 'sdineshkumar', NULL, NULL, 12, 4),
(201, 201940202, 'kanupriyadharshini', NULL, '', '', '', '', 'bbd8ae1b483d619133b3ae50a7bbdaa685519acc', 'Kanupriyadharshini@201.com', NULL, 1, 'kanupriyadharshini', NULL, NULL, 12, 4),
(202, 201940203, 'jkrithik', NULL, '', '', '', '', '8ff89e2b689f2c932b93bac42f050bc21e7aaf34', 'Jkrithik@202.com', NULL, 1, 'jkrithik', NULL, NULL, 12, 4),
(203, 201940204, 'kshobena', NULL, '', '', '', '', '4171d56e4f7add1d42f8b73b4f25d769a9e929de', 'Kshobena@203.com', NULL, 1, 'kshobena', NULL, NULL, 12, 4),
(204, 201940205, 'suveenramr', NULL, '', '', '', '', 'd7798d80af2b5691411cf62bf150a9d25ededa28', 'Suveenramr@204.com', NULL, 1, 'suveenramr', NULL, NULL, 12, 4),
(205, 201940206, 'sivapooranim', NULL, '', '', '', '', '9e6f1b0d26bc54f780841ff06f38e5423620f0bb', 'Sivapooranim@205.com', NULL, 1, 'sivapooranim', NULL, NULL, 12, 4),
(206, 201940207, 'madhumithanmg', NULL, '', '', '', '', '2cbe256fecff1154a609e248f4d9926b58bef129', 'Madhumithanmg@206.com', NULL, 1, 'madhumithanmg', NULL, NULL, 12, 4),
(207, 201940208, 'jananic', NULL, '', '', '', '', 'd3abf62f9edd12f10f65396daab11fab5d394282', 'Jananic@207.com', NULL, 1, 'jananic', NULL, NULL, 12, 4),
(208, 201940209, 'preethameaseekaran', NULL, '', '', '', '', '307149e5639c527e86ad5558891188325e047226', 'Preethameaseekaran@208.com', NULL, 1, 'preethameaseekaran', NULL, NULL, 12, 4),
(209, 201940210, 'harishmar', NULL, '', '', '', '', '92750207a4c480d80a7cbf9852f35fac24872393', 'Harishmar@209.com', NULL, 1, 'harishmar', NULL, NULL, 12, 4),
(210, 201940211, 'keerithikas', NULL, '', '', '', '', '27d6b17c56fd2109b33a9eac39a5d8a05ecb0239', 'Keerithikas@210.com', NULL, 1, 'keerithikas', NULL, NULL, 12, 4),
(211, 201940212, 'veeramuthuvinothnini', NULL, '', '', '', '', 'e322984c4e6f7d1daf53962f01e1f569c434133b', 'Veeramuthuvinothnini@211.com', NULL, 1, 'veeramuthuvinothnini', NULL, NULL, 12, 4),
(212, 201940213, 'jayaakarwal', NULL, '', '', '', '', 'cb87a496d5086dd1eaa09817c288738e8926f12a', 'Jayaakarwal@212.com', NULL, 1, 'jayaakarwal', NULL, NULL, 12, 4),
(213, 201940214, 'yugeshm', NULL, '', '', '', '', 'b4c0eded0d2c4f37f59f5267c18e3765ea35c1aa', 'Yugeshm@213.com', NULL, 1, 'yugeshm', NULL, NULL, 12, 4),
(214, 201940215, 'rubanrajc', NULL, '', '', '', '', '2e6088d9fa52995289d185ac4caacadca02058bc', 'Rubanrajc@214.com', NULL, 1, 'rubanrajc', NULL, NULL, 12, 4),
(215, 201940216, 'dharmam', NULL, '', '', '', '', 'e1d98b5c57cdb09a81a82149163078dea722444d', 'Dharmam@215.com', NULL, 1, 'dharmam', NULL, NULL, 12, 4),
(216, 201940217, 'sivasundharipr', NULL, '', '', '', '', 'bec703dd2aa67e62e610ece1693db23465c28399', 'Sivasundharipr@216.com', NULL, 1, 'sivasundharipr', NULL, NULL, 12, 4),
(217, 201940218, 'kiruthikrampp', NULL, '', '', '', '', 'b4e5d3c6c47cd975b3b3d0be436b0e22f796c983', 'Kiruthikrampp@217.com', NULL, 1, 'kiruthikrampp', NULL, NULL, 12, 4),
(218, 201940219, 'nasreena', NULL, '', '', '', '', '96269aec5e0ff86fcc542a8b07cceac789b293ad', 'Nasreena@218.com', NULL, 1, 'nasreena', NULL, NULL, 12, 4),
(219, 201940220, 'himaswadhanthrar', NULL, '', '', '', '', '21042b415d0d2d503ae36267cb555070bde233ff', 'Himaswadhanthrar@219.com', NULL, 1, 'himaswadhanthrar', NULL, NULL, 12, 4),
(220, 201940221, 'kevin', NULL, '', '', '', '', 'b3bb1a52e1295f0cdb3fa984f11086e7b12e8cae', 'Kevin@220.com', NULL, 1, 'kevin', NULL, NULL, 12, 4),
(221, 201940222, 'thriksha', NULL, '', '', '', '', '684372bfbb80f36b3a739608050eae02d439cc15', 'Thriksha@221.com', NULL, 1, 'thriksha', NULL, NULL, 12, 4),
(222, 20195002, 'adithyanarayanm', NULL, '', '', '', '', 'f1d00809aa1941e526506b45f67c1e737d3d92c0', 'Adithyanarayanm@22.com', NULL, 1, 'adithyanarayanm', NULL, NULL, 12, 5),
(223, 20195003, 'akashr', NULL, '', '', '', '', 'b54aac7f51c38c6de0d27bc05b7c1b7aa92eacfc', 'Akashr@23.com', NULL, 1, 'akashr', NULL, NULL, 12, 5),
(224, 20195004, 'arjuneramkumarm', NULL, '', '', '', '', '5a09d4f8033dba0cebe0889e7347693ae3f2380e', 'Arjuneramkumarm@24.com', NULL, 1, 'arjuneramkumarm', NULL, NULL, 12, 5),
(225, 20195005, 'arunvenkatsj', NULL, '', '', '', '', '794b35877885fe41cbd266e4c789c462a2d35f7d', 'Arunvenkatsj@25.com', NULL, 1, 'arunvenkatsj', NULL, NULL, 12, 5),
(226, 20195006, 'balajivaasanv', NULL, '', '', '', '', '8ce6282cc553044e1c8c5f857a5c42ea3778e1d7', 'Balajivaasanv@26.com', NULL, 1, 'balajivaasanv', NULL, NULL, 12, 5),
(227, 20195007, 'celshias', NULL, '', '', '', '', '0670188fdf345f85fe57d0c8e809d9c248074b7c', 'Celshias@27.com', NULL, 1, 'celshias', NULL, NULL, 12, 5),
(228, 20195008, 'dineshkumarp', NULL, '', '', '', '', '2ff8574dd3125b74f0731d0d439829ef5b71f942', 'Dineshkumarp@28.com', NULL, 1, 'dineshkumarp', NULL, NULL, 12, 5),
(229, 20195009, 'gowsimanar', NULL, '', '', '', '', 'df0aeabb52e0a86709c836a8a9b5f5e2fb1c6a5b', 'Gowsimanar@29.com', NULL, 1, 'gowsimanar', NULL, NULL, 12, 5),
(230, 20195010, 'jaisibis', NULL, '', '', '', '', '8b1f07a89dac8724168e5fbf63ef6156fe9ea56d', 'Jaisibis@30.com', NULL, 1, 'jaisibis', NULL, NULL, 12, 5),
(231, 20195011, 'jhyothsnacr', NULL, '', '', '', '', '0bc14b1054383d6fab4cfd4d12ff79b5165aa92f', 'Jhyothsnacr@31.com', NULL, 1, 'jhyothsnacr', NULL, NULL, 12, 5),
(232, 20195012, 'krishnasuruthim', NULL, '', '', '', '', '9af402bfa501fa3997dfe2ccb09d985e6d15361d', 'Krishnasuruthim@32.com', NULL, 1, 'krishnasuruthim', NULL, NULL, 12, 5),
(233, 20195013, 'lalithkishorr', NULL, '', '', '', '', '348e9d073d40ed4cfbb07cedf792a0a7c4f07e09', 'Lalithkishorr@33.com', NULL, 1, 'lalithkishorr', NULL, NULL, 12, 5),
(234, 20195014, 'mohamedrifaia', NULL, '', '', '', '', 'f216477bffa8b7f69b5572fcc4c75c93d50ce29b', 'Mohamedrifaia@34.com', NULL, 1, 'mohamedrifaia', NULL, NULL, 12, 5),
(235, 20195015, 'mohanaprasadp', NULL, '', '', '', '', '9085bde51e2abc0499c9bfd088bb36fca4b9291a', 'Mohanaprasadp@35.com', NULL, 1, 'mohanaprasadp', NULL, NULL, 12, 5),
(236, 20195016, 'nareshkumare', NULL, '', '', '', '', '20cafe0ca385ab55720e2da6df459de3453fef5c', 'Nareshkumare@36.com', NULL, 1, 'nareshkumare', NULL, NULL, 12, 5),
(237, 20195017, 'naveent', NULL, '', '', '', '', 'bd729949d0fdd4fded72f319241d280707f0090b', 'Naveent@37.com', NULL, 1, 'naveent', NULL, NULL, 12, 5),
(238, 20195018, 'nethirannt', NULL, '', '', '', '', '3e0acc5b19586ed976540d29be679622ab93a3c4', 'Nethirannt@38.com', NULL, 1, 'nethirannt', NULL, NULL, 12, 5),
(239, 20195019, 'rahuls', NULL, '', '', '', '', '0ba146c286d41667bde4284d29745b64fdedacc2', 'Rahuls@39.com', NULL, 1, 'rahuls', NULL, NULL, 12, 5),
(240, 20195020, 'samjonathd', NULL, '', '', '', '', 'bbd83da3cf6a6fca9b94b62a09a35bde54107efe', 'Samjonathd@40.com', NULL, 1, 'samjonathd', NULL, NULL, 12, 5),
(241, 20195021, 'sharonalphonsak', NULL, '', '', '', '', '000c8daeb0f0b4e26e2aac6c886edea4efecd372', 'Sharonalphonsak@41.com', NULL, 1, 'sharonalphonsak', NULL, NULL, 12, 5),
(242, 20195022, 'sivadharsanb', NULL, '', '', '', '', 'd184e0bd37bae20249bc27dbff9d151948f2ce64', 'Sivadharsanb@42.com', NULL, 1, 'sivadharsanb', NULL, NULL, 12, 5),
(243, 20195023, 'srihariharanm', NULL, '', '', '', '', 'a72325b33663a02bdc0fe7f54ee89e3e6e3c6e12', 'Srihariharanm@43.com', NULL, 1, 'srihariharanm', NULL, NULL, 12, 5),
(244, 20195024, 'venkataharshavardhanr', NULL, '', '', '', '', '080a1dfd0a35302ff6078bbef926dbefb1eeada0', 'Venkataharshavardhanr@44.com', NULL, 1, 'venkataharshavardhanr', NULL, NULL, 12, 5),
(245, 20195025, 'vijayananthamks', NULL, '', '', '', '', '62794772e3bce3d256286c5113257e19ac4ec1ac', 'Vijayananthamks@45.com', NULL, 1, 'vijayananthamks', NULL, NULL, 12, 5),
(248, 20194001, 'sample_student', NULL, '', '', '', '', '7110eda4d09e062aa5e4a390b0a572ac0d2c0220', NULL, NULL, 1, 'sample_student', '2019-04-09', 1, 12, 4),
(249, 41741, 'muthu', NULL, '', '', '', '', 'f685036afa7be0292157a4a0a59614032c32d14a', NULL, NULL, 1, 'muthu', '2003-02-07', 2, 12, 4),
(250, 89565456, 'splstud', NULL, '', '', '', '', '13080717ba2f015dae1bcce9815fcc97', NULL, NULL, 1, 'splstud', '2019-04-04', 1, 12, 4);

-- --------------------------------------------------------

--
-- Table structure for table `students_request`
--

CREATE TABLE `students_request` (
  `request_id` int(11) NOT NULL,
  `student_id` int(11) NOT NULL,
  `parent_id` int(11) NOT NULL,
  `start_date` longtext CHARACTER SET utf8 COLLATE utf8_unicode_ci NOT NULL,
  `end_date` longtext CHARACTER SET utf8 COLLATE utf8_unicode_ci NOT NULL,
  `status` longtext CHARACTER SET utf8 COLLATE utf8_unicode_ci NOT NULL,
  `description` longtext CHARACTER SET utf8 COLLATE utf8_unicode_ci NOT NULL,
  `title` longtext CHARACTER SET utf8 COLLATE utf8_unicode_ci NOT NULL
) ENGINE=InnoDB DEFAULT CHARSET=latin1;

-- --------------------------------------------------------

--
-- Table structure for table `student_exam`
--

CREATE TABLE `student_exam` (
  `exam_id` int(11) NOT NULL,
  `student_id` int(11) NOT NULL,
  `starttime` timestamp NOT NULL DEFAULT '0000-00-00 00:00:00',
  `endtime` timestamp NOT NULL DEFAULT '0000-00-00 00:00:00',
  `correctlyanswered` int(11) NOT NULL DEFAULT '0',
  `status` enum('completed','inprogress') CHARACTER SET utf8 COLLATE utf8_unicode_ci NOT NULL DEFAULT 'inprogress',
  `class_id` int(11) NOT NULL,
  `section_id` int(11) NOT NULL
) ENGINE=InnoDB DEFAULT CHARSET=latin1;

-- --------------------------------------------------------

--
-- Table structure for table `student_group`
--

CREATE TABLE `student_group` (
  `group_id` bigint(20) NOT NULL,
  `name` text,
  `short_name` varchar(200) DEFAULT NULL
) ENGINE=InnoDB DEFAULT CHARSET=latin1;

--
-- Dumping data for table `student_group`
--

INSERT INTO `student_group` (`group_id`, `name`, `short_name`) VALUES
(1, 'XI NEET ', 'NEETXIT'),
(3, 'XI IIT', 'IIT11'),
(4, 'XII NEET', 'NEET12'),
(5, 'XII IIT', 'IIT12');

-- --------------------------------------------------------

--
-- Table structure for table `subject`
--

CREATE TABLE `subject` (
  `subject_id` int(11) NOT NULL,
  `name` longtext COLLATE utf8_unicode_ci NOT NULL,
  `qb_flag` int(11) DEFAULT NULL
) ENGINE=InnoDB DEFAULT CHARSET=utf8 COLLATE=utf8_unicode_ci;

--
-- Dumping data for table `subject`
--

INSERT INTO `subject` (`subject_id`, `name`, `qb_flag`) VALUES
(1, 'English', 0),
(2, 'Tamil', 0),
(3, 'II-LAN -HINDI', 0),
(4, 'Maths', 0),
(7, 'Chemistry', 0),
(8, 'Physics', 0),
(9, 'Computer Science', 0),
(10, 'Biology', 0),
(11, 'Zoology', 0),
(12, 'Botany', 0),
(13, 'Business Maths', 0),
(14, 'social', 0),
(15, 'science', 0),
(16, 'Economic', 0);

-- --------------------------------------------------------

--
-- Table structure for table `sub_topic`
--

CREATE TABLE `sub_topic` (
  `sub_topic_id` int(11) NOT NULL,
  `name` longtext,
  `topic_id` bigint(20) DEFAULT NULL,
  `teacher_id` bigint(20) DEFAULT NULL,
  `acd_year_id` int(11) DEFAULT NULL,
  `qb_flag` int(11) DEFAULT NULL
) ENGINE=InnoDB DEFAULT CHARSET=latin1;

--
-- Dumping data for table `sub_topic`
--

INSERT INTO `sub_topic` (`sub_topic_id`, `name`, `topic_id`, `teacher_id`, `acd_year_id`, `qb_flag`) VALUES
(1, 'Cells', 10, NULL, NULL, NULL),
(3, 'Operating System ', 9, NULL, NULL, NULL),
(9, 'vfdss', 4, NULL, NULL, NULL),
(11, 'jk', 1, NULL, NULL, NULL),
(12, 'Function of operating system', 3, NULL, NULL, NULL),
(13, 'Types of OS', 3, NULL, NULL, NULL),
(14, 'Word Processing', 5, NULL, NULL, NULL),
(15, 'xxx', 6, NULL, NULL, NULL),
(16, 'Lexical Unit', 9, NULL, NULL, NULL),
(17, 'ipo', 5, NULL, NULL, NULL),
(18, 'overall', 11, NULL, NULL, NULL),
(19, 'overall_test', 12, NULL, NULL, NULL),
(20, 'topic1', 14, NULL, NULL, NULL),
(21, 'overall', 3, NULL, NULL, NULL),
(22, 'basic', 17, NULL, NULL, NULL),
(23, 'overall', 18, NULL, NULL, NULL),
(24, 'full portion', 19, NULL, NULL, NULL);

-- --------------------------------------------------------

--
-- Table structure for table `ticket`
--

CREATE TABLE `ticket` (
  `ticket_id` int(11) NOT NULL,
  `title` longtext COLLATE utf8_unicode_ci NOT NULL,
  `ticket_code` longtext COLLATE utf8_unicode_ci NOT NULL,
  `status` longtext COLLATE utf8_unicode_ci NOT NULL COMMENT 'opened closed',
  `priority` longtext COLLATE utf8_unicode_ci NOT NULL COMMENT 'baja media alta',
  `description` longtext COLLATE utf8_unicode_ci NOT NULL,
  `student_id` int(11) NOT NULL,
  `assigned_staff_id` int(11) NOT NULL,
  `teacher_id` int(11) NOT NULL,
  `timestamp` longtext COLLATE utf8_unicode_ci NOT NULL
) ENGINE=MyISAM DEFAULT CHARSET=utf8 COLLATE=utf8_unicode_ci;

-- --------------------------------------------------------

--
-- Table structure for table `ticket_message`
--

CREATE TABLE `ticket_message` (
  `ticket_message_id` int(11) NOT NULL,
  `ticket_code` longtext COLLATE utf8_unicode_ci NOT NULL,
  `message` longtext COLLATE utf8_unicode_ci NOT NULL,
  `file` longtext COLLATE utf8_unicode_ci NOT NULL,
  `sender_type` longtext COLLATE utf8_unicode_ci NOT NULL,
  `sender_id` int(11) NOT NULL,
  `timestamp` longtext COLLATE utf8_unicode_ci NOT NULL
) ENGINE=MyISAM DEFAULT CHARSET=utf8 COLLATE=utf8_unicode_ci;

-- --------------------------------------------------------

--
-- Table structure for table `topic`
--

CREATE TABLE `topic` (
  `topic_id` int(11) NOT NULL,
  `name` longtext,
  `subject_id` bigint(20) DEFAULT NULL,
  `teacher_id` bigint(20) DEFAULT NULL,
  `acd_year_id` int(11) DEFAULT NULL,
  `qb_topic` int(11) DEFAULT NULL,
  `class_id` bigint(20) DEFAULT NULL
) ENGINE=InnoDB DEFAULT CHARSET=latin1;

--
-- Dumping data for table `topic`
--

INSERT INTO `topic` (`topic_id`, `name`, `subject_id`, `teacher_id`, `acd_year_id`, `qb_topic`, `class_id`) VALUES
(1, 'Cells', 10, NULL, NULL, NULL, 11),
(3, 'Operating System ', 9, NULL, NULL, NULL, 12),
(4, 'XX', 10, NULL, NULL, NULL, 2),
(5, 'Common Core', 9, NULL, NULL, NULL, 12),
(6, 'virus', 10, NULL, NULL, NULL, 11),
(7, 'Fundamental Of Computer', 9, NULL, NULL, NULL, 12),
(8, 'Basic of OOP', 9, NULL, NULL, NULL, 12),
(9, 'C++', 9, NULL, NULL, NULL, 12),
(11, 'The Living World', 10, NULL, NULL, NULL, 12),
(12, 'Animal Kingdom', 10, NULL, NULL, NULL, 12),
(14, 'Magnetic Effect of Electric Current ', 8, NULL, NULL, NULL, 12),
(15, 'Laws of Motion', 8, NULL, NULL, NULL, 12),
(16, 'Thermodynamics', 8, NULL, NULL, NULL, 12),
(17, 'Physics NEET FULL PORTION', 8, NULL, NULL, NULL, 12),
(18, 'NEET - CHEMISTRY', 7, NULL, NULL, NULL, 12),
(19, 'BIO - NEET Syllabus', 10, NULL, NULL, NULL, 12);

-- --------------------------------------------------------

--
-- Table structure for table `transport`
--

CREATE TABLE `transport` (
  `transport_id` int(11) NOT NULL,
  `route_name` longtext COLLATE utf8_unicode_ci NOT NULL,
  `number_of_vehicle` longtext COLLATE utf8_unicode_ci NOT NULL,
  `route_fare` longtext COLLATE utf8_unicode_ci NOT NULL,
  `driver_name` longtext COLLATE utf8_unicode_ci NOT NULL,
  `driver_phone` longtext COLLATE utf8_unicode_ci NOT NULL
) ENGINE=MyISAM DEFAULT CHARSET=utf8 COLLATE=utf8_unicode_ci;

--
-- Dumping data for table `transport`
--

INSERT INTO `transport` (`transport_id`, `route_name`, `number_of_vehicle`, `route_fare`, `driver_name`, `driver_phone`) VALUES
(16, '1', 'bus no 1', '15000', 'dhanapandiyan', '7894561230');

-- --------------------------------------------------------

--
-- Table structure for table `vbc_approve_notes`
--

CREATE TABLE `vbc_approve_notes` (
  `approve_id` int(11) NOT NULL,
  `approve_note` text NOT NULL,
  `hod_id` bigint(20) NOT NULL,
  `notes_id` bigint(20) NOT NULL,
  `date` date NOT NULL
) ENGINE=InnoDB DEFAULT CHARSET=latin1;

--
-- Dumping data for table `vbc_approve_notes`
--

INSERT INTO `vbc_approve_notes` (`approve_id`, `approve_note`, `hod_id`, `notes_id`, `date`) VALUES
(1, 'good', 1, 30, '2018-08-02');

-- --------------------------------------------------------

--
-- Table structure for table `vbc_notes`
--

CREATE TABLE `vbc_notes` (
  `notes_id` bigint(20) NOT NULL,
  `coordinator_id` bigint(20) NOT NULL,
  `document_type` bigint(20) NOT NULL,
  `closing_date` date NOT NULL,
  `status` int(11) NOT NULL,
  `class_id` bigint(20) NOT NULL,
  `subject_id` int(11) NOT NULL,
  `principal_id` int(11) NOT NULL,
  `school_id` int(11) NOT NULL,
  `acd_year_id` int(11) NOT NULL,
  `open_flag` int(11) DEFAULT NULL
) ENGINE=InnoDB DEFAULT CHARSET=latin1;

--
-- Dumping data for table `vbc_notes`
--

INSERT INTO `vbc_notes` (`notes_id`, `coordinator_id`, `document_type`, `closing_date`, `status`, `class_id`, `subject_id`, `principal_id`, `school_id`, `acd_year_id`, `open_flag`) VALUES
(1, 5, 1, '2018-07-30', 1, 1, 1, 4, 3, 5, 1),
(2, 5, 1, '2018-07-30', 1, 1, 2, 4, 3, 5, 1),
(3, 5, 1, '2018-07-30', 1, 1, 3, 4, 3, 5, 1),
(4, 5, 1, '2018-07-30', 1, 1, 4, 4, 3, 5, 1),
(5, 5, 1, '2018-07-30', 1, 1, 5, 4, 3, 5, 1),
(6, 5, 1, '2018-07-30', 1, 1, 6, 4, 3, 5, 1),
(7, 5, 2, '2018-08-30', 1, 1, 1, 4, 3, 5, 1),
(8, 5, 2, '2018-08-30', 1, 1, 2, 4, 3, 5, 1),
(9, 5, 2, '2018-08-30', 1, 1, 3, 4, 3, 5, 1),
(10, 5, 2, '2018-08-30', 1, 1, 4, 4, 3, 5, 1),
(11, 5, 2, '2018-08-30', 1, 1, 5, 4, 3, 5, 1),
(12, 5, 2, '2018-08-30', 1, 1, 6, 4, 3, 5, 1),
(13, 5, 3, '2018-08-31', 1, 1, 1, 4, 3, 5, 1),
(14, 5, 3, '2018-08-31', 1, 1, 2, 4, 3, 5, 1),
(15, 5, 3, '2018-08-31', 1, 1, 3, 4, 3, 5, 1),
(16, 5, 3, '2018-08-31', 1, 1, 4, 4, 3, 5, 1),
(17, 5, 3, '2018-08-31', 1, 1, 5, 4, 3, 5, 1),
(18, 5, 3, '2018-08-31', 1, 1, 6, 4, 3, 5, 1),
(19, 5, 4, '2018-08-30', 1, 1, 1, 4, 3, 5, 1),
(20, 5, 4, '2018-08-30', 1, 1, 2, 4, 3, 5, 1),
(21, 5, 4, '2018-08-30', 1, 1, 3, 4, 3, 5, 1),
(22, 5, 4, '2018-08-30', 1, 1, 4, 4, 3, 5, 1),
(23, 5, 4, '2018-08-30', 1, 1, 5, 4, 3, 5, 1),
(24, 5, 4, '2018-08-30', 1, 1, 6, 4, 3, 5, 1),
(25, 1, 1, '2018-08-31', 3, 5, 1, 1, 2, 5, 2),
(26, 1, 1, '2018-08-31', 3, 5, 2, 1, 2, 5, 2),
(27, 1, 1, '2018-08-31', 3, 5, 3, 1, 2, 5, 2),
(28, 1, 1, '2018-08-31', 3, 5, 4, 1, 2, 5, 2),
(29, 1, 1, '2018-08-31', 3, 5, 5, 1, 2, 5, 2),
(30, 1, 1, '2018-08-31', 4, 5, 6, 1, 2, 5, 2),
(31, 1, 2, '2018-08-31', 1, 5, 1, 1, 2, 5, 1),
(32, 1, 2, '2018-08-31', 1, 5, 2, 1, 2, 5, 1),
(33, 1, 2, '2018-08-31', 1, 5, 3, 1, 2, 5, 1),
(34, 1, 2, '2018-08-31', 1, 5, 4, 1, 2, 5, 1),
(35, 1, 2, '2018-08-31', 1, 5, 5, 1, 2, 5, 1),
(36, 1, 2, '2018-08-31', 1, 5, 6, 1, 2, 5, 1),
(37, 1, 3, '2018-07-31', 3, 5, 1, 1, 2, 5, 2),
(38, 1, 3, '2018-07-31', 2, 5, 2, 1, 2, 5, 1),
(39, 1, 3, '2018-07-31', 2, 5, 3, 1, 2, 5, 1),
(40, 1, 3, '2018-07-31', 2, 5, 4, 1, 2, 5, 1),
(41, 1, 3, '2018-07-31', 1, 5, 5, 1, 2, 5, 1),
(42, 1, 3, '2018-07-31', 1, 5, 6, 1, 2, 5, 1),
(43, 1, 4, '2018-08-31', 1, 5, 1, 1, 2, 5, 1),
(44, 1, 4, '2018-08-31', 1, 5, 2, 1, 2, 5, 1),
(45, 1, 4, '2018-08-31', 1, 5, 3, 1, 2, 5, 1),
(46, 1, 4, '2018-08-31', 1, 5, 4, 1, 2, 5, 1),
(47, 1, 4, '2018-08-31', 1, 5, 5, 1, 2, 5, 1),
(48, 1, 4, '2018-08-31', 1, 5, 6, 1, 2, 5, 1),
(49, 4, 1, '2018-08-31', 3, 7, 1, 2, 1, 5, 2),
(50, 4, 1, '2018-08-31', 3, 7, 2, 2, 1, 5, 2),
(51, 4, 1, '2018-08-31', 3, 7, 3, 2, 1, 5, 2),
(52, 4, 1, '2018-08-31', 3, 7, 4, 2, 1, 5, 2),
(53, 4, 1, '2018-08-31', 2, 7, 5, 2, 1, 5, 1),
(54, 4, 1, '2018-08-31', 3, 7, 6, 2, 1, 5, 2),
(55, 4, 2, '2018-08-31', 2, 7, 1, 2, 1, 5, 1),
(56, 4, 2, '2018-08-31', 1, 7, 2, 2, 1, 5, 1),
(57, 4, 2, '2018-08-31', 1, 7, 3, 2, 1, 5, 1),
(58, 4, 2, '2018-08-31', 1, 7, 4, 2, 1, 5, 1),
(59, 4, 2, '2018-08-31', 1, 7, 5, 2, 1, 5, 1),
(60, 4, 2, '2018-08-31', 1, 7, 6, 2, 1, 5, 1),
(61, 4, 3, '2018-08-31', 2, 7, 1, 2, 1, 5, 0),
(62, 4, 3, '2018-08-31', 1, 7, 2, 2, 1, 5, 1),
(63, 4, 3, '2018-08-31', 1, 7, 3, 2, 1, 5, 1),
(64, 4, 3, '2018-08-31', 1, 7, 4, 2, 1, 5, 1),
(65, 4, 3, '2018-08-31', 1, 7, 5, 2, 1, 5, 1),
(66, 4, 3, '2018-08-31', 3, 7, 6, 2, 1, 5, 2),
(67, 4, 4, '2018-08-31', 2, 7, 1, 2, 1, 5, 0),
(68, 4, 4, '2018-08-31', 1, 7, 2, 2, 1, 5, 1),
(69, 4, 4, '2018-08-31', 1, 7, 3, 2, 1, 5, 1),
(70, 4, 4, '2018-08-31', 1, 7, 4, 2, 1, 5, 1),
(71, 4, 4, '2018-08-31', 1, 7, 5, 2, 1, 5, 1),
(72, 4, 4, '2018-08-31', 1, 7, 6, 2, 1, 5, 1);

--
-- Indexes for dumped tables
--

--
-- Indexes for table `academic_settings`
--
ALTER TABLE `academic_settings`
  ADD PRIMARY KEY (`settings_id`);

--
-- Indexes for table `academic_syllabus`
--
ALTER TABLE `academic_syllabus`
  ADD PRIMARY KEY (`academic_syllabus_id`);

--
-- Indexes for table `admin`
--
ALTER TABLE `admin`
  ADD PRIMARY KEY (`admin_id`);

--
-- Indexes for table `answers`
--
ALTER TABLE `answers`
  ADD PRIMARY KEY (`aid`);

--
-- Indexes for table `attendance`
--
ALTER TABLE `attendance`
  ADD PRIMARY KEY (`attendance_id`);

--
-- Indexes for table `attendance_backup`
--
ALTER TABLE `attendance_backup`
  ADD PRIMARY KEY (`attendance_id`);

--
-- Indexes for table `book`
--
ALTER TABLE `book`
  ADD PRIMARY KEY (`book_id`);

--
-- Indexes for table `ci_sessions`
--
ALTER TABLE `ci_sessions`
  ADD PRIMARY KEY (`id`),
  ADD KEY `ci_sessions_timestamp` (`timestamp`);

--
-- Indexes for table `class`
--
ALTER TABLE `class`
  ADD PRIMARY KEY (`class_id`);

--
-- Indexes for table `class_routine`
--
ALTER TABLE `class_routine`
  ADD PRIMARY KEY (`class_routine_id`);

--
-- Indexes for table `common_user`
--
ALTER TABLE `common_user`
  ADD PRIMARY KEY (`common_user_id`);

--
-- Indexes for table `compartment`
--
ALTER TABLE `compartment`
  ADD PRIMARY KEY (`compartment_id`);

--
-- Indexes for table `coordinator`
--
ALTER TABLE `coordinator`
  ADD PRIMARY KEY (`coordinator_id`);

--
-- Indexes for table `course`
--
ALTER TABLE `course`
  ADD PRIMARY KEY (`course_id`);

--
-- Indexes for table `course_mapping`
--
ALTER TABLE `course_mapping`
  ADD PRIMARY KEY (`ctm_id`);

--
-- Indexes for table `course_student_setting`
--
ALTER TABLE `course_student_setting`
  ADD PRIMARY KEY (`mapping_id`);

--
-- Indexes for table `document`
--
ALTER TABLE `document`
  ADD PRIMARY KEY (`document_id`);

--
-- Indexes for table `documents`
--
ALTER TABLE `documents`
  ADD PRIMARY KEY (`document_id`);

--
-- Indexes for table `dormitory`
--
ALTER TABLE `dormitory`
  ADD PRIMARY KEY (`dormitory_id`);

--
-- Indexes for table `enroll`
--
ALTER TABLE `enroll`
  ADD PRIMARY KEY (`enroll_id`);

--
-- Indexes for table `events`
--
ALTER TABLE `events`
  ADD PRIMARY KEY (`event_id`);

--
-- Indexes for table `exam`
--
ALTER TABLE `exam`
  ADD PRIMARY KEY (`exam_id`);

--
-- Indexes for table `exams`
--
ALTER TABLE `exams`
  ADD PRIMARY KEY (`exam_id`);

--
-- Indexes for table `exam_question_sets`
--
ALTER TABLE `exam_question_sets`
  ADD PRIMARY KEY (`id`);

--
-- Indexes for table `expense_category`
--
ALTER TABLE `expense_category`
  ADD PRIMARY KEY (`expense_category_id`);

--
-- Indexes for table `forum`
--
ALTER TABLE `forum`
  ADD PRIMARY KEY (`post_id`);

--
-- Indexes for table `forum_message`
--
ALTER TABLE `forum_message`
  ADD PRIMARY KEY (`message_id`);

--
-- Indexes for table `gallery_album`
--
ALTER TABLE `gallery_album`
  ADD PRIMARY KEY (`image_id`);

--
-- Indexes for table `gallery_category`
--
ALTER TABLE `gallery_category`
  ADD PRIMARY KEY (`category_id`);

--
-- Indexes for table `hod`
--
ALTER TABLE `hod`
  ADD PRIMARY KEY (`hod_id`);

--
-- Indexes for table `homework`
--
ALTER TABLE `homework`
  ADD PRIMARY KEY (`homework_id`);

--
-- Indexes for table `horarios_examenes`
--
ALTER TABLE `horarios_examenes`
  ADD PRIMARY KEY (`horario_id`);

--
-- Indexes for table `invoice`
--
ALTER TABLE `invoice`
  ADD PRIMARY KEY (`invoice_id`);

--
-- Indexes for table `language`
--
ALTER TABLE `language`
  ADD PRIMARY KEY (`phrase_id`);

--
-- Indexes for table `libreria`
--
ALTER TABLE `libreria`
  ADD PRIMARY KEY (`libro_id`);

--
-- Indexes for table `mark`
--
ALTER TABLE `mark`
  ADD PRIMARY KEY (`mark_id`);

--
-- Indexes for table `mensaje_reporte`
--
ALTER TABLE `mensaje_reporte`
  ADD PRIMARY KEY (`news_message_id`);

--
-- Indexes for table `message`
--
ALTER TABLE `message`
  ADD PRIMARY KEY (`message_id`);

--
-- Indexes for table `message_thread`
--
ALTER TABLE `message_thread`
  ADD PRIMARY KEY (`message_thread_id`);

--
-- Indexes for table `news`
--
ALTER TABLE `news`
  ADD PRIMARY KEY (`news_id`);

--
-- Indexes for table `news_teacher`
--
ALTER TABLE `news_teacher`
  ADD PRIMARY KEY (`notice_id`);

--
-- Indexes for table `notice_message`
--
ALTER TABLE `notice_message`
  ADD PRIMARY KEY (`notice_message_id`);

--
-- Indexes for table `online_exam`
--
ALTER TABLE `online_exam`
  ADD PRIMARY KEY (`exam_id`);

--
-- Indexes for table `online_exam_questions`
--
ALTER TABLE `online_exam_questions`
  ADD PRIMARY KEY (`exam_question_id`);

--
-- Indexes for table `pages`
--
ALTER TABLE `pages`
  ADD PRIMARY KEY (`page_id`);

--
-- Indexes for table `payment`
--
ALTER TABLE `payment`
  ADD PRIMARY KEY (`payment_id`);

--
-- Indexes for table `poa`
--
ALTER TABLE `poa`
  ADD PRIMARY KEY (`id_poa`);

--
-- Indexes for table `principal`
--
ALTER TABLE `principal`
  ADD PRIMARY KEY (`principal_id`);

--
-- Indexes for table `questions`
--
ALTER TABLE `questions`
  ADD PRIMARY KEY (`question_id`);

--
-- Indexes for table `question_bank`
--
ALTER TABLE `question_bank`
  ADD PRIMARY KEY (`qb_id`);

--
-- Indexes for table `question_level`
--
ALTER TABLE `question_level`
  ADD PRIMARY KEY (`level_id`);

--
-- Indexes for table `question_type`
--
ALTER TABLE `question_type`
  ADD PRIMARY KEY (`type_id`);

--
-- Indexes for table `quiz_question`
--
ALTER TABLE `quiz_question`
  ADD PRIMARY KEY (`question_id`);

--
-- Indexes for table `reference_notes`
--
ALTER TABLE `reference_notes`
  ADD PRIMARY KEY (`notes_id`);

--
-- Indexes for table `reporte_alumnos`
--
ALTER TABLE `reporte_alumnos`
  ADD PRIMARY KEY (`report_id`);

--
-- Indexes for table `reporte_mensaje`
--
ALTER TABLE `reporte_mensaje`
  ADD PRIMARY KEY (`report_message_id`);

--
-- Indexes for table `request`
--
ALTER TABLE `request`
  ADD PRIMARY KEY (`request_id`);

--
-- Indexes for table `result`
--
ALTER TABLE `result`
  ADD PRIMARY KEY (`rid`);

--
-- Indexes for table `schools`
--
ALTER TABLE `schools`
  ADD PRIMARY KEY (`school_id`);

--
-- Indexes for table `section`
--
ALTER TABLE `section`
  ADD PRIMARY KEY (`section_id`);

--
-- Indexes for table `settings`
--
ALTER TABLE `settings`
  ADD PRIMARY KEY (`settings_id`);

--
-- Indexes for table `student`
--
ALTER TABLE `student`
  ADD PRIMARY KEY (`student_id`);

--
-- Indexes for table `students_request`
--
ALTER TABLE `students_request`
  ADD PRIMARY KEY (`request_id`);

--
-- Indexes for table `student_exam`
--
ALTER TABLE `student_exam`
  ADD PRIMARY KEY (`exam_id`);

--
-- Indexes for table `student_group`
--
ALTER TABLE `student_group`
  ADD PRIMARY KEY (`group_id`);

--
-- Indexes for table `subject`
--
ALTER TABLE `subject`
  ADD PRIMARY KEY (`subject_id`);

--
-- Indexes for table `sub_topic`
--
ALTER TABLE `sub_topic`
  ADD PRIMARY KEY (`sub_topic_id`);

--
-- Indexes for table `ticket`
--
ALTER TABLE `ticket`
  ADD PRIMARY KEY (`ticket_id`);

--
-- Indexes for table `ticket_message`
--
ALTER TABLE `ticket_message`
  ADD PRIMARY KEY (`ticket_message_id`);

--
-- Indexes for table `topic`
--
ALTER TABLE `topic`
  ADD PRIMARY KEY (`topic_id`);

--
-- Indexes for table `transport`
--
ALTER TABLE `transport`
  ADD PRIMARY KEY (`transport_id`);

--
-- Indexes for table `vbc_approve_notes`
--
ALTER TABLE `vbc_approve_notes`
  ADD PRIMARY KEY (`approve_id`);

--
-- Indexes for table `vbc_notes`
--
ALTER TABLE `vbc_notes`
  ADD PRIMARY KEY (`notes_id`);

--
-- AUTO_INCREMENT for dumped tables
--

--
-- AUTO_INCREMENT for table `academic_settings`
--
ALTER TABLE `academic_settings`
  MODIFY `settings_id` int(11) NOT NULL AUTO_INCREMENT, AUTO_INCREMENT=25;

--
-- AUTO_INCREMENT for table `academic_syllabus`
--
ALTER TABLE `academic_syllabus`
  MODIFY `academic_syllabus_id` int(11) NOT NULL AUTO_INCREMENT, AUTO_INCREMENT=11;

--
-- AUTO_INCREMENT for table `admin`
--
ALTER TABLE `admin`
  MODIFY `admin_id` int(11) NOT NULL AUTO_INCREMENT, AUTO_INCREMENT=46;

--
-- AUTO_INCREMENT for table `answers`
--
ALTER TABLE `answers`
  MODIFY `aid` int(11) NOT NULL AUTO_INCREMENT, AUTO_INCREMENT=193137;

--
-- AUTO_INCREMENT for table `attendance`
--
ALTER TABLE `attendance`
  MODIFY `attendance_id` int(11) NOT NULL AUTO_INCREMENT, AUTO_INCREMENT=7;

--
-- AUTO_INCREMENT for table `attendance_backup`
--
ALTER TABLE `attendance_backup`
  MODIFY `attendance_id` int(11) NOT NULL AUTO_INCREMENT;

--
-- AUTO_INCREMENT for table `book`
--
ALTER TABLE `book`
  MODIFY `book_id` int(11) NOT NULL AUTO_INCREMENT;

--
-- AUTO_INCREMENT for table `class`
--
ALTER TABLE `class`
  MODIFY `class_id` int(11) NOT NULL AUTO_INCREMENT, AUTO_INCREMENT=14;

--
-- AUTO_INCREMENT for table `class_routine`
--
ALTER TABLE `class_routine`
  MODIFY `class_routine_id` int(11) NOT NULL AUTO_INCREMENT, AUTO_INCREMENT=4;

--
-- AUTO_INCREMENT for table `common_user`
--
ALTER TABLE `common_user`
  MODIFY `common_user_id` int(11) NOT NULL AUTO_INCREMENT, AUTO_INCREMENT=46;

--
-- AUTO_INCREMENT for table `compartment`
--
ALTER TABLE `compartment`
  MODIFY `compartment_id` bigint(20) NOT NULL AUTO_INCREMENT, AUTO_INCREMENT=7;

--
-- AUTO_INCREMENT for table `coordinator`
--
ALTER TABLE `coordinator`
  MODIFY `coordinator_id` int(11) NOT NULL AUTO_INCREMENT, AUTO_INCREMENT=7;

--
-- AUTO_INCREMENT for table `course`
--
ALTER TABLE `course`
  MODIFY `course_id` bigint(20) NOT NULL AUTO_INCREMENT, AUTO_INCREMENT=12;

--
-- AUTO_INCREMENT for table `course_mapping`
--
ALTER TABLE `course_mapping`
  MODIFY `ctm_id` bigint(20) NOT NULL AUTO_INCREMENT, AUTO_INCREMENT=6;

--
-- AUTO_INCREMENT for table `course_student_setting`
--
ALTER TABLE `course_student_setting`
  MODIFY `mapping_id` bigint(20) NOT NULL AUTO_INCREMENT, AUTO_INCREMENT=2;

--
-- AUTO_INCREMENT for table `document`
--
ALTER TABLE `document`
  MODIFY `document_id` int(11) NOT NULL AUTO_INCREMENT, AUTO_INCREMENT=14;

--
-- AUTO_INCREMENT for table `documents`
--
ALTER TABLE `documents`
  MODIFY `document_id` bigint(20) NOT NULL AUTO_INCREMENT, AUTO_INCREMENT=5;

--
-- AUTO_INCREMENT for table `dormitory`
--
ALTER TABLE `dormitory`
  MODIFY `dormitory_id` int(11) NOT NULL AUTO_INCREMENT, AUTO_INCREMENT=22;

--
-- AUTO_INCREMENT for table `enroll`
--
ALTER TABLE `enroll`
  MODIFY `enroll_id` int(11) NOT NULL AUTO_INCREMENT, AUTO_INCREMENT=10;

--
-- AUTO_INCREMENT for table `events`
--
ALTER TABLE `events`
  MODIFY `event_id` int(11) NOT NULL AUTO_INCREMENT, AUTO_INCREMENT=2;

--
-- AUTO_INCREMENT for table `exam`
--
ALTER TABLE `exam`
  MODIFY `exam_id` int(11) NOT NULL AUTO_INCREMENT, AUTO_INCREMENT=2;

--
-- AUTO_INCREMENT for table `exams`
--
ALTER TABLE `exams`
  MODIFY `exam_id` int(11) NOT NULL AUTO_INCREMENT;

--
-- AUTO_INCREMENT for table `exam_question_sets`
--
ALTER TABLE `exam_question_sets`
  MODIFY `id` bigint(20) NOT NULL AUTO_INCREMENT, AUTO_INCREMENT=8;

--
-- AUTO_INCREMENT for table `expense_category`
--
ALTER TABLE `expense_category`
  MODIFY `expense_category_id` int(11) NOT NULL AUTO_INCREMENT;

--
-- AUTO_INCREMENT for table `forum`
--
ALTER TABLE `forum`
  MODIFY `post_id` int(11) NOT NULL AUTO_INCREMENT;

--
-- AUTO_INCREMENT for table `forum_message`
--
ALTER TABLE `forum_message`
  MODIFY `message_id` int(11) NOT NULL AUTO_INCREMENT;

--
-- AUTO_INCREMENT for table `gallery_album`
--
ALTER TABLE `gallery_album`
  MODIFY `image_id` int(11) NOT NULL AUTO_INCREMENT;

--
-- AUTO_INCREMENT for table `gallery_category`
--
ALTER TABLE `gallery_category`
  MODIFY `category_id` int(11) NOT NULL AUTO_INCREMENT;

--
-- AUTO_INCREMENT for table `hod`
--
ALTER TABLE `hod`
  MODIFY `hod_id` bigint(11) NOT NULL AUTO_INCREMENT, AUTO_INCREMENT=5;

--
-- AUTO_INCREMENT for table `homework`
--
ALTER TABLE `homework`
  MODIFY `homework_id` int(11) NOT NULL AUTO_INCREMENT, AUTO_INCREMENT=3;

--
-- AUTO_INCREMENT for table `horarios_examenes`
--
ALTER TABLE `horarios_examenes`
  MODIFY `horario_id` int(11) NOT NULL AUTO_INCREMENT;

--
-- AUTO_INCREMENT for table `invoice`
--
ALTER TABLE `invoice`
  MODIFY `invoice_id` int(11) NOT NULL AUTO_INCREMENT, AUTO_INCREMENT=40;

--
-- AUTO_INCREMENT for table `language`
--
ALTER TABLE `language`
  MODIFY `phrase_id` int(11) NOT NULL AUTO_INCREMENT, AUTO_INCREMENT=6777;

--
-- AUTO_INCREMENT for table `libreria`
--
ALTER TABLE `libreria`
  MODIFY `libro_id` int(11) NOT NULL AUTO_INCREMENT;

--
-- AUTO_INCREMENT for table `mark`
--
ALTER TABLE `mark`
  MODIFY `mark_id` int(11) NOT NULL AUTO_INCREMENT, AUTO_INCREMENT=2;

--
-- AUTO_INCREMENT for table `mensaje_reporte`
--
ALTER TABLE `mensaje_reporte`
  MODIFY `news_message_id` int(11) NOT NULL AUTO_INCREMENT;

--
-- AUTO_INCREMENT for table `message`
--
ALTER TABLE `message`
  MODIFY `message_id` int(11) NOT NULL AUTO_INCREMENT, AUTO_INCREMENT=71;

--
-- AUTO_INCREMENT for table `message_thread`
--
ALTER TABLE `message_thread`
  MODIFY `message_thread_id` int(11) NOT NULL AUTO_INCREMENT, AUTO_INCREMENT=35;

--
-- AUTO_INCREMENT for table `news`
--
ALTER TABLE `news`
  MODIFY `news_id` int(11) NOT NULL AUTO_INCREMENT, AUTO_INCREMENT=45;

--
-- AUTO_INCREMENT for table `news_teacher`
--
ALTER TABLE `news_teacher`
  MODIFY `notice_id` int(11) NOT NULL AUTO_INCREMENT;

--
-- AUTO_INCREMENT for table `notice_message`
--
ALTER TABLE `notice_message`
  MODIFY `notice_message_id` int(11) NOT NULL AUTO_INCREMENT;

--
-- AUTO_INCREMENT for table `online_exam`
--
ALTER TABLE `online_exam`
  MODIFY `exam_id` bigint(20) NOT NULL AUTO_INCREMENT, AUTO_INCREMENT=3;

--
-- AUTO_INCREMENT for table `online_exam_questions`
--
ALTER TABLE `online_exam_questions`
  MODIFY `exam_question_id` bigint(20) NOT NULL AUTO_INCREMENT;

--
-- AUTO_INCREMENT for table `pages`
--
ALTER TABLE `pages`
  MODIFY `page_id` int(11) NOT NULL AUTO_INCREMENT;

--
-- AUTO_INCREMENT for table `payment`
--
ALTER TABLE `payment`
  MODIFY `payment_id` int(11) NOT NULL AUTO_INCREMENT, AUTO_INCREMENT=49;

--
-- AUTO_INCREMENT for table `poa`
--
ALTER TABLE `poa`
  MODIFY `id_poa` int(11) NOT NULL AUTO_INCREMENT, AUTO_INCREMENT=2;

--
-- AUTO_INCREMENT for table `principal`
--
ALTER TABLE `principal`
  MODIFY `principal_id` int(11) NOT NULL AUTO_INCREMENT, AUTO_INCREMENT=5;

--
-- AUTO_INCREMENT for table `questions`
--
ALTER TABLE `questions`
  MODIFY `question_id` int(11) NOT NULL AUTO_INCREMENT, AUTO_INCREMENT=183;

--
-- AUTO_INCREMENT for table `question_bank`
--
ALTER TABLE `question_bank`
  MODIFY `qb_id` bigint(20) NOT NULL AUTO_INCREMENT, AUTO_INCREMENT=4;

--
-- AUTO_INCREMENT for table `question_level`
--
ALTER TABLE `question_level`
  MODIFY `level_id` bigint(20) NOT NULL AUTO_INCREMENT, AUTO_INCREMENT=8;

--
-- AUTO_INCREMENT for table `question_type`
--
ALTER TABLE `question_type`
  MODIFY `type_id` int(11) NOT NULL AUTO_INCREMENT, AUTO_INCREMENT=3;

--
-- AUTO_INCREMENT for table `quiz_question`
--
ALTER TABLE `quiz_question`
  MODIFY `question_id` bigint(20) NOT NULL AUTO_INCREMENT;

--
-- AUTO_INCREMENT for table `reference_notes`
--
ALTER TABLE `reference_notes`
  MODIFY `notes_id` bigint(20) NOT NULL AUTO_INCREMENT, AUTO_INCREMENT=14;

--
-- AUTO_INCREMENT for table `reporte_alumnos`
--
ALTER TABLE `reporte_alumnos`
  MODIFY `report_id` int(11) NOT NULL AUTO_INCREMENT;

--
-- AUTO_INCREMENT for table `reporte_mensaje`
--
ALTER TABLE `reporte_mensaje`
  MODIFY `report_message_id` int(11) NOT NULL AUTO_INCREMENT;

--
-- AUTO_INCREMENT for table `request`
--
ALTER TABLE `request`
  MODIFY `request_id` int(11) NOT NULL AUTO_INCREMENT, AUTO_INCREMENT=3;

--
-- AUTO_INCREMENT for table `result`
--
ALTER TABLE `result`
  MODIFY `rid` int(11) NOT NULL AUTO_INCREMENT, AUTO_INCREMENT=49;

--
-- AUTO_INCREMENT for table `schools`
--
ALTER TABLE `schools`
  MODIFY `school_id` bigint(20) NOT NULL AUTO_INCREMENT, AUTO_INCREMENT=4;

--
-- AUTO_INCREMENT for table `section`
--
ALTER TABLE `section`
  MODIFY `section_id` int(11) NOT NULL AUTO_INCREMENT, AUTO_INCREMENT=54;

--
-- AUTO_INCREMENT for table `settings`
--
ALTER TABLE `settings`
  MODIFY `settings_id` int(11) NOT NULL AUTO_INCREMENT, AUTO_INCREMENT=30;

--
-- AUTO_INCREMENT for table `student`
--
ALTER TABLE `student`
  MODIFY `student_id` int(11) NOT NULL AUTO_INCREMENT, AUTO_INCREMENT=251;

--
-- AUTO_INCREMENT for table `students_request`
--
ALTER TABLE `students_request`
  MODIFY `request_id` int(11) NOT NULL AUTO_INCREMENT;

--
-- AUTO_INCREMENT for table `student_exam`
--
ALTER TABLE `student_exam`
  MODIFY `exam_id` int(11) NOT NULL AUTO_INCREMENT;

--
-- AUTO_INCREMENT for table `student_group`
--
ALTER TABLE `student_group`
  MODIFY `group_id` bigint(20) NOT NULL AUTO_INCREMENT, AUTO_INCREMENT=6;

--
-- AUTO_INCREMENT for table `subject`
--
ALTER TABLE `subject`
  MODIFY `subject_id` int(11) NOT NULL AUTO_INCREMENT, AUTO_INCREMENT=17;

--
-- AUTO_INCREMENT for table `sub_topic`
--
ALTER TABLE `sub_topic`
  MODIFY `sub_topic_id` int(11) NOT NULL AUTO_INCREMENT, AUTO_INCREMENT=25;

--
-- AUTO_INCREMENT for table `ticket`
--
ALTER TABLE `ticket`
  MODIFY `ticket_id` int(11) NOT NULL AUTO_INCREMENT, AUTO_INCREMENT=18;

--
-- AUTO_INCREMENT for table `ticket_message`
--
ALTER TABLE `ticket_message`
  MODIFY `ticket_message_id` int(11) NOT NULL AUTO_INCREMENT, AUTO_INCREMENT=17;

--
-- AUTO_INCREMENT for table `topic`
--
ALTER TABLE `topic`
  MODIFY `topic_id` int(11) NOT NULL AUTO_INCREMENT, AUTO_INCREMENT=20;

--
-- AUTO_INCREMENT for table `transport`
--
ALTER TABLE `transport`
  MODIFY `transport_id` int(11) NOT NULL AUTO_INCREMENT, AUTO_INCREMENT=17;

--
-- AUTO_INCREMENT for table `vbc_approve_notes`
--
ALTER TABLE `vbc_approve_notes`
  MODIFY `approve_id` int(11) NOT NULL AUTO_INCREMENT, AUTO_INCREMENT=2;

--
-- AUTO_INCREMENT for table `vbc_notes`
--
ALTER TABLE `vbc_notes`
  MODIFY `notes_id` bigint(20) NOT NULL AUTO_INCREMENT, AUTO_INCREMENT=73;
COMMIT;

/*!40101 SET CHARACTER_SET_CLIENT=@OLD_CHARACTER_SET_CLIENT */;
/*!40101 SET CHARACTER_SET_RESULTS=@OLD_CHARACTER_SET_RESULTS */;
/*!40101 SET COLLATION_CONNECTION=@OLD_COLLATION_CONNECTION */;
